"","cause_type","create_time","dataset","drop","causal_strength","finish_time","if_bugs","if_finish","if_writeDown","imc_click","imc_sports","task_id","condition_index","effect_type","cause_num","effect_num","rel_type","intvn"
"1","c1","10/1/21 13:23","three_pos_10_2_0_12.csv",0,2,"10/1/21 13:48","0","Finish","0",1,"","cysyEA7qmqITJaQ50CGy",2,"e1",1,1,"veridical","2"
"2","c2","10/1/21 13:23","three_pos_10_2_0_12.csv",0,7,"10/1/21 13:48","0","Finish","0",1,"","cysyEA7qmqITJaQ50CGy",2,"e1",2,1,"nonVeridical","1"
"3","c3","10/1/21 13:23","three_pos_10_2_0_12.csv",0,7,"10/1/21 13:48","0","Finish","0",1,"","cysyEA7qmqITJaQ50CGy",2,"e1",3,1,"nonVeridical","0"
"4","c1","10/1/21 13:23","three_pos_10_2_0_12.csv",0,5,"10/1/21 13:48","0","Finish","0",1,"","cysyEA7qmqITJaQ50CGy",2,"e2",1,2,"nonVeridical","2"
"5","c2","10/1/21 13:23","three_pos_10_2_0_12.csv",0,3,"10/1/21 13:48","0","Finish","0",1,"","cysyEA7qmqITJaQ50CGy",2,"e2",2,2,"veridical","1"
"6","c3","10/1/21 13:23","three_pos_10_2_0_12.csv",0,3,"10/1/21 13:48","0","Finish","0",1,"","cysyEA7qmqITJaQ50CGy",2,"e2",3,2,"nonVeridical","0"
"7","c1","10/1/21 13:23","three_pos_10_2_0_12.csv",0,3,"10/1/21 13:48","0","Finish","0",1,"","cysyEA7qmqITJaQ50CGy",2,"e3",1,3,"nonVeridical","2"
"8","c2","10/1/21 13:23","three_pos_10_2_0_12.csv",0,4,"10/1/21 13:48","0","Finish","0",1,"","cysyEA7qmqITJaQ50CGy",2,"e3",2,3,"nonVeridical","1"
"9","c3","10/1/21 13:23","three_pos_10_2_0_12.csv",0,5,"10/1/21 13:48","0","Finish","0",1,"","cysyEA7qmqITJaQ50CGy",2,"e3",3,3,"veridical","0"
"10","c2","10/1/21 13:23","three_pos_10_2_0_12.csv",0,2,"10/1/21 13:45","0","Finish","0",1,"","KwWla3Y6SYwWyFfxK2OR",1,"e1",2,1,"nonVeridical","1"
"11","c1","10/1/21 13:23","three_pos_10_2_0_12.csv",0,8,"10/1/21 13:45","0","Finish","0",1,"","KwWla3Y6SYwWyFfxK2OR",1,"e1",1,1,"veridical","2"
"12","c3","10/1/21 13:23","three_pos_10_2_0_12.csv",0,10,"10/1/21 13:45","0","Finish","0",1,"","KwWla3Y6SYwWyFfxK2OR",1,"e1",3,1,"nonVeridical","0"
"13","c2","10/1/21 13:23","three_pos_10_2_0_12.csv",0,9,"10/1/21 13:45","0","Finish","0",1,"","KwWla3Y6SYwWyFfxK2OR",1,"e2",2,2,"veridical","1"
"14","c1","10/1/21 13:23","three_pos_10_2_0_12.csv",0,0,"10/1/21 13:45","0","Finish","0",1,"","KwWla3Y6SYwWyFfxK2OR",1,"e2",1,2,"nonVeridical","2"
"15","c3","10/1/21 13:23","three_pos_10_2_0_12.csv",0,0,"10/1/21 13:45","0","Finish","0",1,"","KwWla3Y6SYwWyFfxK2OR",1,"e2",3,2,"nonVeridical","0"
"16","c2","10/1/21 13:23","three_pos_10_2_0_12.csv",0,0,"10/1/21 13:45","0","Finish","0",1,"","KwWla3Y6SYwWyFfxK2OR",1,"e3",2,3,"nonVeridical","1"
"17","c1","10/1/21 13:23","three_pos_10_2_0_12.csv",0,0,"10/1/21 13:45","0","Finish","0",1,"","KwWla3Y6SYwWyFfxK2OR",1,"e3",1,3,"nonVeridical","2"
"18","c3","10/1/21 13:23","three_pos_10_2_0_12.csv",0,10,"10/1/21 13:45","0","Finish","0",1,"","KwWla3Y6SYwWyFfxK2OR",1,"e3",3,3,"veridical","0"
"19","c2","10/1/21 13:24","three_pos_10_2_0_12.csv",0,4,"10/1/21 14:13","0","Finish","0",0,"notlist","DdiXNfbMJEadUnV6pGJz",3,"e1",2,1,"nonVeridical","1"
"20","c1","10/1/21 13:24","three_pos_10_2_0_12.csv",0,5,"10/1/21 14:13","0","Finish","0",0,"notlist","DdiXNfbMJEadUnV6pGJz",3,"e1",1,1,"veridical","2"
"21","c3","10/1/21 13:24","three_pos_10_2_0_12.csv",0,4,"10/1/21 14:13","0","Finish","0",0,"notlist","DdiXNfbMJEadUnV6pGJz",3,"e1",3,1,"nonVeridical","0"
"22","c2","10/1/21 13:24","three_pos_10_2_0_12.csv",0,4,"10/1/21 14:13","0","Finish","0",0,"notlist","DdiXNfbMJEadUnV6pGJz",3,"e2",2,2,"veridical","1"
"23","c1","10/1/21 13:24","three_pos_10_2_0_12.csv",0,5,"10/1/21 14:13","0","Finish","0",0,"notlist","DdiXNfbMJEadUnV6pGJz",3,"e2",1,2,"nonVeridical","2"
"24","c3","10/1/21 13:24","three_pos_10_2_0_12.csv",0,5,"10/1/21 14:13","0","Finish","0",0,"notlist","DdiXNfbMJEadUnV6pGJz",3,"e2",3,2,"nonVeridical","0"
"25","c2","10/1/21 13:24","three_pos_10_2_0_12.csv",0,5,"10/1/21 14:13","0","Finish","0",0,"notlist","DdiXNfbMJEadUnV6pGJz",3,"e3",2,3,"nonVeridical","1"
"26","c1","10/1/21 13:24","three_pos_10_2_0_12.csv",0,5,"10/1/21 14:13","0","Finish","0",0,"notlist","DdiXNfbMJEadUnV6pGJz",3,"e3",1,3,"nonVeridical","2"
"27","c3","10/1/21 13:24","three_pos_10_2_0_12.csv",0,5,"10/1/21 14:13","0","Finish","0",0,"notlist","DdiXNfbMJEadUnV6pGJz",3,"e3",3,3,"veridical","0"
"28","c2","10/1/21 13:25","three_pos_9_3_3_9.csv",0,2,"10/1/21 13:45","0","Finish","0",1,"","VaAMMLLzvXegWkHLji9t",2,"e1",2,1,"nonVeridical","1"
"29","c1","10/1/21 13:25","three_pos_9_3_3_9.csv",0,4,"10/1/21 13:45","0","Finish","0",1,"","VaAMMLLzvXegWkHLji9t",2,"e1",1,1,"veridical","2"
"30","c3","10/1/21 13:25","three_pos_9_3_3_9.csv",0,3,"10/1/21 13:45","0","Finish","0",1,"","VaAMMLLzvXegWkHLji9t",2,"e1",3,1,"nonVeridical","0"
"31","c2","10/1/21 13:25","three_pos_9_3_3_9.csv",0,5,"10/1/21 13:45","0","Finish","0",1,"","VaAMMLLzvXegWkHLji9t",2,"e2",2,2,"veridical","1"
"32","c1","10/1/21 13:25","three_pos_9_3_3_9.csv",0,6,"10/1/21 13:45","0","Finish","0",1,"","VaAMMLLzvXegWkHLji9t",2,"e2",1,2,"nonVeridical","2"
"33","c3","10/1/21 13:25","three_pos_9_3_3_9.csv",0,8,"10/1/21 13:45","0","Finish","0",1,"","VaAMMLLzvXegWkHLji9t",2,"e2",3,2,"nonVeridical","0"
"34","c2","10/1/21 13:25","three_pos_9_3_3_9.csv",0,5,"10/1/21 13:45","0","Finish","0",1,"","VaAMMLLzvXegWkHLji9t",2,"e3",2,3,"nonVeridical","1"
"35","c1","10/1/21 13:25","three_pos_9_3_3_9.csv",0,3,"10/1/21 13:45","0","Finish","0",1,"","VaAMMLLzvXegWkHLji9t",2,"e3",1,3,"nonVeridical","2"
"36","c3","10/1/21 13:25","three_pos_9_3_3_9.csv",0,7,"10/1/21 13:45","0","Finish","0",1,"","VaAMMLLzvXegWkHLji9t",2,"e3",3,3,"veridical","0"
"37","c2","10/1/21 13:26","three_pos_8_4_0_12.csv",0,6,"10/1/21 13:42","0","Finish","0",1,"","vFBsOHiBWb8xsaayVg7I",2,"e1",2,1,"nonVeridical","1"
"38","c1","10/1/21 13:26","three_pos_8_4_0_12.csv",0,0,"10/1/21 13:42","0","Finish","0",1,"","vFBsOHiBWb8xsaayVg7I",2,"e1",1,1,"veridical","2"
"39","c3","10/1/21 13:26","three_pos_8_4_0_12.csv",0,8,"10/1/21 13:42","0","Finish","0",1,"","vFBsOHiBWb8xsaayVg7I",2,"e1",3,1,"nonVeridical","0"
"40","c2","10/1/21 13:26","three_pos_8_4_0_12.csv",0,6,"10/1/21 13:42","0","Finish","0",1,"","vFBsOHiBWb8xsaayVg7I",2,"e2",2,2,"veridical","1"
"41","c1","10/1/21 13:26","three_pos_8_4_0_12.csv",0,1,"10/1/21 13:42","0","Finish","0",1,"","vFBsOHiBWb8xsaayVg7I",2,"e2",1,2,"nonVeridical","2"
"42","c3","10/1/21 13:26","three_pos_8_4_0_12.csv",0,6,"10/1/21 13:42","0","Finish","0",1,"","vFBsOHiBWb8xsaayVg7I",2,"e2",3,2,"nonVeridical","0"
"43","c2","10/1/21 13:26","three_pos_8_4_0_12.csv",0,2,"10/1/21 13:42","0","Finish","0",1,"","vFBsOHiBWb8xsaayVg7I",2,"e3",2,3,"nonVeridical","1"
"44","c1","10/1/21 13:26","three_pos_8_4_0_12.csv",0,4,"10/1/21 13:42","0","Finish","0",1,"","vFBsOHiBWb8xsaayVg7I",2,"e3",1,3,"nonVeridical","2"
"45","c3","10/1/21 13:26","three_pos_8_4_0_12.csv",0,4,"10/1/21 13:42","0","Finish","0",1,"","vFBsOHiBWb8xsaayVg7I",2,"e3",3,3,"veridical","0"
"46","c2","10/1/21 13:26","three_pos_8_4_0_12.csv",0,4,"10/1/21 13:46","0","Finish","0",0,"","pcH6aUudUdF9fn9SAgKT",3,"e1",2,1,"nonVeridical","1"
"47","c1","10/1/21 13:26","three_pos_8_4_0_12.csv",0,3,"10/1/21 13:46","0","Finish","0",0,"","pcH6aUudUdF9fn9SAgKT",3,"e1",1,1,"veridical","2"
"48","c3","10/1/21 13:26","three_pos_8_4_0_12.csv",0,5,"10/1/21 13:46","0","Finish","0",0,"","pcH6aUudUdF9fn9SAgKT",3,"e1",3,1,"nonVeridical","0"
"49","c2","10/1/21 13:26","three_pos_8_4_0_12.csv",0,4,"10/1/21 13:46","0","Finish","0",0,"","pcH6aUudUdF9fn9SAgKT",3,"e2",2,2,"veridical","1"
"50","c1","10/1/21 13:26","three_pos_8_4_0_12.csv",0,5,"10/1/21 13:46","0","Finish","0",0,"","pcH6aUudUdF9fn9SAgKT",3,"e2",1,2,"nonVeridical","2"
"51","c3","10/1/21 13:26","three_pos_8_4_0_12.csv",0,5,"10/1/21 13:46","0","Finish","0",0,"","pcH6aUudUdF9fn9SAgKT",3,"e2",3,2,"nonVeridical","0"
"52","c2","10/1/21 13:26","three_pos_8_4_0_12.csv",0,3,"10/1/21 13:46","0","Finish","0",0,"","pcH6aUudUdF9fn9SAgKT",3,"e3",2,3,"nonVeridical","1"
"53","c1","10/1/21 13:26","three_pos_8_4_0_12.csv",0,4,"10/1/21 13:46","0","Finish","0",0,"","pcH6aUudUdF9fn9SAgKT",3,"e3",1,3,"nonVeridical","2"
"54","c3","10/1/21 13:26","three_pos_8_4_0_12.csv",0,5,"10/1/21 13:46","0","Finish","0",0,"","pcH6aUudUdF9fn9SAgKT",3,"e3",3,3,"veridical","0"
"55","c1","10/1/21 13:27","three_pos_8_4_0_12.csv",0,5,"10/1/21 13:39","0","Finish","0",1,"","EreFvpJ4MnMyt5GxHSpR",1,"e1",1,1,"veridical","2"
"56","c3","10/1/21 13:27","three_pos_8_4_0_12.csv",0,5,"10/1/21 13:39","0","Finish","0",1,"","EreFvpJ4MnMyt5GxHSpR",1,"e1",3,1,"nonVeridical","0"
"57","c2","10/1/21 13:27","three_pos_8_4_0_12.csv",0,7,"10/1/21 13:39","0","Finish","0",1,"","EreFvpJ4MnMyt5GxHSpR",1,"e1",2,1,"nonVeridical","1"
"58","c1","10/1/21 13:27","three_pos_8_4_0_12.csv",0,6,"10/1/21 13:39","0","Finish","0",1,"","EreFvpJ4MnMyt5GxHSpR",1,"e2",1,2,"nonVeridical","2"
"59","c3","10/1/21 13:27","three_pos_8_4_0_12.csv",0,0,"10/1/21 13:39","0","Finish","0",1,"","EreFvpJ4MnMyt5GxHSpR",1,"e2",3,2,"nonVeridical","0"
"60","c2","10/1/21 13:27","three_pos_8_4_0_12.csv",0,4,"10/1/21 13:39","0","Finish","0",1,"","EreFvpJ4MnMyt5GxHSpR",1,"e2",2,2,"veridical","1"
"61","c1","10/1/21 13:27","three_pos_8_4_0_12.csv",0,4,"10/1/21 13:39","0","Finish","0",1,"","EreFvpJ4MnMyt5GxHSpR",1,"e3",1,3,"nonVeridical","2"
"62","c3","10/1/21 13:27","three_pos_8_4_0_12.csv",0,6,"10/1/21 13:39","0","Finish","0",1,"","EreFvpJ4MnMyt5GxHSpR",1,"e3",3,3,"veridical","0"
"63","c2","10/1/21 13:27","three_pos_8_4_0_12.csv",0,6,"10/1/21 13:39","0","Finish","0",1,"","EreFvpJ4MnMyt5GxHSpR",1,"e3",2,3,"nonVeridical","1"
"64","c3","10/1/21 13:27","three_pos_8_4_0_12.csv",0,2,"10/1/21 13:36","0","Finish","0",1,"","ugShKTiwH9LVOjXTZF9n",1,"e1",3,1,"nonVeridical","0"
"65","c1","10/1/21 13:27","three_pos_8_4_0_12.csv",0,3,"10/1/21 13:36","0","Finish","0",1,"","ugShKTiwH9LVOjXTZF9n",1,"e1",1,1,"veridical","2"
"66","c2","10/1/21 13:27","three_pos_8_4_0_12.csv",0,0,"10/1/21 13:36","0","Finish","0",1,"","ugShKTiwH9LVOjXTZF9n",1,"e1",2,1,"nonVeridical","1"
"67","c3","10/1/21 13:27","three_pos_8_4_0_12.csv",0,1,"10/1/21 13:36","0","Finish","0",1,"","ugShKTiwH9LVOjXTZF9n",1,"e2",3,2,"nonVeridical","0"
"68","c1","10/1/21 13:27","three_pos_8_4_0_12.csv",0,1,"10/1/21 13:36","0","Finish","0",1,"","ugShKTiwH9LVOjXTZF9n",1,"e2",1,2,"nonVeridical","2"
"69","c2","10/1/21 13:27","three_pos_8_4_0_12.csv",0,6,"10/1/21 13:36","0","Finish","0",1,"","ugShKTiwH9LVOjXTZF9n",1,"e2",2,2,"veridical","1"
"70","c3","10/1/21 13:27","three_pos_8_4_0_12.csv",0,7,"10/1/21 13:36","0","Finish","0",1,"","ugShKTiwH9LVOjXTZF9n",1,"e3",3,3,"veridical","0"
"71","c1","10/1/21 13:27","three_pos_8_4_0_12.csv",0,0,"10/1/21 13:36","0","Finish","0",1,"","ugShKTiwH9LVOjXTZF9n",1,"e3",1,3,"nonVeridical","2"
"72","c2","10/1/21 13:27","three_pos_8_4_0_12.csv",0,1,"10/1/21 13:36","0","Finish","0",1,"","ugShKTiwH9LVOjXTZF9n",1,"e3",2,3,"nonVeridical","1"
"73","c3","10/1/21 13:28","three_pos_10_2_0_12.csv",0,4,"10/1/21 13:46","0","Finish","0",0,"running_cycling_skiing","6QLhxKUEHvBYhYgpFmGC",2,"e1",3,1,"nonVeridical","0"
"74","c1","10/1/21 13:28","three_pos_10_2_0_12.csv",0,4,"10/1/21 13:46","0","Finish","0",0,"running_cycling_skiing","6QLhxKUEHvBYhYgpFmGC",2,"e1",1,1,"veridical","2"
"75","c2","10/1/21 13:28","three_pos_10_2_0_12.csv",0,6,"10/1/21 13:46","0","Finish","0",0,"running_cycling_skiing","6QLhxKUEHvBYhYgpFmGC",2,"e1",2,1,"nonVeridical","1"
"76","c3","10/1/21 13:28","three_pos_10_2_0_12.csv",0,6,"10/1/21 13:46","0","Finish","0",0,"running_cycling_skiing","6QLhxKUEHvBYhYgpFmGC",2,"e2",3,2,"nonVeridical","0"
"77","c1","10/1/21 13:28","three_pos_10_2_0_12.csv",0,5,"10/1/21 13:46","0","Finish","0",0,"running_cycling_skiing","6QLhxKUEHvBYhYgpFmGC",2,"e2",1,2,"nonVeridical","2"
"78","c2","10/1/21 13:28","three_pos_10_2_0_12.csv",0,4,"10/1/21 13:46","0","Finish","0",0,"running_cycling_skiing","6QLhxKUEHvBYhYgpFmGC",2,"e2",2,2,"veridical","1"
"79","c3","10/1/21 13:28","three_pos_10_2_0_12.csv",0,6,"10/1/21 13:46","0","Finish","0",0,"running_cycling_skiing","6QLhxKUEHvBYhYgpFmGC",2,"e3",3,3,"veridical","0"
"80","c1","10/1/21 13:28","three_pos_10_2_0_12.csv",0,5,"10/1/21 13:46","0","Finish","0",0,"running_cycling_skiing","6QLhxKUEHvBYhYgpFmGC",2,"e3",1,3,"nonVeridical","2"
"81","c2","10/1/21 13:28","three_pos_10_2_0_12.csv",0,5,"10/1/21 13:46","0","Finish","0",0,"running_cycling_skiing","6QLhxKUEHvBYhYgpFmGC",2,"e3",2,3,"nonVeridical","1"
"82","c2","10/1/21 13:28","three_pos_8_4_0_12.csv",0,7,"10/1/21 13:40","0","Finish","0",1,"","xTk4rMDTU7vmRe5ChJjE",3,"e1",2,1,"nonVeridical","1"
"83","c3","10/1/21 13:28","three_pos_8_4_0_12.csv",0,8,"10/1/21 13:40","0","Finish","0",1,"","xTk4rMDTU7vmRe5ChJjE",3,"e1",3,1,"nonVeridical","0"
"84","c1","10/1/21 13:28","three_pos_8_4_0_12.csv",0,10,"10/1/21 13:40","0","Finish","0",1,"","xTk4rMDTU7vmRe5ChJjE",3,"e1",1,1,"veridical","2"
"85","c2","10/1/21 13:28","three_pos_8_4_0_12.csv",0,9,"10/1/21 13:40","0","Finish","0",1,"","xTk4rMDTU7vmRe5ChJjE",3,"e2",2,2,"veridical","1"
"86","c3","10/1/21 13:28","three_pos_8_4_0_12.csv",0,9,"10/1/21 13:40","0","Finish","0",1,"","xTk4rMDTU7vmRe5ChJjE",3,"e2",3,2,"nonVeridical","0"
"87","c1","10/1/21 13:28","three_pos_8_4_0_12.csv",0,9,"10/1/21 13:40","0","Finish","0",1,"","xTk4rMDTU7vmRe5ChJjE",3,"e2",1,2,"nonVeridical","2"
"88","c2","10/1/21 13:28","three_pos_8_4_0_12.csv",0,10,"10/1/21 13:40","0","Finish","0",1,"","xTk4rMDTU7vmRe5ChJjE",3,"e3",2,3,"nonVeridical","1"
"89","c3","10/1/21 13:28","three_pos_8_4_0_12.csv",0,10,"10/1/21 13:40","0","Finish","0",1,"","xTk4rMDTU7vmRe5ChJjE",3,"e3",3,3,"veridical","0"
"90","c1","10/1/21 13:28","three_pos_8_4_0_12.csv",0,8,"10/1/21 13:40","0","Finish","0",1,"","xTk4rMDTU7vmRe5ChJjE",3,"e3",1,3,"nonVeridical","2"
"91","c1","10/1/21 13:29","three_pos_9_3_3_9.csv",0,7,"10/1/21 13:44","0","Finish","0",1,"","hgOQyJIQAnySyTE5Wm2B",2,"e1",1,1,"veridical","2"
"92","c2","10/1/21 13:29","three_pos_9_3_3_9.csv",0,9,"10/1/21 13:44","0","Finish","0",1,"","hgOQyJIQAnySyTE5Wm2B",2,"e1",2,1,"nonVeridical","1"
"93","c3","10/1/21 13:29","three_pos_9_3_3_9.csv",0,8,"10/1/21 13:44","0","Finish","0",1,"","hgOQyJIQAnySyTE5Wm2B",2,"e1",3,1,"nonVeridical","0"
"94","c1","10/1/21 13:29","three_pos_9_3_3_9.csv",0,4,"10/1/21 13:44","0","Finish","0",1,"","hgOQyJIQAnySyTE5Wm2B",2,"e2",1,2,"nonVeridical","2"
"95","c2","10/1/21 13:29","three_pos_9_3_3_9.csv",0,7,"10/1/21 13:44","0","Finish","0",1,"","hgOQyJIQAnySyTE5Wm2B",2,"e2",2,2,"veridical","1"
"96","c3","10/1/21 13:29","three_pos_9_3_3_9.csv",0,8,"10/1/21 13:44","0","Finish","0",1,"","hgOQyJIQAnySyTE5Wm2B",2,"e2",3,2,"nonVeridical","0"
"97","c1","10/1/21 13:29","three_pos_9_3_3_9.csv",0,4,"10/1/21 13:44","0","Finish","0",1,"","hgOQyJIQAnySyTE5Wm2B",2,"e3",1,3,"nonVeridical","2"
"98","c2","10/1/21 13:29","three_pos_9_3_3_9.csv",0,5,"10/1/21 13:44","0","Finish","0",1,"","hgOQyJIQAnySyTE5Wm2B",2,"e3",2,3,"nonVeridical","1"
"99","c3","10/1/21 13:29","three_pos_9_3_3_9.csv",0,3,"10/1/21 13:44","0","Finish","0",1,"","hgOQyJIQAnySyTE5Wm2B",2,"e3",3,3,"veridical","0"
"100","c1","10/1/21 13:30","three_pos_10_2_0_12.csv",0,4,"10/1/21 13:44","0","Finish","0",1,"","GhtEAunRrQN8J9t8ow5m",1,"e1",1,1,"veridical","2"
"101","c2","10/1/21 13:30","three_pos_10_2_0_12.csv",0,4,"10/1/21 13:44","0","Finish","0",1,"","GhtEAunRrQN8J9t8ow5m",1,"e1",2,1,"nonVeridical","1"
"102","c3","10/1/21 13:30","three_pos_10_2_0_12.csv",0,4,"10/1/21 13:44","0","Finish","0",1,"","GhtEAunRrQN8J9t8ow5m",1,"e1",3,1,"nonVeridical","0"
"103","c1","10/1/21 13:30","three_pos_10_2_0_12.csv",0,6,"10/1/21 13:44","0","Finish","0",1,"","GhtEAunRrQN8J9t8ow5m",1,"e2",1,2,"nonVeridical","2"
"104","c2","10/1/21 13:30","three_pos_10_2_0_12.csv",0,7,"10/1/21 13:44","0","Finish","0",1,"","GhtEAunRrQN8J9t8ow5m",1,"e2",2,2,"veridical","1"
"105","c3","10/1/21 13:30","three_pos_10_2_0_12.csv",0,5,"10/1/21 13:44","0","Finish","0",1,"","GhtEAunRrQN8J9t8ow5m",1,"e2",3,2,"nonVeridical","0"
"106","c1","10/1/21 13:30","three_pos_10_2_0_12.csv",0,6,"10/1/21 13:44","0","Finish","0",1,"","GhtEAunRrQN8J9t8ow5m",1,"e3",1,3,"nonVeridical","2"
"107","c2","10/1/21 13:30","three_pos_10_2_0_12.csv",0,5,"10/1/21 13:44","0","Finish","0",1,"","GhtEAunRrQN8J9t8ow5m",1,"e3",2,3,"nonVeridical","1"
"108","c3","10/1/21 13:30","three_pos_10_2_0_12.csv",0,4,"10/1/21 13:44","0","Finish","0",1,"","GhtEAunRrQN8J9t8ow5m",1,"e3",3,3,"veridical","0"
"109","c2","10/1/21 13:30","three_pos_9_3_3_9.csv",0,7,"10/1/21 13:44","0","Finish","0",1,"","SimS0WRnqAYPrY6pXswL",3,"e1",2,1,"nonVeridical","1"
"110","c1","10/1/21 13:30","three_pos_9_3_3_9.csv",0,7,"10/1/21 13:44","0","Finish","0",1,"","SimS0WRnqAYPrY6pXswL",3,"e1",1,1,"veridical","2"
"111","c3","10/1/21 13:30","three_pos_9_3_3_9.csv",0,7,"10/1/21 13:44","0","Finish","0",1,"","SimS0WRnqAYPrY6pXswL",3,"e1",3,1,"nonVeridical","0"
"112","c2","10/1/21 13:30","three_pos_9_3_3_9.csv",0,4,"10/1/21 13:44","0","Finish","0",1,"","SimS0WRnqAYPrY6pXswL",3,"e2",2,2,"veridical","1"
"113","c1","10/1/21 13:30","three_pos_9_3_3_9.csv",0,4,"10/1/21 13:44","0","Finish","0",1,"","SimS0WRnqAYPrY6pXswL",3,"e2",1,2,"nonVeridical","2"
"114","c3","10/1/21 13:30","three_pos_9_3_3_9.csv",0,4,"10/1/21 13:44","0","Finish","0",1,"","SimS0WRnqAYPrY6pXswL",3,"e2",3,2,"nonVeridical","0"
"115","c2","10/1/21 13:30","three_pos_9_3_3_9.csv",0,8,"10/1/21 13:44","0","Finish","0",1,"","SimS0WRnqAYPrY6pXswL",3,"e3",2,3,"nonVeridical","1"
"116","c1","10/1/21 13:30","three_pos_9_3_3_9.csv",0,6,"10/1/21 13:44","0","Finish","0",1,"","SimS0WRnqAYPrY6pXswL",3,"e3",1,3,"nonVeridical","2"
"117","c3","10/1/21 13:30","three_pos_9_3_3_9.csv",0,7,"10/1/21 13:44","0","Finish","0",1,"","SimS0WRnqAYPrY6pXswL",3,"e3",3,3,"veridical","0"
"118","c3","10/1/21 13:31","three_pos_10_2_0_12.csv",0,6,"10/1/21 13:40","0","Finish","0",1,"","9msEL0ZOi5xJuY6xyIAj",3,"e1",3,1,"nonVeridical","0"
"119","c2","10/1/21 13:31","three_pos_10_2_0_12.csv",0,5,"10/1/21 13:40","0","Finish","0",1,"","9msEL0ZOi5xJuY6xyIAj",3,"e1",2,1,"nonVeridical","1"
"120","c1","10/1/21 13:31","three_pos_10_2_0_12.csv",0,5,"10/1/21 13:40","0","Finish","0",1,"","9msEL0ZOi5xJuY6xyIAj",3,"e1",1,1,"veridical","2"
"121","c3","10/1/21 13:31","three_pos_10_2_0_12.csv",0,3,"10/1/21 13:40","0","Finish","0",1,"","9msEL0ZOi5xJuY6xyIAj",3,"e2",3,2,"nonVeridical","0"
"122","c2","10/1/21 13:31","three_pos_10_2_0_12.csv",0,8,"10/1/21 13:40","0","Finish","0",1,"","9msEL0ZOi5xJuY6xyIAj",3,"e2",2,2,"veridical","1"
"123","c1","10/1/21 13:31","three_pos_10_2_0_12.csv",0,7,"10/1/21 13:40","0","Finish","0",1,"","9msEL0ZOi5xJuY6xyIAj",3,"e2",1,2,"nonVeridical","2"
"124","c3","10/1/21 13:31","three_pos_10_2_0_12.csv",0,7,"10/1/21 13:40","0","Finish","0",1,"","9msEL0ZOi5xJuY6xyIAj",3,"e3",3,3,"veridical","0"
"125","c2","10/1/21 13:31","three_pos_10_2_0_12.csv",0,7,"10/1/21 13:40","0","Finish","0",1,"","9msEL0ZOi5xJuY6xyIAj",3,"e3",2,3,"nonVeridical","1"
"126","c1","10/1/21 13:31","three_pos_10_2_0_12.csv",0,7,"10/1/21 13:40","0","Finish","0",1,"","9msEL0ZOi5xJuY6xyIAj",3,"e3",1,3,"nonVeridical","2"
"127","c2","10/1/21 13:32","three_pos_9_3_3_9.csv",0,5,"10/1/21 13:46","0","Finish","0",1,"","GWI5QQien0OkzYXOb4cM",2,"e1",2,1,"nonVeridical","1"
"128","c1","10/1/21 13:32","three_pos_9_3_3_9.csv",0,8,"10/1/21 13:46","0","Finish","0",1,"","GWI5QQien0OkzYXOb4cM",2,"e1",1,1,"veridical","2"
"129","c3","10/1/21 13:32","three_pos_9_3_3_9.csv",0,6,"10/1/21 13:46","0","Finish","0",1,"","GWI5QQien0OkzYXOb4cM",2,"e1",3,1,"nonVeridical","0"
"130","c2","10/1/21 13:32","three_pos_9_3_3_9.csv",0,5,"10/1/21 13:46","0","Finish","0",1,"","GWI5QQien0OkzYXOb4cM",2,"e2",2,2,"veridical","1"
"131","c1","10/1/21 13:32","three_pos_9_3_3_9.csv",0,4,"10/1/21 13:46","0","Finish","0",1,"","GWI5QQien0OkzYXOb4cM",2,"e2",1,2,"nonVeridical","2"
"132","c3","10/1/21 13:32","three_pos_9_3_3_9.csv",0,6,"10/1/21 13:46","0","Finish","0",1,"","GWI5QQien0OkzYXOb4cM",2,"e2",3,2,"nonVeridical","0"
"133","c2","10/1/21 13:32","three_pos_9_3_3_9.csv",0,6,"10/1/21 13:46","0","Finish","0",1,"","GWI5QQien0OkzYXOb4cM",2,"e3",2,3,"nonVeridical","1"
"134","c1","10/1/21 13:32","three_pos_9_3_3_9.csv",0,7,"10/1/21 13:46","0","Finish","0",1,"","GWI5QQien0OkzYXOb4cM",2,"e3",1,3,"nonVeridical","2"
"135","c3","10/1/21 13:32","three_pos_9_3_3_9.csv",0,4,"10/1/21 13:46","0","Finish","0",1,"","GWI5QQien0OkzYXOb4cM",2,"e3",3,3,"veridical","0"
"136","c2","10/1/21 13:32","three_pos_10_2_0_12.csv",0,10,"10/1/21 13:47","0","Finish","0",1,"","cbGgBIeAwLK06Yd7WUC0",1,"e1",2,1,"nonVeridical","1"
"137","c3","10/1/21 13:32","three_pos_10_2_0_12.csv",0,9,"10/1/21 13:47","0","Finish","0",1,"","cbGgBIeAwLK06Yd7WUC0",1,"e1",3,1,"nonVeridical","0"
"138","c1","10/1/21 13:32","three_pos_10_2_0_12.csv",0,7,"10/1/21 13:47","0","Finish","0",1,"","cbGgBIeAwLK06Yd7WUC0",1,"e1",1,1,"veridical","2"
"139","c2","10/1/21 13:32","three_pos_10_2_0_12.csv",0,3,"10/1/21 13:47","0","Finish","0",1,"","cbGgBIeAwLK06Yd7WUC0",1,"e2",2,2,"veridical","1"
"140","c3","10/1/21 13:32","three_pos_10_2_0_12.csv",0,9,"10/1/21 13:47","0","Finish","0",1,"","cbGgBIeAwLK06Yd7WUC0",1,"e2",3,2,"nonVeridical","0"
"141","c1","10/1/21 13:32","three_pos_10_2_0_12.csv",0,4,"10/1/21 13:47","0","Finish","0",1,"","cbGgBIeAwLK06Yd7WUC0",1,"e2",1,2,"nonVeridical","2"
"142","c2","10/1/21 13:32","three_pos_10_2_0_12.csv",0,6,"10/1/21 13:47","0","Finish","0",1,"","cbGgBIeAwLK06Yd7WUC0",1,"e3",2,3,"nonVeridical","1"
"143","c3","10/1/21 13:32","three_pos_10_2_0_12.csv",0,3,"10/1/21 13:47","0","Finish","0",1,"","cbGgBIeAwLK06Yd7WUC0",1,"e3",3,3,"veridical","0"
"144","c1","10/1/21 13:32","three_pos_10_2_0_12.csv",0,2,"10/1/21 13:47","0","Finish","0",1,"","cbGgBIeAwLK06Yd7WUC0",1,"e3",1,3,"nonVeridical","2"
"145","c2","10/1/21 13:33","three_pos_9_3_3_9.csv",0,0,"10/1/21 13:40","0","Finish","0",1,"","kJLeIkP0rOZg5IUp5Fm8",3,"e1",2,1,"nonVeridical","1"
"146","c3","10/1/21 13:33","three_pos_9_3_3_9.csv",0,0,"10/1/21 13:40","0","Finish","0",1,"","kJLeIkP0rOZg5IUp5Fm8",3,"e1",3,1,"nonVeridical","0"
"147","c1","10/1/21 13:33","three_pos_9_3_3_9.csv",0,7,"10/1/21 13:40","0","Finish","0",1,"","kJLeIkP0rOZg5IUp5Fm8",3,"e1",1,1,"veridical","2"
"148","c2","10/1/21 13:33","three_pos_9_3_3_9.csv",0,8,"10/1/21 13:40","0","Finish","0",1,"","kJLeIkP0rOZg5IUp5Fm8",3,"e2",2,2,"veridical","1"
"149","c3","10/1/21 13:33","three_pos_9_3_3_9.csv",0,0,"10/1/21 13:40","0","Finish","0",1,"","kJLeIkP0rOZg5IUp5Fm8",3,"e2",3,2,"nonVeridical","0"
"150","c1","10/1/21 13:33","three_pos_9_3_3_9.csv",0,1,"10/1/21 13:40","0","Finish","0",1,"","kJLeIkP0rOZg5IUp5Fm8",3,"e2",1,2,"nonVeridical","2"
"151","c2","10/1/21 13:33","three_pos_9_3_3_9.csv",0,5,"10/1/21 13:40","0","Finish","0",1,"","kJLeIkP0rOZg5IUp5Fm8",3,"e3",2,3,"nonVeridical","1"
"152","c3","10/1/21 13:33","three_pos_9_3_3_9.csv",0,5,"10/1/21 13:40","0","Finish","0",1,"","kJLeIkP0rOZg5IUp5Fm8",3,"e3",3,3,"veridical","0"
"153","c1","10/1/21 13:33","three_pos_9_3_3_9.csv",0,1,"10/1/21 13:40","0","Finish","0",1,"","kJLeIkP0rOZg5IUp5Fm8",3,"e3",1,3,"nonVeridical","2"
"154","c2","10/1/21 13:34","three_pos_10_2_0_12.csv",0,7,"10/1/21 13:44","1","Finish","0",0,"","sqWE0lTjxG1Tm5XnRrXv",3,"e1",2,1,"nonVeridical","1"
"155","c1","10/1/21 13:34","three_pos_10_2_0_12.csv",0,8,"10/1/21 13:44","1","Finish","0",0,"","sqWE0lTjxG1Tm5XnRrXv",3,"e1",1,1,"veridical","2"
"156","c3","10/1/21 13:34","three_pos_10_2_0_12.csv",0,5,"10/1/21 13:44","1","Finish","0",0,"","sqWE0lTjxG1Tm5XnRrXv",3,"e1",3,1,"nonVeridical","0"
"157","c2","10/1/21 13:34","three_pos_10_2_0_12.csv",0,7,"10/1/21 13:44","1","Finish","0",0,"","sqWE0lTjxG1Tm5XnRrXv",3,"e2",2,2,"veridical","1"
"158","c1","10/1/21 13:34","three_pos_10_2_0_12.csv",0,1,"10/1/21 13:44","1","Finish","0",0,"","sqWE0lTjxG1Tm5XnRrXv",3,"e2",1,2,"nonVeridical","2"
"159","c3","10/1/21 13:34","three_pos_10_2_0_12.csv",0,8,"10/1/21 13:44","1","Finish","0",0,"","sqWE0lTjxG1Tm5XnRrXv",3,"e2",3,2,"nonVeridical","0"
"160","c2","10/1/21 13:34","three_pos_10_2_0_12.csv",0,3,"10/1/21 13:44","1","Finish","0",0,"","sqWE0lTjxG1Tm5XnRrXv",3,"e3",2,3,"nonVeridical","1"
"161","c1","10/1/21 13:34","three_pos_10_2_0_12.csv",0,2,"10/1/21 13:44","1","Finish","0",0,"","sqWE0lTjxG1Tm5XnRrXv",3,"e3",1,3,"nonVeridical","2"
"162","c3","10/1/21 13:34","three_pos_10_2_0_12.csv",0,7,"10/1/21 13:44","1","Finish","0",0,"","sqWE0lTjxG1Tm5XnRrXv",3,"e3",3,3,"veridical","0"
"163","c2","10/1/21 13:35","three_pos_10_2_0_12.csv",0,6,"10/1/21 13:45","0","Finish","0",1,"","qGluSio72Z9pbZXAGuer",2,"e1",2,1,"nonVeridical","1"
"164","c1","10/1/21 13:35","three_pos_10_2_0_12.csv",0,6,"10/1/21 13:45","0","Finish","0",1,"","qGluSio72Z9pbZXAGuer",2,"e1",1,1,"veridical","2"
"165","c3","10/1/21 13:35","three_pos_10_2_0_12.csv",0,4,"10/1/21 13:45","0","Finish","0",1,"","qGluSio72Z9pbZXAGuer",2,"e1",3,1,"nonVeridical","0"
"166","c2","10/1/21 13:35","three_pos_10_2_0_12.csv",0,7,"10/1/21 13:45","0","Finish","0",1,"","qGluSio72Z9pbZXAGuer",2,"e2",2,2,"veridical","1"
"167","c1","10/1/21 13:35","three_pos_10_2_0_12.csv",0,7,"10/1/21 13:45","0","Finish","0",1,"","qGluSio72Z9pbZXAGuer",2,"e2",1,2,"nonVeridical","2"
"168","c3","10/1/21 13:35","three_pos_10_2_0_12.csv",0,6,"10/1/21 13:45","0","Finish","0",1,"","qGluSio72Z9pbZXAGuer",2,"e2",3,2,"nonVeridical","0"
"169","c2","10/1/21 13:35","three_pos_10_2_0_12.csv",0,8,"10/1/21 13:45","0","Finish","0",1,"","qGluSio72Z9pbZXAGuer",2,"e3",2,3,"nonVeridical","1"
"170","c1","10/1/21 13:35","three_pos_10_2_0_12.csv",0,7,"10/1/21 13:45","0","Finish","0",1,"","qGluSio72Z9pbZXAGuer",2,"e3",1,3,"nonVeridical","2"
"171","c3","10/1/21 13:35","three_pos_10_2_0_12.csv",0,7,"10/1/21 13:45","0","Finish","0",1,"","qGluSio72Z9pbZXAGuer",2,"e3",3,3,"veridical","0"
"172","c1","10/1/21 13:36","three_pos_9_3_3_9.csv",0,9,"10/1/21 13:52","0","Finish","0",0,"","WADn2D5hUusYgtXh9Q59",1,"e1",1,1,"veridical","2"
"173","c2","10/1/21 13:36","three_pos_9_3_3_9.csv",0,2,"10/1/21 13:52","0","Finish","0",0,"","WADn2D5hUusYgtXh9Q59",1,"e1",2,1,"nonVeridical","1"
"174","c3","10/1/21 13:36","three_pos_9_3_3_9.csv",0,7,"10/1/21 13:52","0","Finish","0",0,"","WADn2D5hUusYgtXh9Q59",1,"e1",3,1,"nonVeridical","0"
"175","c1","10/1/21 13:36","three_pos_9_3_3_9.csv",0,7,"10/1/21 13:52","0","Finish","0",0,"","WADn2D5hUusYgtXh9Q59",1,"e2",1,2,"nonVeridical","2"
"176","c2","10/1/21 13:36","three_pos_9_3_3_9.csv",0,7,"10/1/21 13:52","0","Finish","0",0,"","WADn2D5hUusYgtXh9Q59",1,"e2",2,2,"veridical","1"
"177","c3","10/1/21 13:36","three_pos_9_3_3_9.csv",0,6,"10/1/21 13:52","0","Finish","0",0,"","WADn2D5hUusYgtXh9Q59",1,"e2",3,2,"nonVeridical","0"
"178","c1","10/1/21 13:36","three_pos_9_3_3_9.csv",0,7,"10/1/21 13:52","0","Finish","0",0,"","WADn2D5hUusYgtXh9Q59",1,"e3",1,3,"nonVeridical","2"
"179","c2","10/1/21 13:36","three_pos_9_3_3_9.csv",0,8,"10/1/21 13:52","0","Finish","0",0,"","WADn2D5hUusYgtXh9Q59",1,"e3",2,3,"nonVeridical","1"
"180","c3","10/1/21 13:36","three_pos_9_3_3_9.csv",0,8,"10/1/21 13:52","0","Finish","0",0,"","WADn2D5hUusYgtXh9Q59",1,"e3",3,3,"veridical","0"
"181","c3","10/1/21 13:37","three_pos_8_4_0_12.csv",0,7,"10/1/21 14:21","0","Finish","0",1,"","rSNusCQ0AGeVYLwFWAql",3,"e1",3,1,"nonVeridical","0"
"182","c1","10/1/21 13:37","three_pos_8_4_0_12.csv",0,6,"10/1/21 14:21","0","Finish","0",1,"","rSNusCQ0AGeVYLwFWAql",3,"e1",1,1,"veridical","2"
"183","c2","10/1/21 13:37","three_pos_8_4_0_12.csv",0,4,"10/1/21 14:21","0","Finish","0",1,"","rSNusCQ0AGeVYLwFWAql",3,"e1",2,1,"nonVeridical","1"
"184","c3","10/1/21 13:37","three_pos_8_4_0_12.csv",0,3,"10/1/21 14:21","0","Finish","0",1,"","rSNusCQ0AGeVYLwFWAql",3,"e2",3,2,"nonVeridical","0"
"185","c1","10/1/21 13:37","three_pos_8_4_0_12.csv",0,3,"10/1/21 14:21","0","Finish","0",1,"","rSNusCQ0AGeVYLwFWAql",3,"e2",1,2,"nonVeridical","2"
"186","c2","10/1/21 13:37","three_pos_8_4_0_12.csv",0,6,"10/1/21 14:21","0","Finish","0",1,"","rSNusCQ0AGeVYLwFWAql",3,"e2",2,2,"veridical","1"
"187","c3","10/1/21 13:37","three_pos_8_4_0_12.csv",0,5,"10/1/21 14:21","0","Finish","0",1,"","rSNusCQ0AGeVYLwFWAql",3,"e3",3,3,"veridical","0"
"188","c1","10/1/21 13:37","three_pos_8_4_0_12.csv",0,3,"10/1/21 14:21","0","Finish","0",1,"","rSNusCQ0AGeVYLwFWAql",3,"e3",1,3,"nonVeridical","2"
"189","c2","10/1/21 13:37","three_pos_8_4_0_12.csv",0,5,"10/1/21 14:21","0","Finish","0",1,"","rSNusCQ0AGeVYLwFWAql",3,"e3",2,3,"nonVeridical","1"
"190","c1","10/1/21 13:37","three_pos_8_4_0_12.csv",0,7,"10/1/21 13:56","0","Finish","0",1,"","VIHOrThINCLP11kPPA3y",2,"e1",1,1,"veridical","2"
"191","c2","10/1/21 13:37","three_pos_8_4_0_12.csv",0,2,"10/1/21 13:56","0","Finish","0",1,"","VIHOrThINCLP11kPPA3y",2,"e1",2,1,"nonVeridical","1"
"192","c3","10/1/21 13:37","three_pos_8_4_0_12.csv",0,8,"10/1/21 13:56","0","Finish","0",1,"","VIHOrThINCLP11kPPA3y",2,"e1",3,1,"nonVeridical","0"
"193","c1","10/1/21 13:37","three_pos_8_4_0_12.csv",0,3,"10/1/21 13:56","0","Finish","0",1,"","VIHOrThINCLP11kPPA3y",2,"e2",1,2,"nonVeridical","2"
"194","c2","10/1/21 13:37","three_pos_8_4_0_12.csv",0,7,"10/1/21 13:56","0","Finish","0",1,"","VIHOrThINCLP11kPPA3y",2,"e2",2,2,"veridical","1"
"195","c3","10/1/21 13:37","three_pos_8_4_0_12.csv",0,6,"10/1/21 13:56","0","Finish","0",1,"","VIHOrThINCLP11kPPA3y",2,"e2",3,2,"nonVeridical","0"
"196","c1","10/1/21 13:37","three_pos_8_4_0_12.csv",0,7,"10/1/21 13:56","0","Finish","0",1,"","VIHOrThINCLP11kPPA3y",2,"e3",1,3,"nonVeridical","2"
"197","c2","10/1/21 13:37","three_pos_8_4_0_12.csv",0,6,"10/1/21 13:56","0","Finish","0",1,"","VIHOrThINCLP11kPPA3y",2,"e3",2,3,"nonVeridical","1"
"198","c3","10/1/21 13:37","three_pos_8_4_0_12.csv",0,2,"10/1/21 13:56","0","Finish","0",1,"","VIHOrThINCLP11kPPA3y",2,"e3",3,3,"veridical","0"
"199","c3","10/1/21 13:37","three_pos_8_4_0_12.csv",0,5,"10/1/21 13:55","0","Finish","0",1,"","7FqkOuhANvzSp8876jdl",1,"e1",3,1,"nonVeridical","0"
"200","c1","10/1/21 13:37","three_pos_8_4_0_12.csv",0,3,"10/1/21 13:55","0","Finish","0",1,"","7FqkOuhANvzSp8876jdl",1,"e1",1,1,"veridical","2"
"201","c2","10/1/21 13:37","three_pos_8_4_0_12.csv",0,4,"10/1/21 13:55","0","Finish","0",1,"","7FqkOuhANvzSp8876jdl",1,"e1",2,1,"nonVeridical","1"
"202","c3","10/1/21 13:37","three_pos_8_4_0_12.csv",0,10,"10/1/21 13:55","0","Finish","0",1,"","7FqkOuhANvzSp8876jdl",1,"e2",3,2,"nonVeridical","0"
"203","c1","10/1/21 13:37","three_pos_8_4_0_12.csv",0,10,"10/1/21 13:55","0","Finish","0",1,"","7FqkOuhANvzSp8876jdl",1,"e2",1,2,"nonVeridical","2"
"204","c2","10/1/21 13:37","three_pos_8_4_0_12.csv",0,5,"10/1/21 13:55","0","Finish","0",1,"","7FqkOuhANvzSp8876jdl",1,"e2",2,2,"veridical","1"
"205","c3","10/1/21 13:37","three_pos_8_4_0_12.csv",0,5,"10/1/21 13:55","0","Finish","0",1,"","7FqkOuhANvzSp8876jdl",1,"e3",3,3,"veridical","0"
"206","c1","10/1/21 13:37","three_pos_8_4_0_12.csv",0,0,"10/1/21 13:55","0","Finish","0",1,"","7FqkOuhANvzSp8876jdl",1,"e3",1,3,"nonVeridical","2"
"207","c2","10/1/21 13:37","three_pos_8_4_0_12.csv",0,10,"10/1/21 13:55","0","Finish","0",1,"","7FqkOuhANvzSp8876jdl",1,"e3",2,3,"nonVeridical","1"
"208","c3","10/1/21 13:40","three_pos_8_4_0_12.csv",0,0,"10/1/21 13:46","0","Finish","0",1,"","oCLIMazpKZEd8ocAvfaH",2,"e1",3,1,"nonVeridical","0"
"209","c1","10/1/21 13:40","three_pos_8_4_0_12.csv",0,10,"10/1/21 13:46","0","Finish","0",1,"","oCLIMazpKZEd8ocAvfaH",2,"e1",1,1,"veridical","2"
"210","c2","10/1/21 13:40","three_pos_8_4_0_12.csv",0,0,"10/1/21 13:46","0","Finish","0",1,"","oCLIMazpKZEd8ocAvfaH",2,"e1",2,1,"nonVeridical","1"
"211","c3","10/1/21 13:40","three_pos_8_4_0_12.csv",0,0,"10/1/21 13:46","0","Finish","0",1,"","oCLIMazpKZEd8ocAvfaH",2,"e2",3,2,"nonVeridical","0"
"212","c1","10/1/21 13:40","three_pos_8_4_0_12.csv",0,0,"10/1/21 13:46","0","Finish","0",1,"","oCLIMazpKZEd8ocAvfaH",2,"e2",1,2,"nonVeridical","2"
"213","c2","10/1/21 13:40","three_pos_8_4_0_12.csv",0,10,"10/1/21 13:46","0","Finish","0",1,"","oCLIMazpKZEd8ocAvfaH",2,"e2",2,2,"veridical","1"
"214","c3","10/1/21 13:40","three_pos_8_4_0_12.csv",0,10,"10/1/21 13:46","0","Finish","0",1,"","oCLIMazpKZEd8ocAvfaH",2,"e3",3,3,"veridical","0"
"215","c1","10/1/21 13:40","three_pos_8_4_0_12.csv",0,0,"10/1/21 13:46","0","Finish","0",1,"","oCLIMazpKZEd8ocAvfaH",2,"e3",1,3,"nonVeridical","2"
"216","c2","10/1/21 13:40","three_pos_8_4_0_12.csv",0,0,"10/1/21 13:46","0","Finish","0",1,"","oCLIMazpKZEd8ocAvfaH",2,"e3",2,3,"nonVeridical","1"
"217","c1","10/1/21 13:40","three_pos_9_3_3_9.csv",0,4,"10/1/21 14:01","0","Finish","0",0,"football_skiing_soccer_tennis_basketball_snowboarding_cycling_running_hockey","1KVY1T7tsu9ogLf9cikB",1,"e1",1,1,"veridical","2"
"218","c3","10/1/21 13:40","three_pos_9_3_3_9.csv",0,9,"10/1/21 14:01","0","Finish","0",0,"football_skiing_soccer_tennis_basketball_snowboarding_cycling_running_hockey","1KVY1T7tsu9ogLf9cikB",1,"e1",3,1,"nonVeridical","0"
"219","c2","10/1/21 13:40","three_pos_9_3_3_9.csv",0,7,"10/1/21 14:01","0","Finish","0",0,"football_skiing_soccer_tennis_basketball_snowboarding_cycling_running_hockey","1KVY1T7tsu9ogLf9cikB",1,"e1",2,1,"nonVeridical","1"
"220","c1","10/1/21 13:40","three_pos_9_3_3_9.csv",0,9,"10/1/21 14:01","0","Finish","0",0,"football_skiing_soccer_tennis_basketball_snowboarding_cycling_running_hockey","1KVY1T7tsu9ogLf9cikB",1,"e2",1,2,"nonVeridical","2"
"221","c3","10/1/21 13:40","three_pos_9_3_3_9.csv",0,5,"10/1/21 14:01","0","Finish","0",0,"football_skiing_soccer_tennis_basketball_snowboarding_cycling_running_hockey","1KVY1T7tsu9ogLf9cikB",1,"e2",3,2,"nonVeridical","0"
"222","c2","10/1/21 13:40","three_pos_9_3_3_9.csv",0,9,"10/1/21 14:01","0","Finish","0",0,"football_skiing_soccer_tennis_basketball_snowboarding_cycling_running_hockey","1KVY1T7tsu9ogLf9cikB",1,"e2",2,2,"veridical","1"
"223","c1","10/1/21 13:40","three_pos_9_3_3_9.csv",0,5,"10/1/21 14:01","0","Finish","0",0,"football_skiing_soccer_tennis_basketball_snowboarding_cycling_running_hockey","1KVY1T7tsu9ogLf9cikB",1,"e3",1,3,"nonVeridical","2"
"224","c3","10/1/21 13:40","three_pos_9_3_3_9.csv",0,9,"10/1/21 14:01","0","Finish","0",0,"football_skiing_soccer_tennis_basketball_snowboarding_cycling_running_hockey","1KVY1T7tsu9ogLf9cikB",1,"e3",3,3,"veridical","0"
"225","c2","10/1/21 13:40","three_pos_9_3_3_9.csv",0,5,"10/1/21 14:01","0","Finish","0",0,"football_skiing_soccer_tennis_basketball_snowboarding_cycling_running_hockey","1KVY1T7tsu9ogLf9cikB",1,"e3",2,3,"nonVeridical","1"
"226","c3","10/1/21 13:41","three_pos_10_2_0_12.csv",0,6,"10/1/21 13:56","0","Finish","0",1,"","b2plLjFv49P0EOxoB7St",2,"e1",3,1,"nonVeridical","0"
"227","c2","10/1/21 13:41","three_pos_10_2_0_12.csv",0,5,"10/1/21 13:56","0","Finish","0",1,"","b2plLjFv49P0EOxoB7St",2,"e1",2,1,"nonVeridical","1"
"228","c1","10/1/21 13:41","three_pos_10_2_0_12.csv",0,5,"10/1/21 13:56","0","Finish","0",1,"","b2plLjFv49P0EOxoB7St",2,"e1",1,1,"veridical","2"
"229","c3","10/1/21 13:41","three_pos_10_2_0_12.csv",0,7,"10/1/21 13:56","0","Finish","0",1,"","b2plLjFv49P0EOxoB7St",2,"e2",3,2,"nonVeridical","0"
"230","c2","10/1/21 13:41","three_pos_10_2_0_12.csv",0,8,"10/1/21 13:56","0","Finish","0",1,"","b2plLjFv49P0EOxoB7St",2,"e2",2,2,"veridical","1"
"231","c1","10/1/21 13:41","three_pos_10_2_0_12.csv",0,6,"10/1/21 13:56","0","Finish","0",1,"","b2plLjFv49P0EOxoB7St",2,"e2",1,2,"nonVeridical","2"
"232","c3","10/1/21 13:41","three_pos_10_2_0_12.csv",0,8,"10/1/21 13:56","0","Finish","0",1,"","b2plLjFv49P0EOxoB7St",2,"e3",3,3,"veridical","0"
"233","c2","10/1/21 13:41","three_pos_10_2_0_12.csv",0,7,"10/1/21 13:56","0","Finish","0",1,"","b2plLjFv49P0EOxoB7St",2,"e3",2,3,"nonVeridical","1"
"234","c1","10/1/21 13:41","three_pos_10_2_0_12.csv",0,7,"10/1/21 13:56","0","Finish","0",1,"","b2plLjFv49P0EOxoB7St",2,"e3",1,3,"nonVeridical","2"
"235","c3","10/1/21 13:41","three_pos_8_4_0_12.csv",0,7,"10/1/21 13:54","0","Finish","0",1,"","rqmHjjcq7kiLlvkajRRw",1,"e1",3,1,"nonVeridical","0"
"236","c1","10/1/21 13:41","three_pos_8_4_0_12.csv",0,6,"10/1/21 13:54","0","Finish","0",1,"","rqmHjjcq7kiLlvkajRRw",1,"e1",1,1,"veridical","2"
"237","c2","10/1/21 13:41","three_pos_8_4_0_12.csv",0,7,"10/1/21 13:54","0","Finish","0",1,"","rqmHjjcq7kiLlvkajRRw",1,"e1",2,1,"nonVeridical","1"
"238","c3","10/1/21 13:41","three_pos_8_4_0_12.csv",0,4,"10/1/21 13:54","0","Finish","0",1,"","rqmHjjcq7kiLlvkajRRw",1,"e2",3,2,"nonVeridical","0"
"239","c1","10/1/21 13:41","three_pos_8_4_0_12.csv",0,6,"10/1/21 13:54","0","Finish","0",1,"","rqmHjjcq7kiLlvkajRRw",1,"e2",1,2,"nonVeridical","2"
"240","c2","10/1/21 13:41","three_pos_8_4_0_12.csv",0,8,"10/1/21 13:54","0","Finish","0",1,"","rqmHjjcq7kiLlvkajRRw",1,"e2",2,2,"veridical","1"
"241","c3","10/1/21 13:41","three_pos_8_4_0_12.csv",0,7,"10/1/21 13:54","0","Finish","0",1,"","rqmHjjcq7kiLlvkajRRw",1,"e3",3,3,"veridical","0"
"242","c1","10/1/21 13:41","three_pos_8_4_0_12.csv",0,7,"10/1/21 13:54","0","Finish","0",1,"","rqmHjjcq7kiLlvkajRRw",1,"e3",1,3,"nonVeridical","2"
"243","c2","10/1/21 13:41","three_pos_8_4_0_12.csv",0,6,"10/1/21 13:54","0","Finish","0",1,"","rqmHjjcq7kiLlvkajRRw",1,"e3",2,3,"nonVeridical","1"
"244","c1","10/1/21 13:41","three_pos_10_2_0_12.csv",0,6,"10/1/21 13:53","0","Finish","0",1,"","4AVjJwZyCnLj4pPHr0VL",3,"e1",1,1,"veridical","2"
"245","c2","10/1/21 13:41","three_pos_10_2_0_12.csv",0,6,"10/1/21 13:53","0","Finish","0",1,"","4AVjJwZyCnLj4pPHr0VL",3,"e1",2,1,"nonVeridical","1"
"246","c3","10/1/21 13:41","three_pos_10_2_0_12.csv",0,7,"10/1/21 13:53","0","Finish","0",1,"","4AVjJwZyCnLj4pPHr0VL",3,"e1",3,1,"nonVeridical","0"
"247","c1","10/1/21 13:41","three_pos_10_2_0_12.csv",0,5,"10/1/21 13:53","0","Finish","0",1,"","4AVjJwZyCnLj4pPHr0VL",3,"e2",1,2,"nonVeridical","2"
"248","c2","10/1/21 13:41","three_pos_10_2_0_12.csv",0,5,"10/1/21 13:53","0","Finish","0",1,"","4AVjJwZyCnLj4pPHr0VL",3,"e2",2,2,"veridical","1"
"249","c3","10/1/21 13:41","three_pos_10_2_0_12.csv",0,8,"10/1/21 13:53","0","Finish","0",1,"","4AVjJwZyCnLj4pPHr0VL",3,"e2",3,2,"nonVeridical","0"
"250","c1","10/1/21 13:41","three_pos_10_2_0_12.csv",0,6,"10/1/21 13:53","0","Finish","0",1,"","4AVjJwZyCnLj4pPHr0VL",3,"e3",1,3,"nonVeridical","2"
"251","c2","10/1/21 13:41","three_pos_10_2_0_12.csv",0,7,"10/1/21 13:53","0","Finish","0",1,"","4AVjJwZyCnLj4pPHr0VL",3,"e3",2,3,"nonVeridical","1"
"252","c3","10/1/21 13:41","three_pos_10_2_0_12.csv",0,7,"10/1/21 13:53","0","Finish","0",1,"","4AVjJwZyCnLj4pPHr0VL",3,"e3",3,3,"veridical","0"
"253","c2","10/1/21 13:42","three_pos_9_3_3_9.csv",0,8,"10/1/21 13:57","0","Finish","0",1,"","VPGY6hK03WL45dYd15dd",3,"e1",2,1,"nonVeridical","1"
"254","c3","10/1/21 13:42","three_pos_9_3_3_9.csv",0,6,"10/1/21 13:57","0","Finish","0",1,"","VPGY6hK03WL45dYd15dd",3,"e1",3,1,"nonVeridical","0"
"255","c1","10/1/21 13:42","three_pos_9_3_3_9.csv",0,4,"10/1/21 13:57","0","Finish","0",1,"","VPGY6hK03WL45dYd15dd",3,"e1",1,1,"veridical","2"
"256","c2","10/1/21 13:42","three_pos_9_3_3_9.csv",0,7,"10/1/21 13:57","0","Finish","0",1,"","VPGY6hK03WL45dYd15dd",3,"e2",2,2,"veridical","1"
"257","c3","10/1/21 13:42","three_pos_9_3_3_9.csv",0,7,"10/1/21 13:57","0","Finish","0",1,"","VPGY6hK03WL45dYd15dd",3,"e2",3,2,"nonVeridical","0"
"258","c1","10/1/21 13:42","three_pos_9_3_3_9.csv",0,10,"10/1/21 13:57","0","Finish","0",1,"","VPGY6hK03WL45dYd15dd",3,"e2",1,2,"nonVeridical","2"
"259","c2","10/1/21 13:42","three_pos_9_3_3_9.csv",0,7,"10/1/21 13:57","0","Finish","0",1,"","VPGY6hK03WL45dYd15dd",3,"e3",2,3,"nonVeridical","1"
"260","c3","10/1/21 13:42","three_pos_9_3_3_9.csv",0,6,"10/1/21 13:57","0","Finish","0",1,"","VPGY6hK03WL45dYd15dd",3,"e3",3,3,"veridical","0"
"261","c1","10/1/21 13:42","three_pos_9_3_3_9.csv",0,10,"10/1/21 13:57","0","Finish","0",1,"","VPGY6hK03WL45dYd15dd",3,"e3",1,3,"nonVeridical","2"
"262","c2","10/1/21 13:43","three_pos_9_3_3_9.csv",0,8,"10/1/21 13:58","0","Finish","0",0,"football_tennis_basketball_cycling_running_hockey","YGemSFkqExoDUH2GN82E",2,"e1",2,1,"nonVeridical","1"
"263","c3","10/1/21 13:43","three_pos_9_3_3_9.csv",0,8,"10/1/21 13:58","0","Finish","0",0,"football_tennis_basketball_cycling_running_hockey","YGemSFkqExoDUH2GN82E",2,"e1",3,1,"nonVeridical","0"
"264","c1","10/1/21 13:43","three_pos_9_3_3_9.csv",0,8,"10/1/21 13:58","0","Finish","0",0,"football_tennis_basketball_cycling_running_hockey","YGemSFkqExoDUH2GN82E",2,"e1",1,1,"veridical","2"
"265","c2","10/1/21 13:43","three_pos_9_3_3_9.csv",0,9,"10/1/21 13:58","0","Finish","0",0,"football_tennis_basketball_cycling_running_hockey","YGemSFkqExoDUH2GN82E",2,"e2",2,2,"veridical","1"
"266","c3","10/1/21 13:43","three_pos_9_3_3_9.csv",0,9,"10/1/21 13:58","0","Finish","0",0,"football_tennis_basketball_cycling_running_hockey","YGemSFkqExoDUH2GN82E",2,"e2",3,2,"nonVeridical","0"
"267","c1","10/1/21 13:43","three_pos_9_3_3_9.csv",0,8,"10/1/21 13:58","0","Finish","0",0,"football_tennis_basketball_cycling_running_hockey","YGemSFkqExoDUH2GN82E",2,"e2",1,2,"nonVeridical","2"
"268","c2","10/1/21 13:43","three_pos_9_3_3_9.csv",0,8,"10/1/21 13:58","0","Finish","0",0,"football_tennis_basketball_cycling_running_hockey","YGemSFkqExoDUH2GN82E",2,"e3",2,3,"nonVeridical","1"
"269","c3","10/1/21 13:43","three_pos_9_3_3_9.csv",0,9,"10/1/21 13:58","0","Finish","0",0,"football_tennis_basketball_cycling_running_hockey","YGemSFkqExoDUH2GN82E",2,"e3",3,3,"veridical","0"
"270","c1","10/1/21 13:43","three_pos_9_3_3_9.csv",0,1,"10/1/21 13:58","0","Finish","0",0,"football_tennis_basketball_cycling_running_hockey","YGemSFkqExoDUH2GN82E",2,"e3",1,3,"nonVeridical","2"
"271","c2","10/1/21 13:44","three_pos_10_2_0_12.csv",0,2,"10/1/21 13:53","0","Finish","0",1,"","RFyl0k9mtF0ZpMw4Ohli",1,"e1",2,1,"nonVeridical","1"
"272","c1","10/1/21 13:44","three_pos_10_2_0_12.csv",0,1,"10/1/21 13:53","0","Finish","0",1,"","RFyl0k9mtF0ZpMw4Ohli",1,"e1",1,1,"veridical","2"
"273","c3","10/1/21 13:44","three_pos_10_2_0_12.csv",0,8,"10/1/21 13:53","0","Finish","0",1,"","RFyl0k9mtF0ZpMw4Ohli",1,"e1",3,1,"nonVeridical","0"
"274","c2","10/1/21 13:44","three_pos_10_2_0_12.csv",0,8,"10/1/21 13:53","0","Finish","0",1,"","RFyl0k9mtF0ZpMw4Ohli",1,"e2",2,2,"veridical","1"
"275","c1","10/1/21 13:44","three_pos_10_2_0_12.csv",0,0,"10/1/21 13:53","0","Finish","0",1,"","RFyl0k9mtF0ZpMw4Ohli",1,"e2",1,2,"nonVeridical","2"
"276","c3","10/1/21 13:44","three_pos_10_2_0_12.csv",0,4,"10/1/21 13:53","0","Finish","0",1,"","RFyl0k9mtF0ZpMw4Ohli",1,"e2",3,2,"nonVeridical","0"
"277","c2","10/1/21 13:44","three_pos_10_2_0_12.csv",0,0,"10/1/21 13:53","0","Finish","0",1,"","RFyl0k9mtF0ZpMw4Ohli",1,"e3",2,3,"nonVeridical","1"
"278","c1","10/1/21 13:44","three_pos_10_2_0_12.csv",0,0,"10/1/21 13:53","0","Finish","0",1,"","RFyl0k9mtF0ZpMw4Ohli",1,"e3",1,3,"nonVeridical","2"
"279","c3","10/1/21 13:44","three_pos_10_2_0_12.csv",0,8,"10/1/21 13:53","0","Finish","0",1,"","RFyl0k9mtF0ZpMw4Ohli",1,"e3",3,3,"veridical","0"
"280","c2","10/1/21 13:45","three_pos_10_2_0_12.csv",0,0,"10/1/21 13:55","0","Finish","0",0,"","BmLEqHYi9dLs6jTMteR1",2,"e1",2,1,"nonVeridical","1"
"281","c3","10/1/21 13:45","three_pos_10_2_0_12.csv",0,0,"10/1/21 13:55","0","Finish","0",0,"","BmLEqHYi9dLs6jTMteR1",2,"e1",3,1,"nonVeridical","0"
"282","c1","10/1/21 13:45","three_pos_10_2_0_12.csv",0,10,"10/1/21 13:55","0","Finish","0",0,"","BmLEqHYi9dLs6jTMteR1",2,"e1",1,1,"veridical","2"
"283","c2","10/1/21 13:45","three_pos_10_2_0_12.csv",0,10,"10/1/21 13:55","0","Finish","0",0,"","BmLEqHYi9dLs6jTMteR1",2,"e2",2,2,"veridical","1"
"284","c3","10/1/21 13:45","three_pos_10_2_0_12.csv",0,0,"10/1/21 13:55","0","Finish","0",0,"","BmLEqHYi9dLs6jTMteR1",2,"e2",3,2,"nonVeridical","0"
"285","c1","10/1/21 13:45","three_pos_10_2_0_12.csv",0,0,"10/1/21 13:55","0","Finish","0",0,"","BmLEqHYi9dLs6jTMteR1",2,"e2",1,2,"nonVeridical","2"
"286","c2","10/1/21 13:45","three_pos_10_2_0_12.csv",0,1,"10/1/21 13:55","0","Finish","0",0,"","BmLEqHYi9dLs6jTMteR1",2,"e3",2,3,"nonVeridical","1"
"287","c3","10/1/21 13:45","three_pos_10_2_0_12.csv",0,10,"10/1/21 13:55","0","Finish","0",0,"","BmLEqHYi9dLs6jTMteR1",2,"e3",3,3,"veridical","0"
"288","c1","10/1/21 13:45","three_pos_10_2_0_12.csv",0,0,"10/1/21 13:55","0","Finish","0",0,"","BmLEqHYi9dLs6jTMteR1",2,"e3",1,3,"nonVeridical","2"
"289","c1","10/1/21 13:45","three_pos_10_2_0_12.csv",0,3,"10/1/21 14:00","1","Finish","1",0,"soccer_running_hockey_cycling","dq099DeKWifYDd7V5GSC",1,"e1",1,1,"veridical","2"
"290","c3","10/1/21 13:45","three_pos_10_2_0_12.csv",0,8,"10/1/21 14:00","1","Finish","1",0,"soccer_running_hockey_cycling","dq099DeKWifYDd7V5GSC",1,"e1",3,1,"nonVeridical","0"
"291","c2","10/1/21 13:45","three_pos_10_2_0_12.csv",0,7,"10/1/21 14:00","1","Finish","1",0,"soccer_running_hockey_cycling","dq099DeKWifYDd7V5GSC",1,"e1",2,1,"nonVeridical","1"
"292","c1","10/1/21 13:45","three_pos_10_2_0_12.csv",0,8,"10/1/21 14:00","1","Finish","1",0,"soccer_running_hockey_cycling","dq099DeKWifYDd7V5GSC",1,"e2",1,2,"nonVeridical","2"
"293","c3","10/1/21 13:45","three_pos_10_2_0_12.csv",0,7,"10/1/21 14:00","1","Finish","1",0,"soccer_running_hockey_cycling","dq099DeKWifYDd7V5GSC",1,"e2",3,2,"nonVeridical","0"
"294","c2","10/1/21 13:45","three_pos_10_2_0_12.csv",0,8,"10/1/21 14:00","1","Finish","1",0,"soccer_running_hockey_cycling","dq099DeKWifYDd7V5GSC",1,"e2",2,2,"veridical","1"
"295","c1","10/1/21 13:45","three_pos_10_2_0_12.csv",0,7,"10/1/21 14:00","1","Finish","1",0,"soccer_running_hockey_cycling","dq099DeKWifYDd7V5GSC",1,"e3",1,3,"nonVeridical","2"
"296","c3","10/1/21 13:45","three_pos_10_2_0_12.csv",0,4,"10/1/21 14:00","1","Finish","1",0,"soccer_running_hockey_cycling","dq099DeKWifYDd7V5GSC",1,"e3",3,3,"veridical","0"
"297","c2","10/1/21 13:45","three_pos_10_2_0_12.csv",0,9,"10/1/21 14:00","1","Finish","1",0,"soccer_running_hockey_cycling","dq099DeKWifYDd7V5GSC",1,"e3",2,3,"nonVeridical","1"
"298","c3","10/1/21 13:46","three_pos_10_2_0_12.csv",0,1,"10/1/21 14:03","0","Finish","0",0,"basketball_football","JXnWsmecXUMBi2FtZ7hw",3,"e1",3,1,"nonVeridical","0"
"299","c2","10/1/21 13:46","three_pos_10_2_0_12.csv",0,0,"10/1/21 14:03","0","Finish","0",0,"basketball_football","JXnWsmecXUMBi2FtZ7hw",3,"e1",2,1,"nonVeridical","1"
"300","c1","10/1/21 13:46","three_pos_10_2_0_12.csv",0,3,"10/1/21 14:03","0","Finish","0",0,"basketball_football","JXnWsmecXUMBi2FtZ7hw",3,"e1",1,1,"veridical","2"
"301","c3","10/1/21 13:46","three_pos_10_2_0_12.csv",0,5,"10/1/21 14:03","0","Finish","0",0,"basketball_football","JXnWsmecXUMBi2FtZ7hw",3,"e2",3,2,"nonVeridical","0"
"302","c2","10/1/21 13:46","three_pos_10_2_0_12.csv",0,5,"10/1/21 14:03","0","Finish","0",0,"basketball_football","JXnWsmecXUMBi2FtZ7hw",3,"e2",2,2,"veridical","1"
"303","c1","10/1/21 13:46","three_pos_10_2_0_12.csv",0,6,"10/1/21 14:03","0","Finish","0",0,"basketball_football","JXnWsmecXUMBi2FtZ7hw",3,"e2",1,2,"nonVeridical","2"
"304","c3","10/1/21 13:46","three_pos_10_2_0_12.csv",0,5,"10/1/21 14:03","0","Finish","0",0,"basketball_football","JXnWsmecXUMBi2FtZ7hw",3,"e3",3,3,"veridical","0"
"305","c2","10/1/21 13:46","three_pos_10_2_0_12.csv",0,5,"10/1/21 14:03","0","Finish","0",0,"basketball_football","JXnWsmecXUMBi2FtZ7hw",3,"e3",2,3,"nonVeridical","1"
"306","c1","10/1/21 13:46","three_pos_10_2_0_12.csv",0,5,"10/1/21 14:03","0","Finish","0",0,"basketball_football","JXnWsmecXUMBi2FtZ7hw",3,"e3",1,3,"nonVeridical","2"
"307","c3","10/1/21 13:47","three_pos_8_4_0_12.csv",0,6,"10/1/21 13:59","0","Finish","0",1,"","9nOj92demSx5IulvlJTW",3,"e1",3,1,"nonVeridical","0"
"308","c1","10/1/21 13:47","three_pos_8_4_0_12.csv",0,4,"10/1/21 13:59","0","Finish","0",1,"","9nOj92demSx5IulvlJTW",3,"e1",1,1,"veridical","2"
"309","c2","10/1/21 13:47","three_pos_8_4_0_12.csv",0,9,"10/1/21 13:59","0","Finish","0",1,"","9nOj92demSx5IulvlJTW",3,"e1",2,1,"nonVeridical","1"
"310","c3","10/1/21 13:47","three_pos_8_4_0_12.csv",0,3,"10/1/21 13:59","0","Finish","0",1,"","9nOj92demSx5IulvlJTW",3,"e2",3,2,"nonVeridical","0"
"311","c1","10/1/21 13:47","three_pos_8_4_0_12.csv",0,7,"10/1/21 13:59","0","Finish","0",1,"","9nOj92demSx5IulvlJTW",3,"e2",1,2,"nonVeridical","2"
"312","c2","10/1/21 13:47","three_pos_8_4_0_12.csv",0,4,"10/1/21 13:59","0","Finish","0",1,"","9nOj92demSx5IulvlJTW",3,"e2",2,2,"veridical","1"
"313","c3","10/1/21 13:47","three_pos_8_4_0_12.csv",0,7,"10/1/21 13:59","0","Finish","0",1,"","9nOj92demSx5IulvlJTW",3,"e3",3,3,"veridical","0"
"314","c1","10/1/21 13:47","three_pos_8_4_0_12.csv",0,4,"10/1/21 13:59","0","Finish","0",1,"","9nOj92demSx5IulvlJTW",3,"e3",1,3,"nonVeridical","2"
"315","c2","10/1/21 13:47","three_pos_8_4_0_12.csv",0,2,"10/1/21 13:59","0","Finish","0",1,"","9nOj92demSx5IulvlJTW",3,"e3",2,3,"nonVeridical","1"
"316","c3","10/1/21 13:48","three_pos_8_4_0_12.csv",0,6,"10/1/21 14:14","0","Finish","0",0,"football_tennis_basketball_running_cycling_hockey","DRAjBJqvK5bZnmZHYpDC",1,"e1",3,1,"nonVeridical","0"
"317","c1","10/1/21 13:48","three_pos_8_4_0_12.csv",0,7,"10/1/21 14:14","0","Finish","0",0,"football_tennis_basketball_running_cycling_hockey","DRAjBJqvK5bZnmZHYpDC",1,"e1",1,1,"veridical","2"
"318","c2","10/1/21 13:48","three_pos_8_4_0_12.csv",0,6,"10/1/21 14:14","0","Finish","0",0,"football_tennis_basketball_running_cycling_hockey","DRAjBJqvK5bZnmZHYpDC",1,"e1",2,1,"nonVeridical","1"
"319","c3","10/1/21 13:48","three_pos_8_4_0_12.csv",0,6,"10/1/21 14:14","0","Finish","0",0,"football_tennis_basketball_running_cycling_hockey","DRAjBJqvK5bZnmZHYpDC",1,"e2",3,2,"nonVeridical","0"
"320","c1","10/1/21 13:48","three_pos_8_4_0_12.csv",0,9,"10/1/21 14:14","0","Finish","0",0,"football_tennis_basketball_running_cycling_hockey","DRAjBJqvK5bZnmZHYpDC",1,"e2",1,2,"nonVeridical","2"
"321","c2","10/1/21 13:48","three_pos_8_4_0_12.csv",0,6,"10/1/21 14:14","0","Finish","0",0,"football_tennis_basketball_running_cycling_hockey","DRAjBJqvK5bZnmZHYpDC",1,"e2",2,2,"veridical","1"
"322","c3","10/1/21 13:48","three_pos_8_4_0_12.csv",0,5,"10/1/21 14:14","0","Finish","0",0,"football_tennis_basketball_running_cycling_hockey","DRAjBJqvK5bZnmZHYpDC",1,"e3",3,3,"veridical","0"
"323","c1","10/1/21 13:48","three_pos_8_4_0_12.csv",0,7,"10/1/21 14:14","0","Finish","0",0,"football_tennis_basketball_running_cycling_hockey","DRAjBJqvK5bZnmZHYpDC",1,"e3",1,3,"nonVeridical","2"
"324","c2","10/1/21 13:48","three_pos_8_4_0_12.csv",0,7,"10/1/21 14:14","0","Finish","0",0,"football_tennis_basketball_running_cycling_hockey","DRAjBJqvK5bZnmZHYpDC",1,"e3",2,3,"nonVeridical","1"
"325","c3","10/1/21 13:49","three_pos_8_4_0_12.csv",0,8,"10/1/21 14:07","0","Finish","0",1,"","UJom0LSzBsswQa3Z3piE",2,"e1",3,1,"nonVeridical","0"
"326","c1","10/1/21 13:49","three_pos_8_4_0_12.csv",0,7,"10/1/21 14:07","0","Finish","0",1,"","UJom0LSzBsswQa3Z3piE",2,"e1",1,1,"veridical","2"
"327","c2","10/1/21 13:49","three_pos_8_4_0_12.csv",0,7,"10/1/21 14:07","0","Finish","0",1,"","UJom0LSzBsswQa3Z3piE",2,"e1",2,1,"nonVeridical","1"
"328","c3","10/1/21 13:49","three_pos_8_4_0_12.csv",0,4,"10/1/21 14:07","0","Finish","0",1,"","UJom0LSzBsswQa3Z3piE",2,"e2",3,2,"nonVeridical","0"
"329","c1","10/1/21 13:49","three_pos_8_4_0_12.csv",0,4,"10/1/21 14:07","0","Finish","0",1,"","UJom0LSzBsswQa3Z3piE",2,"e2",1,2,"nonVeridical","2"
"330","c2","10/1/21 13:49","three_pos_8_4_0_12.csv",0,3,"10/1/21 14:07","0","Finish","0",1,"","UJom0LSzBsswQa3Z3piE",2,"e2",2,2,"veridical","1"
"331","c3","10/1/21 13:49","three_pos_8_4_0_12.csv",0,6,"10/1/21 14:07","0","Finish","0",1,"","UJom0LSzBsswQa3Z3piE",2,"e3",3,3,"veridical","0"
"332","c1","10/1/21 13:49","three_pos_8_4_0_12.csv",0,2,"10/1/21 14:07","0","Finish","0",1,"","UJom0LSzBsswQa3Z3piE",2,"e3",1,3,"nonVeridical","2"
"333","c2","10/1/21 13:49","three_pos_8_4_0_12.csv",0,4,"10/1/21 14:07","0","Finish","0",1,"","UJom0LSzBsswQa3Z3piE",2,"e3",2,3,"nonVeridical","1"
"334","c3","10/1/21 13:50","three_pos_9_3_3_9.csv",0,9,"10/1/21 14:07","0","Finish","0",1,"","p1OFnQErZwAPUL0GgEfD",2,"e1",3,1,"nonVeridical","0"
"335","c1","10/1/21 13:50","three_pos_9_3_3_9.csv",0,7,"10/1/21 14:07","0","Finish","0",1,"","p1OFnQErZwAPUL0GgEfD",2,"e1",1,1,"veridical","2"
"336","c2","10/1/21 13:50","three_pos_9_3_3_9.csv",0,9,"10/1/21 14:07","0","Finish","0",1,"","p1OFnQErZwAPUL0GgEfD",2,"e1",2,1,"nonVeridical","1"
"337","c3","10/1/21 13:50","three_pos_9_3_3_9.csv",0,8,"10/1/21 14:07","0","Finish","0",1,"","p1OFnQErZwAPUL0GgEfD",2,"e2",3,2,"nonVeridical","0"
"338","c1","10/1/21 13:50","three_pos_9_3_3_9.csv",0,2,"10/1/21 14:07","0","Finish","0",1,"","p1OFnQErZwAPUL0GgEfD",2,"e2",1,2,"nonVeridical","2"
"339","c2","10/1/21 13:50","three_pos_9_3_3_9.csv",0,3,"10/1/21 14:07","0","Finish","0",1,"","p1OFnQErZwAPUL0GgEfD",2,"e2",2,2,"veridical","1"
"340","c3","10/1/21 13:50","three_pos_9_3_3_9.csv",0,6,"10/1/21 14:07","0","Finish","0",1,"","p1OFnQErZwAPUL0GgEfD",2,"e3",3,3,"veridical","0"
"341","c1","10/1/21 13:50","three_pos_9_3_3_9.csv",0,3,"10/1/21 14:07","0","Finish","0",1,"","p1OFnQErZwAPUL0GgEfD",2,"e3",1,3,"nonVeridical","2"
"342","c2","10/1/21 13:50","three_pos_9_3_3_9.csv",0,1,"10/1/21 14:07","0","Finish","0",1,"","p1OFnQErZwAPUL0GgEfD",2,"e3",2,3,"nonVeridical","1"
"343","c1","10/1/21 13:52","three_pos_9_3_3_9.csv",0,9,"10/1/21 14:00","0","Finish","0",1,"","T22vL6i9yKBJlosNINJr",3,"e1",1,1,"veridical","2"
"344","c3","10/1/21 13:52","three_pos_9_3_3_9.csv",0,2,"10/1/21 14:00","0","Finish","0",1,"","T22vL6i9yKBJlosNINJr",3,"e1",3,1,"nonVeridical","0"
"345","c2","10/1/21 13:52","three_pos_9_3_3_9.csv",0,1,"10/1/21 14:00","0","Finish","0",1,"","T22vL6i9yKBJlosNINJr",3,"e1",2,1,"nonVeridical","1"
"346","c1","10/1/21 13:52","three_pos_9_3_3_9.csv",0,1,"10/1/21 14:00","0","Finish","0",1,"","T22vL6i9yKBJlosNINJr",3,"e2",1,2,"nonVeridical","2"
"347","c3","10/1/21 13:52","three_pos_9_3_3_9.csv",0,1,"10/1/21 14:00","0","Finish","0",1,"","T22vL6i9yKBJlosNINJr",3,"e2",3,2,"nonVeridical","0"
"348","c2","10/1/21 13:52","three_pos_9_3_3_9.csv",0,10,"10/1/21 14:00","0","Finish","0",1,"","T22vL6i9yKBJlosNINJr",3,"e2",2,2,"veridical","1"
"349","c1","10/1/21 13:52","three_pos_9_3_3_9.csv",0,2,"10/1/21 14:00","0","Finish","0",1,"","T22vL6i9yKBJlosNINJr",3,"e3",1,3,"nonVeridical","2"
"350","c3","10/1/21 13:52","three_pos_9_3_3_9.csv",0,7,"10/1/21 14:00","0","Finish","0",1,"","T22vL6i9yKBJlosNINJr",3,"e3",3,3,"veridical","0"
"351","c2","10/1/21 13:52","three_pos_9_3_3_9.csv",0,1,"10/1/21 14:00","0","Finish","0",1,"","T22vL6i9yKBJlosNINJr",3,"e3",2,3,"nonVeridical","1"
"352","c3","10/1/21 13:52","three_pos_9_3_3_9.csv",0,7,"10/1/21 14:12","0","Finish","0",0,"","Cvf59KREccUd11SNpklr",1,"e1",3,1,"nonVeridical","0"
"353","c2","10/1/21 13:52","three_pos_9_3_3_9.csv",0,7,"10/1/21 14:12","0","Finish","0",0,"","Cvf59KREccUd11SNpklr",1,"e1",2,1,"nonVeridical","1"
"354","c1","10/1/21 13:52","three_pos_9_3_3_9.csv",0,7,"10/1/21 14:12","0","Finish","0",0,"","Cvf59KREccUd11SNpklr",1,"e1",1,1,"veridical","2"
"355","c3","10/1/21 13:52","three_pos_9_3_3_9.csv",0,5,"10/1/21 14:12","0","Finish","0",0,"","Cvf59KREccUd11SNpklr",1,"e2",3,2,"nonVeridical","0"
"356","c2","10/1/21 13:52","three_pos_9_3_3_9.csv",0,4,"10/1/21 14:12","0","Finish","0",0,"","Cvf59KREccUd11SNpklr",1,"e2",2,2,"veridical","1"
"357","c1","10/1/21 13:52","three_pos_9_3_3_9.csv",0,2,"10/1/21 14:12","0","Finish","0",0,"","Cvf59KREccUd11SNpklr",1,"e2",1,2,"nonVeridical","2"
"358","c3","10/1/21 13:52","three_pos_9_3_3_9.csv",0,6,"10/1/21 14:12","0","Finish","0",0,"","Cvf59KREccUd11SNpklr",1,"e3",3,3,"veridical","0"
"359","c2","10/1/21 13:52","three_pos_9_3_3_9.csv",0,10,"10/1/21 14:12","0","Finish","0",0,"","Cvf59KREccUd11SNpklr",1,"e3",2,3,"nonVeridical","1"
"360","c1","10/1/21 13:52","three_pos_9_3_3_9.csv",0,9,"10/1/21 14:12","0","Finish","0",0,"","Cvf59KREccUd11SNpklr",1,"e3",1,3,"nonVeridical","2"
"361","c2","10/1/21 13:53","three_pos_9_3_3_9.csv",0,10,"10/1/21 14:06","0","Finish","0",0,"","UXmgqvXNXRzuJ2jEAQrf",1,"e1",2,1,"nonVeridical","1"
"362","c3","10/1/21 13:53","three_pos_9_3_3_9.csv",0,7,"10/1/21 14:06","0","Finish","0",0,"","UXmgqvXNXRzuJ2jEAQrf",1,"e1",3,1,"nonVeridical","0"
"363","c1","10/1/21 13:53","three_pos_9_3_3_9.csv",0,8,"10/1/21 14:06","0","Finish","0",0,"","UXmgqvXNXRzuJ2jEAQrf",1,"e1",1,1,"veridical","2"
"364","c2","10/1/21 13:53","three_pos_9_3_3_9.csv",0,9,"10/1/21 14:06","0","Finish","0",0,"","UXmgqvXNXRzuJ2jEAQrf",1,"e2",2,2,"veridical","1"
"365","c3","10/1/21 13:53","three_pos_9_3_3_9.csv",0,8,"10/1/21 14:06","0","Finish","0",0,"","UXmgqvXNXRzuJ2jEAQrf",1,"e2",3,2,"nonVeridical","0"
"366","c1","10/1/21 13:53","three_pos_9_3_3_9.csv",0,7,"10/1/21 14:06","0","Finish","0",0,"","UXmgqvXNXRzuJ2jEAQrf",1,"e2",1,2,"nonVeridical","2"
"367","c2","10/1/21 13:53","three_pos_9_3_3_9.csv",0,8,"10/1/21 14:06","0","Finish","0",0,"","UXmgqvXNXRzuJ2jEAQrf",1,"e3",2,3,"nonVeridical","1"
"368","c3","10/1/21 13:53","three_pos_9_3_3_9.csv",0,10,"10/1/21 14:06","0","Finish","0",0,"","UXmgqvXNXRzuJ2jEAQrf",1,"e3",3,3,"veridical","0"
"369","c1","10/1/21 13:53","three_pos_9_3_3_9.csv",0,7,"10/1/21 14:06","0","Finish","0",0,"","UXmgqvXNXRzuJ2jEAQrf",1,"e3",1,3,"nonVeridical","2"
"370","c2","10/1/21 13:56","three_pos_8_4_0_12.csv",0,0,"10/1/21 14:06","0","Finish","0",1,"","NhecTBSHc7z67JB3dvBC",1,"e1",2,1,"nonVeridical","1"
"371","c3","10/1/21 13:56","three_pos_8_4_0_12.csv",0,1,"10/1/21 14:06","0","Finish","0",1,"","NhecTBSHc7z67JB3dvBC",1,"e1",3,1,"nonVeridical","0"
"372","c1","10/1/21 13:56","three_pos_8_4_0_12.csv",0,4,"10/1/21 14:06","0","Finish","0",1,"","NhecTBSHc7z67JB3dvBC",1,"e1",1,1,"veridical","2"
"373","c2","10/1/21 13:56","three_pos_8_4_0_12.csv",0,10,"10/1/21 14:06","0","Finish","0",1,"","NhecTBSHc7z67JB3dvBC",1,"e2",2,2,"veridical","1"
"374","c3","10/1/21 13:56","three_pos_8_4_0_12.csv",0,0,"10/1/21 14:06","0","Finish","0",1,"","NhecTBSHc7z67JB3dvBC",1,"e2",3,2,"nonVeridical","0"
"375","c1","10/1/21 13:56","three_pos_8_4_0_12.csv",0,0,"10/1/21 14:06","0","Finish","0",1,"","NhecTBSHc7z67JB3dvBC",1,"e2",1,2,"nonVeridical","2"
"376","c2","10/1/21 13:56","three_pos_8_4_0_12.csv",0,3,"10/1/21 14:06","0","Finish","0",1,"","NhecTBSHc7z67JB3dvBC",1,"e3",2,3,"nonVeridical","1"
"377","c3","10/1/21 13:56","three_pos_8_4_0_12.csv",0,5,"10/1/21 14:06","0","Finish","0",1,"","NhecTBSHc7z67JB3dvBC",1,"e3",3,3,"veridical","0"
"378","c1","10/1/21 13:56","three_pos_8_4_0_12.csv",0,6,"10/1/21 14:06","0","Finish","0",1,"","NhecTBSHc7z67JB3dvBC",1,"e3",1,3,"nonVeridical","2"
"379","c3","10/1/21 13:56","three_pos_10_2_0_12.csv",0,10,"10/1/21 14:06","0","Finish","0",1,"","A3PbVRJRoXj5Lqh4rDAe",2,"e1",3,1,"nonVeridical","0"
"380","c2","10/1/21 13:56","three_pos_10_2_0_12.csv",0,0,"10/1/21 14:06","0","Finish","0",1,"","A3PbVRJRoXj5Lqh4rDAe",2,"e1",2,1,"nonVeridical","1"
"381","c1","10/1/21 13:56","three_pos_10_2_0_12.csv",0,3,"10/1/21 14:06","0","Finish","0",1,"","A3PbVRJRoXj5Lqh4rDAe",2,"e1",1,1,"veridical","2"
"382","c3","10/1/21 13:56","three_pos_10_2_0_12.csv",0,2,"10/1/21 14:06","0","Finish","0",1,"","A3PbVRJRoXj5Lqh4rDAe",2,"e2",3,2,"nonVeridical","0"
"383","c2","10/1/21 13:56","three_pos_10_2_0_12.csv",0,10,"10/1/21 14:06","0","Finish","0",1,"","A3PbVRJRoXj5Lqh4rDAe",2,"e2",2,2,"veridical","1"
"384","c1","10/1/21 13:56","three_pos_10_2_0_12.csv",0,0,"10/1/21 14:06","0","Finish","0",1,"","A3PbVRJRoXj5Lqh4rDAe",2,"e2",1,2,"nonVeridical","2"
"385","c3","10/1/21 13:56","three_pos_10_2_0_12.csv",0,10,"10/1/21 14:06","0","Finish","0",1,"","A3PbVRJRoXj5Lqh4rDAe",2,"e3",3,3,"veridical","0"
"386","c2","10/1/21 13:56","three_pos_10_2_0_12.csv",0,3,"10/1/21 14:06","0","Finish","0",1,"","A3PbVRJRoXj5Lqh4rDAe",2,"e3",2,3,"nonVeridical","1"
"387","c1","10/1/21 13:56","three_pos_10_2_0_12.csv",0,0,"10/1/21 14:06","0","Finish","0",1,"","A3PbVRJRoXj5Lqh4rDAe",2,"e3",1,3,"nonVeridical","2"
"388","c1","10/1/21 13:57","three_pos_8_4_0_12.csv",0,5,"10/1/21 14:08","0","Finish","0",1,"","StBEIu3BJ4TFUeZfUcQA",2,"e1",1,1,"veridical","2"
"389","c3","10/1/21 13:57","three_pos_8_4_0_12.csv",0,3,"10/1/21 14:08","0","Finish","0",1,"","StBEIu3BJ4TFUeZfUcQA",2,"e1",3,1,"nonVeridical","0"
"390","c2","10/1/21 13:57","three_pos_8_4_0_12.csv",0,5,"10/1/21 14:08","0","Finish","0",1,"","StBEIu3BJ4TFUeZfUcQA",2,"e1",2,1,"nonVeridical","1"
"391","c1","10/1/21 13:57","three_pos_8_4_0_12.csv",0,1,"10/1/21 14:08","0","Finish","0",1,"","StBEIu3BJ4TFUeZfUcQA",2,"e2",1,2,"nonVeridical","2"
"392","c3","10/1/21 13:57","three_pos_8_4_0_12.csv",0,2,"10/1/21 14:08","0","Finish","0",1,"","StBEIu3BJ4TFUeZfUcQA",2,"e2",3,2,"nonVeridical","0"
"393","c2","10/1/21 13:57","three_pos_8_4_0_12.csv",0,7,"10/1/21 14:08","0","Finish","0",1,"","StBEIu3BJ4TFUeZfUcQA",2,"e2",2,2,"veridical","1"
"394","c1","10/1/21 13:57","three_pos_8_4_0_12.csv",0,4,"10/1/21 14:08","0","Finish","0",1,"","StBEIu3BJ4TFUeZfUcQA",2,"e3",1,3,"nonVeridical","2"
"395","c3","10/1/21 13:57","three_pos_8_4_0_12.csv",0,1,"10/1/21 14:08","0","Finish","0",1,"","StBEIu3BJ4TFUeZfUcQA",2,"e3",3,3,"veridical","0"
"396","c2","10/1/21 13:57","three_pos_8_4_0_12.csv",0,2,"10/1/21 14:08","0","Finish","0",1,"","StBEIu3BJ4TFUeZfUcQA",2,"e3",2,3,"nonVeridical","1"
"397","c3","10/1/21 13:59","three_pos_10_2_0_12.csv",0,6,"10/1/21 14:12","0","Finish","0",1,"","i4uVKVDTwYP6mprYKPtr",3,"e1",3,1,"nonVeridical","0"
"398","c1","10/1/21 13:59","three_pos_10_2_0_12.csv",0,7,"10/1/21 14:12","0","Finish","0",1,"","i4uVKVDTwYP6mprYKPtr",3,"e1",1,1,"veridical","2"
"399","c2","10/1/21 13:59","three_pos_10_2_0_12.csv",0,4,"10/1/21 14:12","0","Finish","0",1,"","i4uVKVDTwYP6mprYKPtr",3,"e1",2,1,"nonVeridical","1"
"400","c3","10/1/21 13:59","three_pos_10_2_0_12.csv",0,7,"10/1/21 14:12","0","Finish","0",1,"","i4uVKVDTwYP6mprYKPtr",3,"e2",3,2,"nonVeridical","0"
"401","c1","10/1/21 13:59","three_pos_10_2_0_12.csv",0,3,"10/1/21 14:12","0","Finish","0",1,"","i4uVKVDTwYP6mprYKPtr",3,"e2",1,2,"nonVeridical","2"
"402","c2","10/1/21 13:59","three_pos_10_2_0_12.csv",0,5,"10/1/21 14:12","0","Finish","0",1,"","i4uVKVDTwYP6mprYKPtr",3,"e2",2,2,"veridical","1"
"403","c3","10/1/21 13:59","three_pos_10_2_0_12.csv",0,10,"10/1/21 14:12","0","Finish","0",1,"","i4uVKVDTwYP6mprYKPtr",3,"e3",3,3,"veridical","0"
"404","c1","10/1/21 13:59","three_pos_10_2_0_12.csv",0,5,"10/1/21 14:12","0","Finish","0",1,"","i4uVKVDTwYP6mprYKPtr",3,"e3",1,3,"nonVeridical","2"
"405","c2","10/1/21 13:59","three_pos_10_2_0_12.csv",0,6,"10/1/21 14:12","0","Finish","0",1,"","i4uVKVDTwYP6mprYKPtr",3,"e3",2,3,"nonVeridical","1"
"406","c2","10/1/21 13:59","three_pos_8_4_0_12.csv",0,1,"10/1/21 14:14","0","Finish","0",1,"","stnGERekLjD29sqoteiB",3,"e1",2,1,"nonVeridical","1"
"407","c1","10/1/21 13:59","three_pos_8_4_0_12.csv",0,7,"10/1/21 14:14","0","Finish","0",1,"","stnGERekLjD29sqoteiB",3,"e1",1,1,"veridical","2"
"408","c3","10/1/21 13:59","three_pos_8_4_0_12.csv",0,3,"10/1/21 14:14","0","Finish","0",1,"","stnGERekLjD29sqoteiB",3,"e1",3,1,"nonVeridical","0"
"409","c2","10/1/21 13:59","three_pos_8_4_0_12.csv",0,9,"10/1/21 14:14","0","Finish","0",1,"","stnGERekLjD29sqoteiB",3,"e2",2,2,"veridical","1"
"410","c1","10/1/21 13:59","three_pos_8_4_0_12.csv",0,4,"10/1/21 14:14","0","Finish","0",1,"","stnGERekLjD29sqoteiB",3,"e2",1,2,"nonVeridical","2"
"411","c3","10/1/21 13:59","three_pos_8_4_0_12.csv",0,1,"10/1/21 14:14","0","Finish","0",1,"","stnGERekLjD29sqoteiB",3,"e2",3,2,"nonVeridical","0"
"412","c2","10/1/21 13:59","three_pos_8_4_0_12.csv",0,5,"10/1/21 14:14","0","Finish","0",1,"","stnGERekLjD29sqoteiB",3,"e3",2,3,"nonVeridical","1"
"413","c1","10/1/21 13:59","three_pos_8_4_0_12.csv",0,1,"10/1/21 14:14","0","Finish","0",1,"","stnGERekLjD29sqoteiB",3,"e3",1,3,"nonVeridical","2"
"414","c3","10/1/21 13:59","three_pos_8_4_0_12.csv",0,4,"10/1/21 14:14","0","Finish","0",1,"","stnGERekLjD29sqoteiB",3,"e3",3,3,"veridical","0"
"415","c3","10/1/21 14:00","three_pos_10_2_0_12.csv",0,5,"10/1/21 14:16","0","Finish","0",0,"running","AKMFS9fv3LaWIW3fdCvG",1,"e1",3,1,"nonVeridical","0"
"416","c1","10/1/21 14:00","three_pos_10_2_0_12.csv",0,8,"10/1/21 14:16","0","Finish","0",0,"running","AKMFS9fv3LaWIW3fdCvG",1,"e1",1,1,"veridical","2"
"417","c2","10/1/21 14:00","three_pos_10_2_0_12.csv",0,7,"10/1/21 14:16","0","Finish","0",0,"running","AKMFS9fv3LaWIW3fdCvG",1,"e1",2,1,"nonVeridical","1"
"418","c3","10/1/21 14:00","three_pos_10_2_0_12.csv",0,5,"10/1/21 14:16","0","Finish","0",0,"running","AKMFS9fv3LaWIW3fdCvG",1,"e2",3,2,"nonVeridical","0"
"419","c1","10/1/21 14:00","three_pos_10_2_0_12.csv",0,6,"10/1/21 14:16","0","Finish","0",0,"running","AKMFS9fv3LaWIW3fdCvG",1,"e2",1,2,"nonVeridical","2"
"420","c2","10/1/21 14:00","three_pos_10_2_0_12.csv",0,6,"10/1/21 14:16","0","Finish","0",0,"running","AKMFS9fv3LaWIW3fdCvG",1,"e2",2,2,"veridical","1"
"421","c3","10/1/21 14:00","three_pos_10_2_0_12.csv",0,5,"10/1/21 14:16","0","Finish","0",0,"running","AKMFS9fv3LaWIW3fdCvG",1,"e3",3,3,"veridical","0"
"422","c1","10/1/21 14:00","three_pos_10_2_0_12.csv",0,8,"10/1/21 14:16","0","Finish","0",0,"running","AKMFS9fv3LaWIW3fdCvG",1,"e3",1,3,"nonVeridical","2"
"423","c2","10/1/21 14:00","three_pos_10_2_0_12.csv",0,8,"10/1/21 14:16","0","Finish","0",0,"running","AKMFS9fv3LaWIW3fdCvG",1,"e3",2,3,"nonVeridical","1"
"424","c3","10/1/21 14:02","three_pos_9_3_3_9.csv",0,7,"10/1/21 14:13","0","Finish","0",1,"","EmTRl29eYyfXZp16FKvD",3,"e1",3,1,"nonVeridical","0"
"425","c2","10/1/21 14:02","three_pos_9_3_3_9.csv",0,8,"10/1/21 14:13","0","Finish","0",1,"","EmTRl29eYyfXZp16FKvD",3,"e1",2,1,"nonVeridical","1"
"426","c1","10/1/21 14:02","three_pos_9_3_3_9.csv",0,4,"10/1/21 14:13","0","Finish","0",1,"","EmTRl29eYyfXZp16FKvD",3,"e1",1,1,"veridical","2"
"427","c3","10/1/21 14:02","three_pos_9_3_3_9.csv",0,4,"10/1/21 14:13","0","Finish","0",1,"","EmTRl29eYyfXZp16FKvD",3,"e2",3,2,"nonVeridical","0"
"428","c2","10/1/21 14:02","three_pos_9_3_3_9.csv",0,7,"10/1/21 14:13","0","Finish","0",1,"","EmTRl29eYyfXZp16FKvD",3,"e2",2,2,"veridical","1"
"429","c1","10/1/21 14:02","three_pos_9_3_3_9.csv",0,8,"10/1/21 14:13","0","Finish","0",1,"","EmTRl29eYyfXZp16FKvD",3,"e2",1,2,"nonVeridical","2"
"430","c3","10/1/21 14:02","three_pos_9_3_3_9.csv",0,5,"10/1/21 14:13","0","Finish","0",1,"","EmTRl29eYyfXZp16FKvD",3,"e3",3,3,"veridical","0"
"431","c2","10/1/21 14:02","three_pos_9_3_3_9.csv",0,2,"10/1/21 14:13","0","Finish","0",1,"","EmTRl29eYyfXZp16FKvD",3,"e3",2,3,"nonVeridical","1"
"432","c1","10/1/21 14:02","three_pos_9_3_3_9.csv",0,6,"10/1/21 14:13","0","Finish","0",1,"","EmTRl29eYyfXZp16FKvD",3,"e3",1,3,"nonVeridical","2"
"433","c1","10/1/21 14:02","three_pos_8_4_0_12.csv",0,4,"10/1/21 14:13","0","Finish","0",1,"","iPHZRay8YFoCoa9FFdHj",1,"e1",1,1,"veridical","2"
"434","c2","10/1/21 14:02","three_pos_8_4_0_12.csv",0,6,"10/1/21 14:13","0","Finish","0",1,"","iPHZRay8YFoCoa9FFdHj",1,"e1",2,1,"nonVeridical","1"
"435","c3","10/1/21 14:02","three_pos_8_4_0_12.csv",0,2,"10/1/21 14:13","0","Finish","0",1,"","iPHZRay8YFoCoa9FFdHj",1,"e1",3,1,"nonVeridical","0"
"436","c1","10/1/21 14:02","three_pos_8_4_0_12.csv",0,3,"10/1/21 14:13","0","Finish","0",1,"","iPHZRay8YFoCoa9FFdHj",1,"e2",1,2,"nonVeridical","2"
"437","c2","10/1/21 14:02","three_pos_8_4_0_12.csv",0,3,"10/1/21 14:13","0","Finish","0",1,"","iPHZRay8YFoCoa9FFdHj",1,"e2",2,2,"veridical","1"
"438","c3","10/1/21 14:02","three_pos_8_4_0_12.csv",0,8,"10/1/21 14:13","0","Finish","0",1,"","iPHZRay8YFoCoa9FFdHj",1,"e2",3,2,"nonVeridical","0"
"439","c1","10/1/21 14:02","three_pos_8_4_0_12.csv",0,8,"10/1/21 14:13","0","Finish","0",1,"","iPHZRay8YFoCoa9FFdHj",1,"e3",1,3,"nonVeridical","2"
"440","c2","10/1/21 14:02","three_pos_8_4_0_12.csv",0,7,"10/1/21 14:13","0","Finish","0",1,"","iPHZRay8YFoCoa9FFdHj",1,"e3",2,3,"nonVeridical","1"
"441","c3","10/1/21 14:02","three_pos_8_4_0_12.csv",0,8,"10/1/21 14:13","0","Finish","0",1,"","iPHZRay8YFoCoa9FFdHj",1,"e3",3,3,"veridical","0"
"442","c3","10/1/21 14:03","three_pos_8_4_0_12.csv",0,3,"10/1/21 14:15","0","Finish","0",1,"","vghsyvxD3auPc2gnARmR",2,"e1",3,1,"nonVeridical","0"
"443","c1","10/1/21 14:03","three_pos_8_4_0_12.csv",0,7,"10/1/21 14:15","0","Finish","0",1,"","vghsyvxD3auPc2gnARmR",2,"e1",1,1,"veridical","2"
"444","c2","10/1/21 14:03","three_pos_8_4_0_12.csv",0,7,"10/1/21 14:15","0","Finish","0",1,"","vghsyvxD3auPc2gnARmR",2,"e1",2,1,"nonVeridical","1"
"445","c3","10/1/21 14:03","three_pos_8_4_0_12.csv",0,4,"10/1/21 14:15","0","Finish","0",1,"","vghsyvxD3auPc2gnARmR",2,"e2",3,2,"nonVeridical","0"
"446","c1","10/1/21 14:03","three_pos_8_4_0_12.csv",0,3,"10/1/21 14:15","0","Finish","0",1,"","vghsyvxD3auPc2gnARmR",2,"e2",1,2,"nonVeridical","2"
"447","c2","10/1/21 14:03","three_pos_8_4_0_12.csv",0,6,"10/1/21 14:15","0","Finish","0",1,"","vghsyvxD3auPc2gnARmR",2,"e2",2,2,"veridical","1"
"448","c3","10/1/21 14:03","three_pos_8_4_0_12.csv",0,8,"10/1/21 14:15","0","Finish","0",1,"","vghsyvxD3auPc2gnARmR",2,"e3",3,3,"veridical","0"
"449","c1","10/1/21 14:03","three_pos_8_4_0_12.csv",0,3,"10/1/21 14:15","0","Finish","0",1,"","vghsyvxD3auPc2gnARmR",2,"e3",1,3,"nonVeridical","2"
"450","c2","10/1/21 14:03","three_pos_8_4_0_12.csv",0,2,"10/1/21 14:15","0","Finish","0",1,"","vghsyvxD3auPc2gnARmR",2,"e3",2,3,"nonVeridical","1"
"451","c2","10/1/21 14:04","three_pos_10_2_0_12.csv",0,6,"10/1/21 14:15","1","Finish","1",0,"skiing_soccer_snowboarding_running_hockey","Mq4jsKdVfePy0CQl1sat",2,"e1",2,1,"nonVeridical","1"
"452","c1","10/1/21 14:04","three_pos_10_2_0_12.csv",0,3,"10/1/21 14:15","1","Finish","1",0,"skiing_soccer_snowboarding_running_hockey","Mq4jsKdVfePy0CQl1sat",2,"e1",1,1,"veridical","2"
"453","c3","10/1/21 14:04","three_pos_10_2_0_12.csv",0,2,"10/1/21 14:15","1","Finish","1",0,"skiing_soccer_snowboarding_running_hockey","Mq4jsKdVfePy0CQl1sat",2,"e1",3,1,"nonVeridical","0"
"454","c2","10/1/21 14:04","three_pos_10_2_0_12.csv",0,3,"10/1/21 14:15","1","Finish","1",0,"skiing_soccer_snowboarding_running_hockey","Mq4jsKdVfePy0CQl1sat",2,"e2",2,2,"veridical","1"
"455","c1","10/1/21 14:04","three_pos_10_2_0_12.csv",0,3,"10/1/21 14:15","1","Finish","1",0,"skiing_soccer_snowboarding_running_hockey","Mq4jsKdVfePy0CQl1sat",2,"e2",1,2,"nonVeridical","2"
"456","c3","10/1/21 14:04","three_pos_10_2_0_12.csv",0,3,"10/1/21 14:15","1","Finish","1",0,"skiing_soccer_snowboarding_running_hockey","Mq4jsKdVfePy0CQl1sat",2,"e2",3,2,"nonVeridical","0"
"457","c2","10/1/21 14:04","three_pos_10_2_0_12.csv",0,4,"10/1/21 14:15","1","Finish","1",0,"skiing_soccer_snowboarding_running_hockey","Mq4jsKdVfePy0CQl1sat",2,"e3",2,3,"nonVeridical","1"
"458","c1","10/1/21 14:04","three_pos_10_2_0_12.csv",0,4,"10/1/21 14:15","1","Finish","1",0,"skiing_soccer_snowboarding_running_hockey","Mq4jsKdVfePy0CQl1sat",2,"e3",1,3,"nonVeridical","2"
"459","c3","10/1/21 14:04","three_pos_10_2_0_12.csv",0,3,"10/1/21 14:15","1","Finish","1",0,"skiing_soccer_snowboarding_running_hockey","Mq4jsKdVfePy0CQl1sat",2,"e3",3,3,"veridical","0"
"460","c2","10/1/21 14:05","three_pos_9_3_3_9.csv",0,6,"10/1/21 14:18","0","Finish","0",0,"running","30NpsfVB7YfJfG6hyfMi",1,"e1",2,1,"nonVeridical","1"
"461","c3","10/1/21 14:05","three_pos_9_3_3_9.csv",0,8,"10/1/21 14:18","0","Finish","0",0,"running","30NpsfVB7YfJfG6hyfMi",1,"e1",3,1,"nonVeridical","0"
"462","c1","10/1/21 14:05","three_pos_9_3_3_9.csv",0,7,"10/1/21 14:18","0","Finish","0",0,"running","30NpsfVB7YfJfG6hyfMi",1,"e1",1,1,"veridical","2"
"463","c2","10/1/21 14:05","three_pos_9_3_3_9.csv",0,9,"10/1/21 14:18","0","Finish","0",0,"running","30NpsfVB7YfJfG6hyfMi",1,"e2",2,2,"veridical","1"
"464","c3","10/1/21 14:05","three_pos_9_3_3_9.csv",0,8,"10/1/21 14:18","0","Finish","0",0,"running","30NpsfVB7YfJfG6hyfMi",1,"e2",3,2,"nonVeridical","0"
"465","c1","10/1/21 14:05","three_pos_9_3_3_9.csv",0,7,"10/1/21 14:18","0","Finish","0",0,"running","30NpsfVB7YfJfG6hyfMi",1,"e2",1,2,"nonVeridical","2"
"466","c2","10/1/21 14:05","three_pos_9_3_3_9.csv",0,7,"10/1/21 14:18","0","Finish","0",0,"running","30NpsfVB7YfJfG6hyfMi",1,"e3",2,3,"nonVeridical","1"
"467","c3","10/1/21 14:05","three_pos_9_3_3_9.csv",0,7,"10/1/21 14:18","0","Finish","0",0,"running","30NpsfVB7YfJfG6hyfMi",1,"e3",3,3,"veridical","0"
"468","c1","10/1/21 14:05","three_pos_9_3_3_9.csv",0,8,"10/1/21 14:18","0","Finish","0",0,"running","30NpsfVB7YfJfG6hyfMi",1,"e3",1,3,"nonVeridical","2"
"469","c1","10/1/21 14:06","three_pos_10_2_0_12.csv",0,8,"10/1/21 14:19","0","Finish","0",1,"","x5Bhc2AUUST6iNTEpwDp",1,"e1",1,1,"veridical","2"
"470","c3","10/1/21 14:06","three_pos_10_2_0_12.csv",0,4,"10/1/21 14:19","0","Finish","0",1,"","x5Bhc2AUUST6iNTEpwDp",1,"e1",3,1,"nonVeridical","0"
"471","c2","10/1/21 14:06","three_pos_10_2_0_12.csv",0,2,"10/1/21 14:19","0","Finish","0",1,"","x5Bhc2AUUST6iNTEpwDp",1,"e1",2,1,"nonVeridical","1"
"472","c1","10/1/21 14:06","three_pos_10_2_0_12.csv",0,5,"10/1/21 14:19","0","Finish","0",1,"","x5Bhc2AUUST6iNTEpwDp",1,"e2",1,2,"nonVeridical","2"
"473","c3","10/1/21 14:06","three_pos_10_2_0_12.csv",0,7,"10/1/21 14:19","0","Finish","0",1,"","x5Bhc2AUUST6iNTEpwDp",1,"e2",3,2,"nonVeridical","0"
"474","c2","10/1/21 14:06","three_pos_10_2_0_12.csv",0,3,"10/1/21 14:19","0","Finish","0",1,"","x5Bhc2AUUST6iNTEpwDp",1,"e2",2,2,"veridical","1"
"475","c1","10/1/21 14:06","three_pos_10_2_0_12.csv",0,2,"10/1/21 14:19","0","Finish","0",1,"","x5Bhc2AUUST6iNTEpwDp",1,"e3",1,3,"nonVeridical","2"
"476","c3","10/1/21 14:06","three_pos_10_2_0_12.csv",0,3,"10/1/21 14:19","0","Finish","0",1,"","x5Bhc2AUUST6iNTEpwDp",1,"e3",3,3,"veridical","0"
"477","c2","10/1/21 14:06","three_pos_10_2_0_12.csv",0,8,"10/1/21 14:19","0","Finish","0",1,"","x5Bhc2AUUST6iNTEpwDp",1,"e3",2,3,"nonVeridical","1"
"478","c1","10/1/21 14:13","three_pos_8_4_0_12.csv",0,7,"10/1/21 14:22","0","Finish","0",1,"","5yeBaFKLfUfho94RjRbA",3,"e1",1,1,"veridical","2"
"479","c3","10/1/21 14:13","three_pos_8_4_0_12.csv",0,7,"10/1/21 14:22","0","Finish","0",1,"","5yeBaFKLfUfho94RjRbA",3,"e1",3,1,"nonVeridical","0"
"480","c2","10/1/21 14:13","three_pos_8_4_0_12.csv",0,7,"10/1/21 14:22","0","Finish","0",1,"","5yeBaFKLfUfho94RjRbA",3,"e1",2,1,"nonVeridical","1"
"481","c1","10/1/21 14:13","three_pos_8_4_0_12.csv",0,3,"10/1/21 14:22","0","Finish","0",1,"","5yeBaFKLfUfho94RjRbA",3,"e2",1,2,"nonVeridical","2"
"482","c3","10/1/21 14:13","three_pos_8_4_0_12.csv",0,4,"10/1/21 14:22","0","Finish","0",1,"","5yeBaFKLfUfho94RjRbA",3,"e2",3,2,"nonVeridical","0"
"483","c2","10/1/21 14:13","three_pos_8_4_0_12.csv",0,4,"10/1/21 14:22","0","Finish","0",1,"","5yeBaFKLfUfho94RjRbA",3,"e2",2,2,"veridical","1"
"484","c1","10/1/21 14:13","three_pos_8_4_0_12.csv",0,5,"10/1/21 14:22","0","Finish","0",1,"","5yeBaFKLfUfho94RjRbA",3,"e3",1,3,"nonVeridical","2"
"485","c3","10/1/21 14:13","three_pos_8_4_0_12.csv",0,8,"10/1/21 14:22","0","Finish","0",1,"","5yeBaFKLfUfho94RjRbA",3,"e3",3,3,"veridical","0"
"486","c2","10/1/21 14:13","three_pos_8_4_0_12.csv",0,7,"10/1/21 14:22","0","Finish","0",1,"","5yeBaFKLfUfho94RjRbA",3,"e3",2,3,"nonVeridical","1"
"487","c2","10/1/21 14:21","three_pos_9_3_3_9.csv",0,8,"10/1/21 14:43","0","Finish","0",0,"cycling_running_snowboarding_tennis_basketball","iZddQ452B9Dq4sn3ivVu",2,"e1",2,1,"nonVeridical","1"
"488","c3","10/1/21 14:21","three_pos_9_3_3_9.csv",0,9,"10/1/21 14:43","0","Finish","0",0,"cycling_running_snowboarding_tennis_basketball","iZddQ452B9Dq4sn3ivVu",2,"e1",3,1,"nonVeridical","0"
"489","c1","10/1/21 14:21","three_pos_9_3_3_9.csv",0,7,"10/1/21 14:43","0","Finish","0",0,"cycling_running_snowboarding_tennis_basketball","iZddQ452B9Dq4sn3ivVu",2,"e1",1,1,"veridical","2"
"490","c2","10/1/21 14:21","three_pos_9_3_3_9.csv",0,8,"10/1/21 14:43","0","Finish","0",0,"cycling_running_snowboarding_tennis_basketball","iZddQ452B9Dq4sn3ivVu",2,"e2",2,2,"veridical","1"
"491","c3","10/1/21 14:21","three_pos_9_3_3_9.csv",0,8,"10/1/21 14:43","0","Finish","0",0,"cycling_running_snowboarding_tennis_basketball","iZddQ452B9Dq4sn3ivVu",2,"e2",3,2,"nonVeridical","0"
"492","c1","10/1/21 14:21","three_pos_9_3_3_9.csv",0,4,"10/1/21 14:43","0","Finish","0",0,"cycling_running_snowboarding_tennis_basketball","iZddQ452B9Dq4sn3ivVu",2,"e2",1,2,"nonVeridical","2"
"493","c2","10/1/21 14:21","three_pos_9_3_3_9.csv",0,9,"10/1/21 14:43","0","Finish","0",0,"cycling_running_snowboarding_tennis_basketball","iZddQ452B9Dq4sn3ivVu",2,"e3",2,3,"nonVeridical","1"
"494","c3","10/1/21 14:21","three_pos_9_3_3_9.csv",0,6,"10/1/21 14:43","0","Finish","0",0,"cycling_running_snowboarding_tennis_basketball","iZddQ452B9Dq4sn3ivVu",2,"e3",3,3,"veridical","0"
"495","c1","10/1/21 14:21","three_pos_9_3_3_9.csv",0,8,"10/1/21 14:43","0","Finish","0",0,"cycling_running_snowboarding_tennis_basketball","iZddQ452B9Dq4sn3ivVu",2,"e3",1,3,"nonVeridical","2"
"496","c1","10/1/21 14:25","three_pos_10_2_0_12.csv",0,6,"10/1/21 14:51","0","Finish","1",0,"running_cycling_tennis","Ix1Pmi9t4VtxwrMeSe4Q",2,"e1",1,1,"veridical","2"
"497","c2","10/1/21 14:25","three_pos_10_2_0_12.csv",0,6,"10/1/21 14:51","0","Finish","1",0,"running_cycling_tennis","Ix1Pmi9t4VtxwrMeSe4Q",2,"e1",2,1,"nonVeridical","1"
"498","c3","10/1/21 14:25","three_pos_10_2_0_12.csv",0,3,"10/1/21 14:51","0","Finish","1",0,"running_cycling_tennis","Ix1Pmi9t4VtxwrMeSe4Q",2,"e1",3,1,"nonVeridical","0"
"499","c1","10/1/21 14:25","three_pos_10_2_0_12.csv",0,4,"10/1/21 14:51","0","Finish","1",0,"running_cycling_tennis","Ix1Pmi9t4VtxwrMeSe4Q",2,"e2",1,2,"nonVeridical","2"
"500","c2","10/1/21 14:25","three_pos_10_2_0_12.csv",0,2,"10/1/21 14:51","0","Finish","1",0,"running_cycling_tennis","Ix1Pmi9t4VtxwrMeSe4Q",2,"e2",2,2,"veridical","1"
"501","c3","10/1/21 14:25","three_pos_10_2_0_12.csv",0,1,"10/1/21 14:51","0","Finish","1",0,"running_cycling_tennis","Ix1Pmi9t4VtxwrMeSe4Q",2,"e2",3,2,"nonVeridical","0"
"502","c1","10/1/21 14:25","three_pos_10_2_0_12.csv",0,3,"10/1/21 14:51","0","Finish","1",0,"running_cycling_tennis","Ix1Pmi9t4VtxwrMeSe4Q",2,"e3",1,3,"nonVeridical","2"
"503","c2","10/1/21 14:25","three_pos_10_2_0_12.csv",0,5,"10/1/21 14:51","0","Finish","1",0,"running_cycling_tennis","Ix1Pmi9t4VtxwrMeSe4Q",2,"e3",2,3,"nonVeridical","1"
"504","c3","10/1/21 14:25","three_pos_10_2_0_12.csv",0,7,"10/1/21 14:51","0","Finish","1",0,"running_cycling_tennis","Ix1Pmi9t4VtxwrMeSe4Q",2,"e3",3,3,"veridical","0"
"505","c1","10/1/21 14:28","three_pos_8_4_0_12.csv",0,6,"10/1/21 14:49","0","Finish","0",1,"","hcx2gXyZ5ZV6ecG0LPwR",1,"e1",1,1,"veridical","2"
"506","c3","10/1/21 14:28","three_pos_8_4_0_12.csv",0,6,"10/1/21 14:49","0","Finish","0",1,"","hcx2gXyZ5ZV6ecG0LPwR",1,"e1",3,1,"nonVeridical","0"
"507","c2","10/1/21 14:28","three_pos_8_4_0_12.csv",0,6,"10/1/21 14:49","0","Finish","0",1,"","hcx2gXyZ5ZV6ecG0LPwR",1,"e1",2,1,"nonVeridical","1"
"508","c1","10/1/21 14:28","three_pos_8_4_0_12.csv",0,4,"10/1/21 14:49","0","Finish","0",1,"","hcx2gXyZ5ZV6ecG0LPwR",1,"e2",1,2,"nonVeridical","2"
"509","c3","10/1/21 14:28","three_pos_8_4_0_12.csv",0,5,"10/1/21 14:49","0","Finish","0",1,"","hcx2gXyZ5ZV6ecG0LPwR",1,"e2",3,2,"nonVeridical","0"
"510","c2","10/1/21 14:28","three_pos_8_4_0_12.csv",0,4,"10/1/21 14:49","0","Finish","0",1,"","hcx2gXyZ5ZV6ecG0LPwR",1,"e2",2,2,"veridical","1"
"511","c1","10/1/21 14:28","three_pos_8_4_0_12.csv",0,7,"10/1/21 14:49","0","Finish","0",1,"","hcx2gXyZ5ZV6ecG0LPwR",1,"e3",1,3,"nonVeridical","2"
"512","c3","10/1/21 14:28","three_pos_8_4_0_12.csv",0,6,"10/1/21 14:49","0","Finish","0",1,"","hcx2gXyZ5ZV6ecG0LPwR",1,"e3",3,3,"veridical","0"
"513","c2","10/1/21 14:28","three_pos_8_4_0_12.csv",0,6,"10/1/21 14:49","0","Finish","0",1,"","hcx2gXyZ5ZV6ecG0LPwR",1,"e3",2,3,"nonVeridical","1"
"514","c3","10/1/21 14:29","three_pos_9_3_3_9.csv",0,0,"10/1/21 14:39","0","Finish","0",1,"","OIgssz0pMtBZRfhtDORH",2,"e1",3,1,"nonVeridical","0"
"515","c2","10/1/21 14:29","three_pos_9_3_3_9.csv",0,0,"10/1/21 14:39","0","Finish","0",1,"","OIgssz0pMtBZRfhtDORH",2,"e1",2,1,"nonVeridical","1"
"516","c1","10/1/21 14:29","three_pos_9_3_3_9.csv",0,5,"10/1/21 14:39","0","Finish","0",1,"","OIgssz0pMtBZRfhtDORH",2,"e1",1,1,"veridical","2"
"517","c3","10/1/21 14:29","three_pos_9_3_3_9.csv",0,0,"10/1/21 14:39","0","Finish","0",1,"","OIgssz0pMtBZRfhtDORH",2,"e2",3,2,"nonVeridical","0"
"518","c2","10/1/21 14:29","three_pos_9_3_3_9.csv",0,5,"10/1/21 14:39","0","Finish","0",1,"","OIgssz0pMtBZRfhtDORH",2,"e2",2,2,"veridical","1"
"519","c1","10/1/21 14:29","three_pos_9_3_3_9.csv",0,0,"10/1/21 14:39","0","Finish","0",1,"","OIgssz0pMtBZRfhtDORH",2,"e2",1,2,"nonVeridical","2"
"520","c3","10/1/21 14:29","three_pos_9_3_3_9.csv",0,5,"10/1/21 14:39","0","Finish","0",1,"","OIgssz0pMtBZRfhtDORH",2,"e3",3,3,"veridical","0"
"521","c2","10/1/21 14:29","three_pos_9_3_3_9.csv",0,0,"10/1/21 14:39","0","Finish","0",1,"","OIgssz0pMtBZRfhtDORH",2,"e3",2,3,"nonVeridical","1"
"522","c1","10/1/21 14:29","three_pos_9_3_3_9.csv",0,0,"10/1/21 14:39","0","Finish","0",1,"","OIgssz0pMtBZRfhtDORH",2,"e3",1,3,"nonVeridical","2"
"523","c2","10/1/21 14:30","three_pos_10_2_0_12.csv",0,10,"10/1/21 14:48","0","Finish","0",1,"","MBFuUCo5ZIctuBr6v2wv",1,"e1",2,1,"nonVeridical","1"
"524","c3","10/1/21 14:30","three_pos_10_2_0_12.csv",0,8,"10/1/21 14:48","0","Finish","0",1,"","MBFuUCo5ZIctuBr6v2wv",1,"e1",3,1,"nonVeridical","0"
"525","c1","10/1/21 14:30","three_pos_10_2_0_12.csv",0,10,"10/1/21 14:48","0","Finish","0",1,"","MBFuUCo5ZIctuBr6v2wv",1,"e1",1,1,"veridical","2"
"526","c2","10/1/21 14:30","three_pos_10_2_0_12.csv",0,9,"10/1/21 14:48","0","Finish","0",1,"","MBFuUCo5ZIctuBr6v2wv",1,"e2",2,2,"veridical","1"
"527","c3","10/1/21 14:30","three_pos_10_2_0_12.csv",0,9,"10/1/21 14:48","0","Finish","0",1,"","MBFuUCo5ZIctuBr6v2wv",1,"e2",3,2,"nonVeridical","0"
"528","c1","10/1/21 14:30","three_pos_10_2_0_12.csv",0,9,"10/1/21 14:48","0","Finish","0",1,"","MBFuUCo5ZIctuBr6v2wv",1,"e2",1,2,"nonVeridical","2"
"529","c2","10/1/21 14:30","three_pos_10_2_0_12.csv",0,8,"10/1/21 14:48","0","Finish","0",1,"","MBFuUCo5ZIctuBr6v2wv",1,"e3",2,3,"nonVeridical","1"
"530","c3","10/1/21 14:30","three_pos_10_2_0_12.csv",0,10,"10/1/21 14:48","0","Finish","0",1,"","MBFuUCo5ZIctuBr6v2wv",1,"e3",3,3,"veridical","0"
"531","c1","10/1/21 14:30","three_pos_10_2_0_12.csv",0,10,"10/1/21 14:48","0","Finish","0",1,"","MBFuUCo5ZIctuBr6v2wv",1,"e3",1,3,"nonVeridical","2"
"532","c1","10/1/21 14:30","three_pos_10_2_0_12.csv",0,8,"10/1/21 14:38","0","Finish","0",1,"","iYjoAMS4noK19qMUUGrG",3,"e1",1,1,"veridical","2"
"533","c3","10/1/21 14:30","three_pos_10_2_0_12.csv",0,2,"10/1/21 14:38","0","Finish","0",1,"","iYjoAMS4noK19qMUUGrG",3,"e1",3,1,"nonVeridical","0"
"534","c2","10/1/21 14:30","three_pos_10_2_0_12.csv",0,0,"10/1/21 14:38","0","Finish","0",1,"","iYjoAMS4noK19qMUUGrG",3,"e1",2,1,"nonVeridical","1"
"535","c1","10/1/21 14:30","three_pos_10_2_0_12.csv",0,2,"10/1/21 14:38","0","Finish","0",1,"","iYjoAMS4noK19qMUUGrG",3,"e2",1,2,"nonVeridical","2"
"536","c3","10/1/21 14:30","three_pos_10_2_0_12.csv",0,0,"10/1/21 14:38","0","Finish","0",1,"","iYjoAMS4noK19qMUUGrG",3,"e2",3,2,"nonVeridical","0"
"537","c2","10/1/21 14:30","three_pos_10_2_0_12.csv",0,10,"10/1/21 14:38","0","Finish","0",1,"","iYjoAMS4noK19qMUUGrG",3,"e2",2,2,"veridical","1"
"538","c1","10/1/21 14:30","three_pos_10_2_0_12.csv",0,0,"10/1/21 14:38","0","Finish","0",1,"","iYjoAMS4noK19qMUUGrG",3,"e3",1,3,"nonVeridical","2"
"539","c3","10/1/21 14:30","three_pos_10_2_0_12.csv",0,10,"10/1/21 14:38","0","Finish","0",1,"","iYjoAMS4noK19qMUUGrG",3,"e3",3,3,"veridical","0"
"540","c2","10/1/21 14:30","three_pos_10_2_0_12.csv",0,2,"10/1/21 14:38","0","Finish","0",1,"","iYjoAMS4noK19qMUUGrG",3,"e3",2,3,"nonVeridical","1"
"541","c1","10/1/21 14:34","three_pos_9_3_3_9.csv",0,8,"10/1/21 14:46","0","Finish","0",0,"skiing_football_tennis","OW96SnyTXB3OJg3FpW2F",3,"e1",1,1,"veridical","2"
"542","c3","10/1/21 14:34","three_pos_9_3_3_9.csv",0,5,"10/1/21 14:46","0","Finish","0",0,"skiing_football_tennis","OW96SnyTXB3OJg3FpW2F",3,"e1",3,1,"nonVeridical","0"
"543","c2","10/1/21 14:34","three_pos_9_3_3_9.csv",0,6,"10/1/21 14:46","0","Finish","0",0,"skiing_football_tennis","OW96SnyTXB3OJg3FpW2F",3,"e1",2,1,"nonVeridical","1"
"544","c1","10/1/21 14:34","three_pos_9_3_3_9.csv",0,5,"10/1/21 14:46","0","Finish","0",0,"skiing_football_tennis","OW96SnyTXB3OJg3FpW2F",3,"e2",1,2,"nonVeridical","2"
"545","c3","10/1/21 14:34","three_pos_9_3_3_9.csv",0,9,"10/1/21 14:46","0","Finish","0",0,"skiing_football_tennis","OW96SnyTXB3OJg3FpW2F",3,"e2",3,2,"nonVeridical","0"
"546","c2","10/1/21 14:34","three_pos_9_3_3_9.csv",0,6,"10/1/21 14:46","0","Finish","0",0,"skiing_football_tennis","OW96SnyTXB3OJg3FpW2F",3,"e2",2,2,"veridical","1"
"547","c1","10/1/21 14:34","three_pos_9_3_3_9.csv",0,4,"10/1/21 14:46","0","Finish","0",0,"skiing_football_tennis","OW96SnyTXB3OJg3FpW2F",3,"e3",1,3,"nonVeridical","2"
"548","c3","10/1/21 14:34","three_pos_9_3_3_9.csv",0,6,"10/1/21 14:46","0","Finish","0",0,"skiing_football_tennis","OW96SnyTXB3OJg3FpW2F",3,"e3",3,3,"veridical","0"
"549","c2","10/1/21 14:34","three_pos_9_3_3_9.csv",0,4,"10/1/21 14:46","0","Finish","0",0,"skiing_football_tennis","OW96SnyTXB3OJg3FpW2F",3,"e3",2,3,"nonVeridical","1"
"550","c1","10/1/21 14:34","three_pos_10_2_0_12.csv",0,5,"10/1/21 15:05","0","Finish","0",0,"running_cycling_basketball_football","9UcCE1pQhR6ORVxoGnUM",1,"e1",1,1,"veridical","2"
"551","c2","10/1/21 14:34","three_pos_10_2_0_12.csv",0,8,"10/1/21 15:05","0","Finish","0",0,"running_cycling_basketball_football","9UcCE1pQhR6ORVxoGnUM",1,"e1",2,1,"nonVeridical","1"
"552","c3","10/1/21 14:34","three_pos_10_2_0_12.csv",0,6,"10/1/21 15:05","0","Finish","0",0,"running_cycling_basketball_football","9UcCE1pQhR6ORVxoGnUM",1,"e1",3,1,"nonVeridical","0"
"553","c1","10/1/21 14:34","three_pos_10_2_0_12.csv",0,6,"10/1/21 15:05","0","Finish","0",0,"running_cycling_basketball_football","9UcCE1pQhR6ORVxoGnUM",1,"e2",1,2,"nonVeridical","2"
"554","c2","10/1/21 14:34","three_pos_10_2_0_12.csv",0,6,"10/1/21 15:05","0","Finish","0",0,"running_cycling_basketball_football","9UcCE1pQhR6ORVxoGnUM",1,"e2",2,2,"veridical","1"
"555","c3","10/1/21 14:34","three_pos_10_2_0_12.csv",0,6,"10/1/21 15:05","0","Finish","0",0,"running_cycling_basketball_football","9UcCE1pQhR6ORVxoGnUM",1,"e2",3,2,"nonVeridical","0"
"556","c1","10/1/21 14:34","three_pos_10_2_0_12.csv",0,3,"10/1/21 15:05","0","Finish","0",0,"running_cycling_basketball_football","9UcCE1pQhR6ORVxoGnUM",1,"e3",1,3,"nonVeridical","2"
"557","c2","10/1/21 14:34","three_pos_10_2_0_12.csv",0,3,"10/1/21 15:05","0","Finish","0",0,"running_cycling_basketball_football","9UcCE1pQhR6ORVxoGnUM",1,"e3",2,3,"nonVeridical","1"
"558","c3","10/1/21 14:34","three_pos_10_2_0_12.csv",0,5,"10/1/21 15:05","0","Finish","0",0,"running_cycling_basketball_football","9UcCE1pQhR6ORVxoGnUM",1,"e3",3,3,"veridical","0"
"559","c3","10/1/21 14:40","three_pos_9_3_3_9.csv",0,6,"10/1/21 14:52","0","Finish","0",1,"","ZS5J0oIqsTUKn5WuO2aP",1,"e1",3,1,"nonVeridical","0"
"560","c1","10/1/21 14:40","three_pos_9_3_3_9.csv",0,5,"10/1/21 14:52","0","Finish","0",1,"","ZS5J0oIqsTUKn5WuO2aP",1,"e1",1,1,"veridical","2"
"561","c2","10/1/21 14:40","three_pos_9_3_3_9.csv",0,7,"10/1/21 14:52","0","Finish","0",1,"","ZS5J0oIqsTUKn5WuO2aP",1,"e1",2,1,"nonVeridical","1"
"562","c3","10/1/21 14:40","three_pos_9_3_3_9.csv",0,3,"10/1/21 14:52","0","Finish","0",1,"","ZS5J0oIqsTUKn5WuO2aP",1,"e2",3,2,"nonVeridical","0"
"563","c1","10/1/21 14:40","three_pos_9_3_3_9.csv",0,4,"10/1/21 14:52","0","Finish","0",1,"","ZS5J0oIqsTUKn5WuO2aP",1,"e2",1,2,"nonVeridical","2"
"564","c2","10/1/21 14:40","three_pos_9_3_3_9.csv",0,6,"10/1/21 14:52","0","Finish","0",1,"","ZS5J0oIqsTUKn5WuO2aP",1,"e2",2,2,"veridical","1"
"565","c3","10/1/21 14:40","three_pos_9_3_3_9.csv",0,2,"10/1/21 14:52","0","Finish","0",1,"","ZS5J0oIqsTUKn5WuO2aP",1,"e3",3,3,"veridical","0"
"566","c1","10/1/21 14:40","three_pos_9_3_3_9.csv",0,3,"10/1/21 14:52","0","Finish","0",1,"","ZS5J0oIqsTUKn5WuO2aP",1,"e3",1,3,"nonVeridical","2"
"567","c2","10/1/21 14:40","three_pos_9_3_3_9.csv",0,2,"10/1/21 14:52","0","Finish","0",1,"","ZS5J0oIqsTUKn5WuO2aP",1,"e3",2,3,"nonVeridical","1"
"568","c2","10/1/21 14:42","three_pos_9_3_3_9.csv",0,0,"10/1/21 14:52","0","Finish","0",1,"","Bzs2zykWqfZZg6YT0Ncf",3,"e1",2,1,"nonVeridical","1"
"569","c3","10/1/21 14:42","three_pos_9_3_3_9.csv",0,4,"10/1/21 14:52","0","Finish","0",1,"","Bzs2zykWqfZZg6YT0Ncf",3,"e1",3,1,"nonVeridical","0"
"570","c1","10/1/21 14:42","three_pos_9_3_3_9.csv",0,5,"10/1/21 14:52","0","Finish","0",1,"","Bzs2zykWqfZZg6YT0Ncf",3,"e1",1,1,"veridical","2"
"571","c2","10/1/21 14:42","three_pos_9_3_3_9.csv",0,2,"10/1/21 14:52","0","Finish","0",1,"","Bzs2zykWqfZZg6YT0Ncf",3,"e2",2,2,"veridical","1"
"572","c3","10/1/21 14:42","three_pos_9_3_3_9.csv",0,3,"10/1/21 14:52","0","Finish","0",1,"","Bzs2zykWqfZZg6YT0Ncf",3,"e2",3,2,"nonVeridical","0"
"573","c1","10/1/21 14:42","three_pos_9_3_3_9.csv",0,6,"10/1/21 14:52","0","Finish","0",1,"","Bzs2zykWqfZZg6YT0Ncf",3,"e2",1,2,"nonVeridical","2"
"574","c2","10/1/21 14:42","three_pos_9_3_3_9.csv",0,2,"10/1/21 14:52","0","Finish","0",1,"","Bzs2zykWqfZZg6YT0Ncf",3,"e3",2,3,"nonVeridical","1"
"575","c3","10/1/21 14:42","three_pos_9_3_3_9.csv",0,5,"10/1/21 14:52","0","Finish","0",1,"","Bzs2zykWqfZZg6YT0Ncf",3,"e3",3,3,"veridical","0"
"576","c1","10/1/21 14:42","three_pos_9_3_3_9.csv",0,1,"10/1/21 14:52","0","Finish","0",1,"","Bzs2zykWqfZZg6YT0Ncf",3,"e3",1,3,"nonVeridical","2"
"577","c2","10/1/21 14:45","three_pos_10_2_0_12.csv",0,6,"10/1/21 14:54","0","Finish","0",1,"","SLlD1sAYIrumFsa9W7W9",3,"e1",2,1,"nonVeridical","1"
"578","c1","10/1/21 14:45","three_pos_10_2_0_12.csv",0,2,"10/1/21 14:54","0","Finish","0",1,"","SLlD1sAYIrumFsa9W7W9",3,"e1",1,1,"veridical","2"
"579","c3","10/1/21 14:45","three_pos_10_2_0_12.csv",0,6,"10/1/21 14:54","0","Finish","0",1,"","SLlD1sAYIrumFsa9W7W9",3,"e1",3,1,"nonVeridical","0"
"580","c2","10/1/21 14:45","three_pos_10_2_0_12.csv",0,8,"10/1/21 14:54","0","Finish","0",1,"","SLlD1sAYIrumFsa9W7W9",3,"e2",2,2,"veridical","1"
"581","c1","10/1/21 14:45","three_pos_10_2_0_12.csv",0,0,"10/1/21 14:54","0","Finish","0",1,"","SLlD1sAYIrumFsa9W7W9",3,"e2",1,2,"nonVeridical","2"
"582","c3","10/1/21 14:45","three_pos_10_2_0_12.csv",0,8,"10/1/21 14:54","0","Finish","0",1,"","SLlD1sAYIrumFsa9W7W9",3,"e2",3,2,"nonVeridical","0"
"583","c2","10/1/21 14:45","three_pos_10_2_0_12.csv",0,6,"10/1/21 14:54","0","Finish","0",1,"","SLlD1sAYIrumFsa9W7W9",3,"e3",2,3,"nonVeridical","1"
"584","c1","10/1/21 14:45","three_pos_10_2_0_12.csv",0,0,"10/1/21 14:54","0","Finish","0",1,"","SLlD1sAYIrumFsa9W7W9",3,"e3",1,3,"nonVeridical","2"
"585","c3","10/1/21 14:45","three_pos_10_2_0_12.csv",0,8,"10/1/21 14:54","0","Finish","0",1,"","SLlD1sAYIrumFsa9W7W9",3,"e3",3,3,"veridical","0"
"586","c3","10/1/21 14:47","three_pos_8_4_0_12.csv",0,5,"10/1/21 15:07","1","Finish","0",0,"","SLQ09GfYshNZADw7gR3Z",1,"e1",3,1,"nonVeridical","0"
"587","c2","10/1/21 14:47","three_pos_8_4_0_12.csv",0,6,"10/1/21 15:07","1","Finish","0",0,"","SLQ09GfYshNZADw7gR3Z",1,"e1",2,1,"nonVeridical","1"
"588","c1","10/1/21 14:47","three_pos_8_4_0_12.csv",0,6,"10/1/21 15:07","1","Finish","0",0,"","SLQ09GfYshNZADw7gR3Z",1,"e1",1,1,"veridical","2"
"589","c3","10/1/21 14:47","three_pos_8_4_0_12.csv",0,8,"10/1/21 15:07","1","Finish","0",0,"","SLQ09GfYshNZADw7gR3Z",1,"e2",3,2,"nonVeridical","0"
"590","c2","10/1/21 14:47","three_pos_8_4_0_12.csv",0,8,"10/1/21 15:07","1","Finish","0",0,"","SLQ09GfYshNZADw7gR3Z",1,"e2",2,2,"veridical","1"
"591","c1","10/1/21 14:47","three_pos_8_4_0_12.csv",0,7,"10/1/21 15:07","1","Finish","0",0,"","SLQ09GfYshNZADw7gR3Z",1,"e2",1,2,"nonVeridical","2"
"592","c3","10/1/21 14:47","three_pos_8_4_0_12.csv",0,9,"10/1/21 15:07","1","Finish","0",0,"","SLQ09GfYshNZADw7gR3Z",1,"e3",3,3,"veridical","0"
"593","c2","10/1/21 14:47","three_pos_8_4_0_12.csv",0,10,"10/1/21 15:07","1","Finish","0",0,"","SLQ09GfYshNZADw7gR3Z",1,"e3",2,3,"nonVeridical","1"
"594","c1","10/1/21 14:47","three_pos_8_4_0_12.csv",0,7,"10/1/21 15:07","1","Finish","0",0,"","SLQ09GfYshNZADw7gR3Z",1,"e3",1,3,"nonVeridical","2"
"595","c3","10/1/21 14:49","three_pos_8_4_0_12.csv",0,4,"10/1/21 15:00","0","Finish","0",1,"","lCKTJ5eHCNGT9ocnN6Uf",2,"e1",3,1,"nonVeridical","0"
"596","c2","10/1/21 14:49","three_pos_8_4_0_12.csv",0,5,"10/1/21 15:00","0","Finish","0",1,"","lCKTJ5eHCNGT9ocnN6Uf",2,"e1",2,1,"nonVeridical","1"
"597","c1","10/1/21 14:49","three_pos_8_4_0_12.csv",0,5,"10/1/21 15:00","0","Finish","0",1,"","lCKTJ5eHCNGT9ocnN6Uf",2,"e1",1,1,"veridical","2"
"598","c3","10/1/21 14:49","three_pos_8_4_0_12.csv",0,4,"10/1/21 15:00","0","Finish","0",1,"","lCKTJ5eHCNGT9ocnN6Uf",2,"e2",3,2,"nonVeridical","0"
"599","c2","10/1/21 14:49","three_pos_8_4_0_12.csv",0,7,"10/1/21 15:00","0","Finish","0",1,"","lCKTJ5eHCNGT9ocnN6Uf",2,"e2",2,2,"veridical","1"
"600","c1","10/1/21 14:49","three_pos_8_4_0_12.csv",0,6,"10/1/21 15:00","0","Finish","0",1,"","lCKTJ5eHCNGT9ocnN6Uf",2,"e2",1,2,"nonVeridical","2"
"601","c3","10/1/21 14:49","three_pos_8_4_0_12.csv",0,7,"10/1/21 15:00","0","Finish","0",1,"","lCKTJ5eHCNGT9ocnN6Uf",2,"e3",3,3,"veridical","0"
"602","c2","10/1/21 14:49","three_pos_8_4_0_12.csv",0,4,"10/1/21 15:00","0","Finish","0",1,"","lCKTJ5eHCNGT9ocnN6Uf",2,"e3",2,3,"nonVeridical","1"
"603","c1","10/1/21 14:49","three_pos_8_4_0_12.csv",0,4,"10/1/21 15:00","0","Finish","0",1,"","lCKTJ5eHCNGT9ocnN6Uf",2,"e3",1,3,"nonVeridical","2"
"604","c3","10/1/21 14:50","three_pos_9_3_3_9.csv",0,5,"10/1/21 15:06","0","Finish","0",0,"","oji1Q9L3yZ8dXlddKCJg",2,"e1",3,1,"nonVeridical","0"
"605","c1","10/1/21 14:50","three_pos_9_3_3_9.csv",0,4,"10/1/21 15:06","0","Finish","0",0,"","oji1Q9L3yZ8dXlddKCJg",2,"e1",1,1,"veridical","2"
"606","c2","10/1/21 14:50","three_pos_9_3_3_9.csv",0,7,"10/1/21 15:06","0","Finish","0",0,"","oji1Q9L3yZ8dXlddKCJg",2,"e1",2,1,"nonVeridical","1"
"607","c3","10/1/21 14:50","three_pos_9_3_3_9.csv",0,4,"10/1/21 15:06","0","Finish","0",0,"","oji1Q9L3yZ8dXlddKCJg",2,"e2",3,2,"nonVeridical","0"
"608","c1","10/1/21 14:50","three_pos_9_3_3_9.csv",0,4,"10/1/21 15:06","0","Finish","0",0,"","oji1Q9L3yZ8dXlddKCJg",2,"e2",1,2,"nonVeridical","2"
"609","c2","10/1/21 14:50","three_pos_9_3_3_9.csv",0,4,"10/1/21 15:06","0","Finish","0",0,"","oji1Q9L3yZ8dXlddKCJg",2,"e2",2,2,"veridical","1"
"610","c3","10/1/21 14:50","three_pos_9_3_3_9.csv",0,6,"10/1/21 15:06","0","Finish","0",0,"","oji1Q9L3yZ8dXlddKCJg",2,"e3",3,3,"veridical","0"
"611","c1","10/1/21 14:50","three_pos_9_3_3_9.csv",0,6,"10/1/21 15:06","0","Finish","0",0,"","oji1Q9L3yZ8dXlddKCJg",2,"e3",1,3,"nonVeridical","2"
"612","c2","10/1/21 14:50","three_pos_9_3_3_9.csv",0,3,"10/1/21 15:06","0","Finish","0",0,"","oji1Q9L3yZ8dXlddKCJg",2,"e3",2,3,"nonVeridical","1"
"613","c2","10/1/21 14:55","three_pos_8_4_0_12.csv",0,7,"10/1/21 15:07","0","Finish","0",0,"football_running","Rczz27hJwpNiGvgI5LE9",3,"e1",2,1,"nonVeridical","1"
"614","c3","10/1/21 14:55","three_pos_8_4_0_12.csv",0,3,"10/1/21 15:07","0","Finish","0",0,"football_running","Rczz27hJwpNiGvgI5LE9",3,"e1",3,1,"nonVeridical","0"
"615","c1","10/1/21 14:55","three_pos_8_4_0_12.csv",0,3,"10/1/21 15:07","0","Finish","0",0,"football_running","Rczz27hJwpNiGvgI5LE9",3,"e1",1,1,"veridical","2"
"616","c2","10/1/21 14:55","three_pos_8_4_0_12.csv",0,7,"10/1/21 15:07","0","Finish","0",0,"football_running","Rczz27hJwpNiGvgI5LE9",3,"e2",2,2,"veridical","1"
"617","c3","10/1/21 14:55","three_pos_8_4_0_12.csv",0,7,"10/1/21 15:07","0","Finish","0",0,"football_running","Rczz27hJwpNiGvgI5LE9",3,"e2",3,2,"nonVeridical","0"
"618","c1","10/1/21 14:55","three_pos_8_4_0_12.csv",0,7,"10/1/21 15:07","0","Finish","0",0,"football_running","Rczz27hJwpNiGvgI5LE9",3,"e2",1,2,"nonVeridical","2"
"619","c2","10/1/21 14:55","three_pos_8_4_0_12.csv",0,3,"10/1/21 15:07","0","Finish","0",0,"football_running","Rczz27hJwpNiGvgI5LE9",3,"e3",2,3,"nonVeridical","1"
"620","c3","10/1/21 14:55","three_pos_8_4_0_12.csv",0,7,"10/1/21 15:07","0","Finish","0",0,"football_running","Rczz27hJwpNiGvgI5LE9",3,"e3",3,3,"veridical","0"
"621","c1","10/1/21 14:55","three_pos_8_4_0_12.csv",0,8,"10/1/21 15:07","0","Finish","0",0,"football_running","Rczz27hJwpNiGvgI5LE9",3,"e3",1,3,"nonVeridical","2"
"622","c1","10/1/21 15:00","three_pos_10_2_0_12.csv",0,8,"10/1/21 15:13","0","Finish","0",0,"","T6tm9LcpnDnQRcmGqZaz",2,"e1",1,1,"veridical","2"
"623","c3","10/1/21 15:00","three_pos_10_2_0_12.csv",0,5,"10/1/21 15:13","0","Finish","0",0,"","T6tm9LcpnDnQRcmGqZaz",2,"e1",3,1,"nonVeridical","0"
"624","c2","10/1/21 15:00","three_pos_10_2_0_12.csv",0,10,"10/1/21 15:13","0","Finish","0",0,"","T6tm9LcpnDnQRcmGqZaz",2,"e1",2,1,"nonVeridical","1"
"625","c1","10/1/21 15:00","three_pos_10_2_0_12.csv",0,10,"10/1/21 15:13","0","Finish","0",0,"","T6tm9LcpnDnQRcmGqZaz",2,"e2",1,2,"nonVeridical","2"
"626","c3","10/1/21 15:00","three_pos_10_2_0_12.csv",0,10,"10/1/21 15:13","0","Finish","0",0,"","T6tm9LcpnDnQRcmGqZaz",2,"e2",3,2,"nonVeridical","0"
"627","c2","10/1/21 15:00","three_pos_10_2_0_12.csv",0,7,"10/1/21 15:13","0","Finish","0",0,"","T6tm9LcpnDnQRcmGqZaz",2,"e2",2,2,"veridical","1"
"628","c1","10/1/21 15:00","three_pos_10_2_0_12.csv",0,7,"10/1/21 15:13","0","Finish","0",0,"","T6tm9LcpnDnQRcmGqZaz",2,"e3",1,3,"nonVeridical","2"
"629","c3","10/1/21 15:00","three_pos_10_2_0_12.csv",0,9,"10/1/21 15:13","0","Finish","0",0,"","T6tm9LcpnDnQRcmGqZaz",2,"e3",3,3,"veridical","0"
"630","c2","10/1/21 15:00","three_pos_10_2_0_12.csv",0,10,"10/1/21 15:13","0","Finish","0",0,"","T6tm9LcpnDnQRcmGqZaz",2,"e3",2,3,"nonVeridical","1"
"631","c2","10/1/21 15:01","three_pos_9_3_3_9.csv",0,2,"10/1/21 15:20","0","Finish","0",0,"","e1DwiR9IivzKQRFUCpDQ",2,"e1",2,1,"nonVeridical","1"
"632","c3","10/1/21 15:01","three_pos_9_3_3_9.csv",0,3,"10/1/21 15:20","0","Finish","0",0,"","e1DwiR9IivzKQRFUCpDQ",2,"e1",3,1,"nonVeridical","0"
"633","c1","10/1/21 15:01","three_pos_9_3_3_9.csv",0,2,"10/1/21 15:20","0","Finish","0",0,"","e1DwiR9IivzKQRFUCpDQ",2,"e1",1,1,"veridical","2"
"634","c2","10/1/21 15:01","three_pos_9_3_3_9.csv",0,5,"10/1/21 15:20","0","Finish","0",0,"","e1DwiR9IivzKQRFUCpDQ",2,"e2",2,2,"veridical","1"
"635","c3","10/1/21 15:01","three_pos_9_3_3_9.csv",0,6,"10/1/21 15:20","0","Finish","0",0,"","e1DwiR9IivzKQRFUCpDQ",2,"e2",3,2,"nonVeridical","0"
"636","c1","10/1/21 15:01","three_pos_9_3_3_9.csv",0,8,"10/1/21 15:20","0","Finish","0",0,"","e1DwiR9IivzKQRFUCpDQ",2,"e2",1,2,"nonVeridical","2"
"637","c2","10/1/21 15:01","three_pos_9_3_3_9.csv",0,2,"10/1/21 15:20","0","Finish","0",0,"","e1DwiR9IivzKQRFUCpDQ",2,"e3",2,3,"nonVeridical","1"
"638","c3","10/1/21 15:01","three_pos_9_3_3_9.csv",0,2,"10/1/21 15:20","0","Finish","0",0,"","e1DwiR9IivzKQRFUCpDQ",2,"e3",3,3,"veridical","0"
"639","c1","10/1/21 15:01","three_pos_9_3_3_9.csv",0,2,"10/1/21 15:20","0","Finish","0",0,"","e1DwiR9IivzKQRFUCpDQ",2,"e3",1,3,"nonVeridical","2"
"640","c1","10/1/21 15:25","three_pos_8_4_0_12.csv",0,10,"10/1/21 15:43","0","Finish","1",0,"football_running_cycling","QWX8quSh0czhqx3eZLEz",1,"e1",1,1,"veridical","2"
"641","c3","10/1/21 15:25","three_pos_8_4_0_12.csv",0,6,"10/1/21 15:43","0","Finish","1",0,"football_running_cycling","QWX8quSh0czhqx3eZLEz",1,"e1",3,1,"nonVeridical","0"
"642","c2","10/1/21 15:25","three_pos_8_4_0_12.csv",0,9,"10/1/21 15:43","0","Finish","1",0,"football_running_cycling","QWX8quSh0czhqx3eZLEz",1,"e1",2,1,"nonVeridical","1"
"643","c1","10/1/21 15:25","three_pos_8_4_0_12.csv",0,6,"10/1/21 15:43","0","Finish","1",0,"football_running_cycling","QWX8quSh0czhqx3eZLEz",1,"e2",1,2,"nonVeridical","2"
"644","c3","10/1/21 15:25","three_pos_8_4_0_12.csv",0,10,"10/1/21 15:43","0","Finish","1",0,"football_running_cycling","QWX8quSh0czhqx3eZLEz",1,"e2",3,2,"nonVeridical","0"
"645","c2","10/1/21 15:25","three_pos_8_4_0_12.csv",0,5,"10/1/21 15:43","0","Finish","1",0,"football_running_cycling","QWX8quSh0czhqx3eZLEz",1,"e2",2,2,"veridical","1"
"646","c1","10/1/21 15:25","three_pos_8_4_0_12.csv",0,9,"10/1/21 15:43","0","Finish","1",0,"football_running_cycling","QWX8quSh0czhqx3eZLEz",1,"e3",1,3,"nonVeridical","2"
"647","c3","10/1/21 15:25","three_pos_8_4_0_12.csv",0,8,"10/1/21 15:43","0","Finish","1",0,"football_running_cycling","QWX8quSh0czhqx3eZLEz",1,"e3",3,3,"veridical","0"
"648","c2","10/1/21 15:25","three_pos_8_4_0_12.csv",0,7,"10/1/21 15:43","0","Finish","1",0,"football_running_cycling","QWX8quSh0czhqx3eZLEz",1,"e3",2,3,"nonVeridical","1"
"649","c1","10/1/21 15:26","three_pos_10_2_0_12.csv",0,8,"10/1/21 16:10","0","Finish","0",0,"cycling_football","BwugJXk2AnbANSpNknzM",2,"e1",1,1,"veridical","2"
"650","c2","10/1/21 15:26","three_pos_10_2_0_12.csv",0,8,"10/1/21 16:10","0","Finish","0",0,"cycling_football","BwugJXk2AnbANSpNknzM",2,"e1",2,1,"nonVeridical","1"
"651","c3","10/1/21 15:26","three_pos_10_2_0_12.csv",0,7,"10/1/21 16:10","0","Finish","0",0,"cycling_football","BwugJXk2AnbANSpNknzM",2,"e1",3,1,"nonVeridical","0"
"652","c1","10/1/21 15:26","three_pos_10_2_0_12.csv",0,6,"10/1/21 16:10","0","Finish","0",0,"cycling_football","BwugJXk2AnbANSpNknzM",2,"e2",1,2,"nonVeridical","2"
"653","c2","10/1/21 15:26","three_pos_10_2_0_12.csv",0,7,"10/1/21 16:10","0","Finish","0",0,"cycling_football","BwugJXk2AnbANSpNknzM",2,"e2",2,2,"veridical","1"
"654","c3","10/1/21 15:26","three_pos_10_2_0_12.csv",0,5,"10/1/21 16:10","0","Finish","0",0,"cycling_football","BwugJXk2AnbANSpNknzM",2,"e2",3,2,"nonVeridical","0"
"655","c1","10/1/21 15:26","three_pos_10_2_0_12.csv",0,6,"10/1/21 16:10","0","Finish","0",0,"cycling_football","BwugJXk2AnbANSpNknzM",2,"e3",1,3,"nonVeridical","2"
"656","c2","10/1/21 15:26","three_pos_10_2_0_12.csv",0,6,"10/1/21 16:10","0","Finish","0",0,"cycling_football","BwugJXk2AnbANSpNknzM",2,"e3",2,3,"nonVeridical","1"
"657","c3","10/1/21 15:26","three_pos_10_2_0_12.csv",0,7,"10/1/21 16:10","0","Finish","0",0,"cycling_football","BwugJXk2AnbANSpNknzM",2,"e3",3,3,"veridical","0"
"658","c3","10/1/21 15:55","three_pos_10_2_0_12.csv",0,6,"10/1/21 16:12","0","Finish","0",0,"football_tennis_basketball_cycling_running","m7VYKrCNiShgd7QquABI",3,"e1",3,1,"nonVeridical","0"
"659","c2","10/1/21 15:55","three_pos_10_2_0_12.csv",0,6,"10/1/21 16:12","0","Finish","0",0,"football_tennis_basketball_cycling_running","m7VYKrCNiShgd7QquABI",3,"e1",2,1,"nonVeridical","1"
"660","c1","10/1/21 15:55","three_pos_10_2_0_12.csv",0,5,"10/1/21 16:12","0","Finish","0",0,"football_tennis_basketball_cycling_running","m7VYKrCNiShgd7QquABI",3,"e1",1,1,"veridical","2"
"661","c3","10/1/21 15:55","three_pos_10_2_0_12.csv",0,5,"10/1/21 16:12","0","Finish","0",0,"football_tennis_basketball_cycling_running","m7VYKrCNiShgd7QquABI",3,"e2",3,2,"nonVeridical","0"
"662","c2","10/1/21 15:55","three_pos_10_2_0_12.csv",0,7,"10/1/21 16:12","0","Finish","0",0,"football_tennis_basketball_cycling_running","m7VYKrCNiShgd7QquABI",3,"e2",2,2,"veridical","1"
"663","c1","10/1/21 15:55","three_pos_10_2_0_12.csv",0,6,"10/1/21 16:12","0","Finish","0",0,"football_tennis_basketball_cycling_running","m7VYKrCNiShgd7QquABI",3,"e2",1,2,"nonVeridical","2"
"664","c3","10/1/21 15:55","three_pos_10_2_0_12.csv",0,7,"10/1/21 16:12","0","Finish","0",0,"football_tennis_basketball_cycling_running","m7VYKrCNiShgd7QquABI",3,"e3",3,3,"veridical","0"
"665","c2","10/1/21 15:55","three_pos_10_2_0_12.csv",0,6,"10/1/21 16:12","0","Finish","0",0,"football_tennis_basketball_cycling_running","m7VYKrCNiShgd7QquABI",3,"e3",2,3,"nonVeridical","1"
"666","c1","10/1/21 15:55","three_pos_10_2_0_12.csv",0,7,"10/1/21 16:12","0","Finish","0",0,"football_tennis_basketball_cycling_running","m7VYKrCNiShgd7QquABI",3,"e3",1,3,"nonVeridical","2"
"667","c2","10/1/21 15:56","three_pos_8_4_0_12.csv",0,8,"10/1/21 16:03","0","Finish","0",1,"","1mfbxPPC1qonhiNNTEXF",2,"e1",2,1,"nonVeridical","1"
"668","c1","10/1/21 15:56","three_pos_8_4_0_12.csv",0,6,"10/1/21 16:03","0","Finish","0",1,"","1mfbxPPC1qonhiNNTEXF",2,"e1",1,1,"veridical","2"
"669","c3","10/1/21 15:56","three_pos_8_4_0_12.csv",0,8,"10/1/21 16:03","0","Finish","0",1,"","1mfbxPPC1qonhiNNTEXF",2,"e1",3,1,"nonVeridical","0"
"670","c2","10/1/21 15:56","three_pos_8_4_0_12.csv",0,5,"10/1/21 16:03","0","Finish","0",1,"","1mfbxPPC1qonhiNNTEXF",2,"e2",2,2,"veridical","1"
"671","c1","10/1/21 15:56","three_pos_8_4_0_12.csv",0,5,"10/1/21 16:03","0","Finish","0",1,"","1mfbxPPC1qonhiNNTEXF",2,"e2",1,2,"nonVeridical","2"
"672","c3","10/1/21 15:56","three_pos_8_4_0_12.csv",0,6,"10/1/21 16:03","0","Finish","0",1,"","1mfbxPPC1qonhiNNTEXF",2,"e2",3,2,"nonVeridical","0"
"673","c2","10/1/21 15:56","three_pos_8_4_0_12.csv",0,6,"10/1/21 16:03","0","Finish","0",1,"","1mfbxPPC1qonhiNNTEXF",2,"e3",2,3,"nonVeridical","1"
"674","c1","10/1/21 15:56","three_pos_8_4_0_12.csv",0,7,"10/1/21 16:03","0","Finish","0",1,"","1mfbxPPC1qonhiNNTEXF",2,"e3",1,3,"nonVeridical","2"
"675","c3","10/1/21 15:56","three_pos_8_4_0_12.csv",0,8,"10/1/21 16:03","0","Finish","0",1,"","1mfbxPPC1qonhiNNTEXF",2,"e3",3,3,"veridical","0"
"676","c1","10/1/21 16:31","three_pos_10_2_0_12.csv",0,7,"10/1/21 16:46","0","Finish","0",1,"","4sY4QSUZ1CNVZISk2a9F",1,"e1",1,1,"veridical","2"
"677","c2","10/1/21 16:31","three_pos_10_2_0_12.csv",0,6,"10/1/21 16:46","0","Finish","0",1,"","4sY4QSUZ1CNVZISk2a9F",1,"e1",2,1,"nonVeridical","1"
"678","c3","10/1/21 16:31","three_pos_10_2_0_12.csv",0,8,"10/1/21 16:46","0","Finish","0",1,"","4sY4QSUZ1CNVZISk2a9F",1,"e1",3,1,"nonVeridical","0"
"679","c1","10/1/21 16:31","three_pos_10_2_0_12.csv",0,6,"10/1/21 16:46","0","Finish","0",1,"","4sY4QSUZ1CNVZISk2a9F",1,"e2",1,2,"nonVeridical","2"
"680","c2","10/1/21 16:31","three_pos_10_2_0_12.csv",0,6,"10/1/21 16:46","0","Finish","0",1,"","4sY4QSUZ1CNVZISk2a9F",1,"e2",2,2,"veridical","1"
"681","c3","10/1/21 16:31","three_pos_10_2_0_12.csv",0,6,"10/1/21 16:46","0","Finish","0",1,"","4sY4QSUZ1CNVZISk2a9F",1,"e2",3,2,"nonVeridical","0"
"682","c1","10/1/21 16:31","three_pos_10_2_0_12.csv",0,2,"10/1/21 16:46","0","Finish","0",1,"","4sY4QSUZ1CNVZISk2a9F",1,"e3",1,3,"nonVeridical","2"
"683","c2","10/1/21 16:31","three_pos_10_2_0_12.csv",0,2,"10/1/21 16:46","0","Finish","0",1,"","4sY4QSUZ1CNVZISk2a9F",1,"e3",2,3,"nonVeridical","1"
"684","c3","10/1/21 16:31","three_pos_10_2_0_12.csv",0,4,"10/1/21 16:46","0","Finish","0",1,"","4sY4QSUZ1CNVZISk2a9F",1,"e3",3,3,"veridical","0"
"685","c2","10/6/21 14:06","three_pos_9_3_3_9.csv",0,6,"10/6/21 14:17","0","Finish","0",1,"","YgeF5u0YvYECbZhT5I7p",1,"e1",2,1,"nonVeridical","1"
"686","c1","10/6/21 14:06","three_pos_9_3_3_9.csv",0,5,"10/6/21 14:17","0","Finish","0",1,"","YgeF5u0YvYECbZhT5I7p",1,"e1",1,1,"veridical","2"
"687","c3","10/6/21 14:06","three_pos_9_3_3_9.csv",0,4,"10/6/21 14:17","0","Finish","0",1,"","YgeF5u0YvYECbZhT5I7p",1,"e1",3,1,"nonVeridical","0"
"688","c2","10/6/21 14:06","three_pos_9_3_3_9.csv",0,3,"10/6/21 14:17","0","Finish","0",1,"","YgeF5u0YvYECbZhT5I7p",1,"e2",2,2,"veridical","1"
"689","c1","10/6/21 14:06","three_pos_9_3_3_9.csv",0,2,"10/6/21 14:17","0","Finish","0",1,"","YgeF5u0YvYECbZhT5I7p",1,"e2",1,2,"nonVeridical","2"
"690","c3","10/6/21 14:06","three_pos_9_3_3_9.csv",0,5,"10/6/21 14:17","0","Finish","0",1,"","YgeF5u0YvYECbZhT5I7p",1,"e2",3,2,"nonVeridical","0"
"691","c2","10/6/21 14:06","three_pos_9_3_3_9.csv",0,3,"10/6/21 14:17","0","Finish","0",1,"","YgeF5u0YvYECbZhT5I7p",1,"e3",2,3,"nonVeridical","1"
"692","c1","10/6/21 14:06","three_pos_9_3_3_9.csv",0,3,"10/6/21 14:17","0","Finish","0",1,"","YgeF5u0YvYECbZhT5I7p",1,"e3",1,3,"nonVeridical","2"
"693","c3","10/6/21 14:06","three_pos_9_3_3_9.csv",0,3,"10/6/21 14:17","0","Finish","0",1,"","YgeF5u0YvYECbZhT5I7p",1,"e3",3,3,"veridical","0"
"694","c1","10/6/21 14:07","three_pos_8_4_0_12.csv",0,6,"10/6/21 14:17","0","Finish","0",1,"","Rq0ZPt2A7M6okCGVsJyf",3,"e1",1,1,"veridical","2"
"695","c3","10/6/21 14:07","three_pos_8_4_0_12.csv",0,7,"10/6/21 14:17","0","Finish","0",1,"","Rq0ZPt2A7M6okCGVsJyf",3,"e1",3,1,"nonVeridical","0"
"696","c2","10/6/21 14:07","three_pos_8_4_0_12.csv",0,7,"10/6/21 14:17","0","Finish","0",1,"","Rq0ZPt2A7M6okCGVsJyf",3,"e1",2,1,"nonVeridical","1"
"697","c1","10/6/21 14:07","three_pos_8_4_0_12.csv",0,7,"10/6/21 14:17","0","Finish","0",1,"","Rq0ZPt2A7M6okCGVsJyf",3,"e2",1,2,"nonVeridical","2"
"698","c3","10/6/21 14:07","three_pos_8_4_0_12.csv",0,8,"10/6/21 14:17","0","Finish","0",1,"","Rq0ZPt2A7M6okCGVsJyf",3,"e2",3,2,"nonVeridical","0"
"699","c2","10/6/21 14:07","three_pos_8_4_0_12.csv",0,4,"10/6/21 14:17","0","Finish","0",1,"","Rq0ZPt2A7M6okCGVsJyf",3,"e2",2,2,"veridical","1"
"700","c1","10/6/21 14:07","three_pos_8_4_0_12.csv",0,4,"10/6/21 14:17","0","Finish","0",1,"","Rq0ZPt2A7M6okCGVsJyf",3,"e3",1,3,"nonVeridical","2"
"701","c3","10/6/21 14:07","three_pos_8_4_0_12.csv",0,4,"10/6/21 14:17","0","Finish","0",1,"","Rq0ZPt2A7M6okCGVsJyf",3,"e3",3,3,"veridical","0"
"702","c2","10/6/21 14:07","three_pos_8_4_0_12.csv",0,7,"10/6/21 14:17","0","Finish","0",1,"","Rq0ZPt2A7M6okCGVsJyf",3,"e3",2,3,"nonVeridical","1"
"703","c2","10/6/21 14:07","three_pos_9_3_3_9.csv",0,2,"10/6/21 14:18","0","Finish","0",1,"","hv28Fic5BeZYlX1VMjKf",1,"e1",2,1,"nonVeridical","1"
"704","c1","10/6/21 14:07","three_pos_9_3_3_9.csv",0,10,"10/6/21 14:18","0","Finish","0",1,"","hv28Fic5BeZYlX1VMjKf",1,"e1",1,1,"veridical","2"
"705","c3","10/6/21 14:07","three_pos_9_3_3_9.csv",0,3,"10/6/21 14:18","0","Finish","0",1,"","hv28Fic5BeZYlX1VMjKf",1,"e1",3,1,"nonVeridical","0"
"706","c2","10/6/21 14:07","three_pos_9_3_3_9.csv",0,8,"10/6/21 14:18","0","Finish","0",1,"","hv28Fic5BeZYlX1VMjKf",1,"e2",2,2,"veridical","1"
"707","c1","10/6/21 14:07","three_pos_9_3_3_9.csv",0,2,"10/6/21 14:18","0","Finish","0",1,"","hv28Fic5BeZYlX1VMjKf",1,"e2",1,2,"nonVeridical","2"
"708","c3","10/6/21 14:07","three_pos_9_3_3_9.csv",0,5,"10/6/21 14:18","0","Finish","0",1,"","hv28Fic5BeZYlX1VMjKf",1,"e2",3,2,"nonVeridical","0"
"709","c2","10/6/21 14:07","three_pos_9_3_3_9.csv",0,5,"10/6/21 14:18","0","Finish","0",1,"","hv28Fic5BeZYlX1VMjKf",1,"e3",2,3,"nonVeridical","1"
"710","c1","10/6/21 14:07","three_pos_9_3_3_9.csv",0,2,"10/6/21 14:18","0","Finish","0",1,"","hv28Fic5BeZYlX1VMjKf",1,"e3",1,3,"nonVeridical","2"
"711","c3","10/6/21 14:07","three_pos_9_3_3_9.csv",0,8,"10/6/21 14:18","0","Finish","0",1,"","hv28Fic5BeZYlX1VMjKf",1,"e3",3,3,"veridical","0"
"712","c2","10/6/21 14:07","three_pos_9_3_3_9.csv",0,3,"10/6/21 14:18","0","Finish","0",1,"","Dh1cwltm88yxy23Y19Vu",3,"e1",2,1,"nonVeridical","1"
"713","c3","10/6/21 14:07","three_pos_9_3_3_9.csv",0,3,"10/6/21 14:18","0","Finish","0",1,"","Dh1cwltm88yxy23Y19Vu",3,"e1",3,1,"nonVeridical","0"
"714","c1","10/6/21 14:07","three_pos_9_3_3_9.csv",0,2,"10/6/21 14:18","0","Finish","0",1,"","Dh1cwltm88yxy23Y19Vu",3,"e1",1,1,"veridical","2"
"715","c2","10/6/21 14:07","three_pos_9_3_3_9.csv",0,6,"10/6/21 14:18","0","Finish","0",1,"","Dh1cwltm88yxy23Y19Vu",3,"e2",2,2,"veridical","1"
"716","c3","10/6/21 14:07","three_pos_9_3_3_9.csv",0,3,"10/6/21 14:18","0","Finish","0",1,"","Dh1cwltm88yxy23Y19Vu",3,"e2",3,2,"nonVeridical","0"
"717","c1","10/6/21 14:07","three_pos_9_3_3_9.csv",0,2,"10/6/21 14:18","0","Finish","0",1,"","Dh1cwltm88yxy23Y19Vu",3,"e2",1,2,"nonVeridical","2"
"718","c2","10/6/21 14:07","three_pos_9_3_3_9.csv",0,5,"10/6/21 14:18","0","Finish","0",1,"","Dh1cwltm88yxy23Y19Vu",3,"e3",2,3,"nonVeridical","1"
"719","c3","10/6/21 14:07","three_pos_9_3_3_9.csv",0,4,"10/6/21 14:18","0","Finish","0",1,"","Dh1cwltm88yxy23Y19Vu",3,"e3",3,3,"veridical","0"
"720","c1","10/6/21 14:07","three_pos_9_3_3_9.csv",0,7,"10/6/21 14:18","0","Finish","0",1,"","Dh1cwltm88yxy23Y19Vu",3,"e3",1,3,"nonVeridical","2"
"721","c2","10/6/21 14:07","three_pos_9_3_3_9.csv",0,5,"10/6/21 14:17","0","Finish","0",1,"","yeJzFPQ0qnayHDvn28jo",3,"e1",2,1,"nonVeridical","1"
"722","c1","10/6/21 14:07","three_pos_9_3_3_9.csv",0,5,"10/6/21 14:17","0","Finish","0",1,"","yeJzFPQ0qnayHDvn28jo",3,"e1",1,1,"veridical","2"
"723","c3","10/6/21 14:07","three_pos_9_3_3_9.csv",0,0,"10/6/21 14:17","0","Finish","0",1,"","yeJzFPQ0qnayHDvn28jo",3,"e1",3,1,"nonVeridical","0"
"724","c2","10/6/21 14:07","three_pos_9_3_3_9.csv",0,5,"10/6/21 14:17","0","Finish","0",1,"","yeJzFPQ0qnayHDvn28jo",3,"e2",2,2,"veridical","1"
"725","c1","10/6/21 14:07","three_pos_9_3_3_9.csv",0,5,"10/6/21 14:17","0","Finish","0",1,"","yeJzFPQ0qnayHDvn28jo",3,"e2",1,2,"nonVeridical","2"
"726","c3","10/6/21 14:07","three_pos_9_3_3_9.csv",0,0,"10/6/21 14:17","0","Finish","0",1,"","yeJzFPQ0qnayHDvn28jo",3,"e2",3,2,"nonVeridical","0"
"727","c2","10/6/21 14:07","three_pos_9_3_3_9.csv",0,0,"10/6/21 14:17","0","Finish","0",1,"","yeJzFPQ0qnayHDvn28jo",3,"e3",2,3,"nonVeridical","1"
"728","c1","10/6/21 14:07","three_pos_9_3_3_9.csv",0,0,"10/6/21 14:17","0","Finish","0",1,"","yeJzFPQ0qnayHDvn28jo",3,"e3",1,3,"nonVeridical","2"
"729","c3","10/6/21 14:07","three_pos_9_3_3_9.csv",0,10,"10/6/21 14:17","0","Finish","0",1,"","yeJzFPQ0qnayHDvn28jo",3,"e3",3,3,"veridical","0"
"730","c1","10/6/21 14:07","three_pos_8_4_0_12.csv",0,10,"10/6/21 14:15","0","Finish","0",1,"","bkCR8MYK3dmWQtpUMMJz",2,"e1",1,1,"veridical","2"
"731","c3","10/6/21 14:07","three_pos_8_4_0_12.csv",0,0,"10/6/21 14:15","0","Finish","0",1,"","bkCR8MYK3dmWQtpUMMJz",2,"e1",3,1,"nonVeridical","0"
"732","c2","10/6/21 14:07","three_pos_8_4_0_12.csv",0,0,"10/6/21 14:15","0","Finish","0",1,"","bkCR8MYK3dmWQtpUMMJz",2,"e1",2,1,"nonVeridical","1"
"733","c1","10/6/21 14:07","three_pos_8_4_0_12.csv",0,0,"10/6/21 14:15","0","Finish","0",1,"","bkCR8MYK3dmWQtpUMMJz",2,"e2",1,2,"nonVeridical","2"
"734","c3","10/6/21 14:07","three_pos_8_4_0_12.csv",0,0,"10/6/21 14:15","0","Finish","0",1,"","bkCR8MYK3dmWQtpUMMJz",2,"e2",3,2,"nonVeridical","0"
"735","c2","10/6/21 14:07","three_pos_8_4_0_12.csv",0,10,"10/6/21 14:15","0","Finish","0",1,"","bkCR8MYK3dmWQtpUMMJz",2,"e2",2,2,"veridical","1"
"736","c1","10/6/21 14:07","three_pos_8_4_0_12.csv",0,0,"10/6/21 14:15","0","Finish","0",1,"","bkCR8MYK3dmWQtpUMMJz",2,"e3",1,3,"nonVeridical","2"
"737","c3","10/6/21 14:07","three_pos_8_4_0_12.csv",0,10,"10/6/21 14:15","0","Finish","0",1,"","bkCR8MYK3dmWQtpUMMJz",2,"e3",3,3,"veridical","0"
"738","c2","10/6/21 14:07","three_pos_8_4_0_12.csv",0,0,"10/6/21 14:15","0","Finish","0",1,"","bkCR8MYK3dmWQtpUMMJz",2,"e3",2,3,"nonVeridical","1"
"739","c3","10/6/21 14:07","three_pos_9_3_3_9.csv",0,6,"10/6/21 14:17","0","Finish","0",1,"","P4Tc75vhXXJuF72H6bMb",1,"e1",3,1,"nonVeridical","0"
"740","c2","10/6/21 14:07","three_pos_9_3_3_9.csv",0,9,"10/6/21 14:17","0","Finish","0",1,"","P4Tc75vhXXJuF72H6bMb",1,"e1",2,1,"nonVeridical","1"
"741","c1","10/6/21 14:07","three_pos_9_3_3_9.csv",0,5,"10/6/21 14:17","0","Finish","0",1,"","P4Tc75vhXXJuF72H6bMb",1,"e1",1,1,"veridical","2"
"742","c3","10/6/21 14:07","three_pos_9_3_3_9.csv",0,2,"10/6/21 14:17","0","Finish","0",1,"","P4Tc75vhXXJuF72H6bMb",1,"e2",3,2,"nonVeridical","0"
"743","c2","10/6/21 14:07","three_pos_9_3_3_9.csv",0,8,"10/6/21 14:17","0","Finish","0",1,"","P4Tc75vhXXJuF72H6bMb",1,"e2",2,2,"veridical","1"
"744","c1","10/6/21 14:07","three_pos_9_3_3_9.csv",0,1,"10/6/21 14:17","0","Finish","0",1,"","P4Tc75vhXXJuF72H6bMb",1,"e2",1,2,"nonVeridical","2"
"745","c3","10/6/21 14:07","three_pos_9_3_3_9.csv",0,8,"10/6/21 14:17","0","Finish","0",1,"","P4Tc75vhXXJuF72H6bMb",1,"e3",3,3,"veridical","0"
"746","c2","10/6/21 14:07","three_pos_9_3_3_9.csv",0,4,"10/6/21 14:17","0","Finish","0",1,"","P4Tc75vhXXJuF72H6bMb",1,"e3",2,3,"nonVeridical","1"
"747","c1","10/6/21 14:07","three_pos_9_3_3_9.csv",0,8,"10/6/21 14:17","0","Finish","0",1,"","P4Tc75vhXXJuF72H6bMb",1,"e3",1,3,"nonVeridical","2"
"748","c2","10/6/21 14:07","three_pos_8_4_0_12.csv",0,7,"10/6/21 14:26","0","Finish","0",0,"soccer_football_running_hockey_cycling","9r9ciBAaVFViXa2QPzX0",3,"e1",2,1,"nonVeridical","1"
"749","c1","10/6/21 14:07","three_pos_8_4_0_12.csv",0,8,"10/6/21 14:26","0","Finish","0",0,"soccer_football_running_hockey_cycling","9r9ciBAaVFViXa2QPzX0",3,"e1",1,1,"veridical","2"
"750","c3","10/6/21 14:07","three_pos_8_4_0_12.csv",0,8,"10/6/21 14:26","0","Finish","0",0,"soccer_football_running_hockey_cycling","9r9ciBAaVFViXa2QPzX0",3,"e1",3,1,"nonVeridical","0"
"751","c2","10/6/21 14:07","three_pos_8_4_0_12.csv",0,10,"10/6/21 14:26","0","Finish","0",0,"soccer_football_running_hockey_cycling","9r9ciBAaVFViXa2QPzX0",3,"e2",2,2,"veridical","1"
"752","c1","10/6/21 14:07","three_pos_8_4_0_12.csv",0,9,"10/6/21 14:26","0","Finish","0",0,"soccer_football_running_hockey_cycling","9r9ciBAaVFViXa2QPzX0",3,"e2",1,2,"nonVeridical","2"
"753","c3","10/6/21 14:07","three_pos_8_4_0_12.csv",0,9,"10/6/21 14:26","0","Finish","0",0,"soccer_football_running_hockey_cycling","9r9ciBAaVFViXa2QPzX0",3,"e2",3,2,"nonVeridical","0"
"754","c2","10/6/21 14:07","three_pos_8_4_0_12.csv",0,10,"10/6/21 14:26","0","Finish","0",0,"soccer_football_running_hockey_cycling","9r9ciBAaVFViXa2QPzX0",3,"e3",2,3,"nonVeridical","1"
"755","c1","10/6/21 14:07","three_pos_8_4_0_12.csv",0,9,"10/6/21 14:26","0","Finish","0",0,"soccer_football_running_hockey_cycling","9r9ciBAaVFViXa2QPzX0",3,"e3",1,3,"nonVeridical","2"
"756","c3","10/6/21 14:07","three_pos_8_4_0_12.csv",0,9,"10/6/21 14:26","0","Finish","0",0,"soccer_football_running_hockey_cycling","9r9ciBAaVFViXa2QPzX0",3,"e3",3,3,"veridical","0"
"757","c3","10/6/21 14:07","three_pos_8_4_0_12.csv",0,0,"10/6/21 14:16","0","Finish","0",1,"","Uik90thwcLphzwajbRXC",2,"e1",3,1,"nonVeridical","0"
"758","c2","10/6/21 14:07","three_pos_8_4_0_12.csv",0,5,"10/6/21 14:16","0","Finish","0",1,"","Uik90thwcLphzwajbRXC",2,"e1",2,1,"nonVeridical","1"
"759","c1","10/6/21 14:07","three_pos_8_4_0_12.csv",0,8,"10/6/21 14:16","0","Finish","0",1,"","Uik90thwcLphzwajbRXC",2,"e1",1,1,"veridical","2"
"760","c3","10/6/21 14:07","three_pos_8_4_0_12.csv",0,0,"10/6/21 14:16","0","Finish","0",1,"","Uik90thwcLphzwajbRXC",2,"e2",3,2,"nonVeridical","0"
"761","c2","10/6/21 14:07","three_pos_8_4_0_12.csv",0,5,"10/6/21 14:16","0","Finish","0",1,"","Uik90thwcLphzwajbRXC",2,"e2",2,2,"veridical","1"
"762","c1","10/6/21 14:07","three_pos_8_4_0_12.csv",0,5,"10/6/21 14:16","0","Finish","0",1,"","Uik90thwcLphzwajbRXC",2,"e2",1,2,"nonVeridical","2"
"763","c3","10/6/21 14:07","three_pos_8_4_0_12.csv",0,10,"10/6/21 14:16","0","Finish","0",1,"","Uik90thwcLphzwajbRXC",2,"e3",3,3,"veridical","0"
"764","c2","10/6/21 14:07","three_pos_8_4_0_12.csv",0,0,"10/6/21 14:16","0","Finish","0",1,"","Uik90thwcLphzwajbRXC",2,"e3",2,3,"nonVeridical","1"
"765","c1","10/6/21 14:07","three_pos_8_4_0_12.csv",0,0,"10/6/21 14:16","0","Finish","0",1,"","Uik90thwcLphzwajbRXC",2,"e3",1,3,"nonVeridical","2"
"766","c1","10/6/21 14:07","three_pos_10_2_0_12.csv",0,7,"10/6/21 14:17","0","Finish","0",1,"","Qqo5QVPYodSnCTm5TKQA",3,"e1",1,1,"veridical","2"
"767","c3","10/6/21 14:07","three_pos_10_2_0_12.csv",0,0,"10/6/21 14:17","0","Finish","0",1,"","Qqo5QVPYodSnCTm5TKQA",3,"e1",3,1,"nonVeridical","0"
"768","c2","10/6/21 14:07","three_pos_10_2_0_12.csv",0,0,"10/6/21 14:17","0","Finish","0",1,"","Qqo5QVPYodSnCTm5TKQA",3,"e1",2,1,"nonVeridical","1"
"769","c1","10/6/21 14:07","three_pos_10_2_0_12.csv",0,0,"10/6/21 14:17","0","Finish","0",1,"","Qqo5QVPYodSnCTm5TKQA",3,"e2",1,2,"nonVeridical","2"
"770","c3","10/6/21 14:07","three_pos_10_2_0_12.csv",0,0,"10/6/21 14:17","0","Finish","0",1,"","Qqo5QVPYodSnCTm5TKQA",3,"e2",3,2,"nonVeridical","0"
"771","c2","10/6/21 14:07","three_pos_10_2_0_12.csv",0,7,"10/6/21 14:17","0","Finish","0",1,"","Qqo5QVPYodSnCTm5TKQA",3,"e2",2,2,"veridical","1"
"772","c1","10/6/21 14:07","three_pos_10_2_0_12.csv",0,0,"10/6/21 14:17","0","Finish","0",1,"","Qqo5QVPYodSnCTm5TKQA",3,"e3",1,3,"nonVeridical","2"
"773","c3","10/6/21 14:07","three_pos_10_2_0_12.csv",0,8,"10/6/21 14:17","0","Finish","0",1,"","Qqo5QVPYodSnCTm5TKQA",3,"e3",3,3,"veridical","0"
"774","c2","10/6/21 14:07","three_pos_10_2_0_12.csv",0,1,"10/6/21 14:17","0","Finish","0",1,"","Qqo5QVPYodSnCTm5TKQA",3,"e3",2,3,"nonVeridical","1"
"775","c2","10/6/21 14:07","three_pos_9_3_3_9.csv",0,2,"10/6/21 14:31","0","Finish","0",1,"","Xf5yOK0bFDBkLVY0qX2G",3,"e1",2,1,"nonVeridical","1"
"776","c3","10/6/21 14:07","three_pos_9_3_3_9.csv",0,5,"10/6/21 14:31","0","Finish","0",1,"","Xf5yOK0bFDBkLVY0qX2G",3,"e1",3,1,"nonVeridical","0"
"777","c1","10/6/21 14:07","three_pos_9_3_3_9.csv",0,8,"10/6/21 14:31","0","Finish","0",1,"","Xf5yOK0bFDBkLVY0qX2G",3,"e1",1,1,"veridical","2"
"778","c2","10/6/21 14:07","three_pos_9_3_3_9.csv",0,5,"10/6/21 14:31","0","Finish","0",1,"","Xf5yOK0bFDBkLVY0qX2G",3,"e2",2,2,"veridical","1"
"779","c3","10/6/21 14:07","three_pos_9_3_3_9.csv",0,9,"10/6/21 14:31","0","Finish","0",1,"","Xf5yOK0bFDBkLVY0qX2G",3,"e2",3,2,"nonVeridical","0"
"780","c1","10/6/21 14:07","three_pos_9_3_3_9.csv",0,2,"10/6/21 14:31","0","Finish","0",1,"","Xf5yOK0bFDBkLVY0qX2G",3,"e2",1,2,"nonVeridical","2"
"781","c2","10/6/21 14:07","three_pos_9_3_3_9.csv",0,8,"10/6/21 14:31","0","Finish","0",1,"","Xf5yOK0bFDBkLVY0qX2G",3,"e3",2,3,"nonVeridical","1"
"782","c3","10/6/21 14:07","three_pos_9_3_3_9.csv",0,2,"10/6/21 14:31","0","Finish","0",1,"","Xf5yOK0bFDBkLVY0qX2G",3,"e3",3,3,"veridical","0"
"783","c1","10/6/21 14:07","three_pos_9_3_3_9.csv",0,6,"10/6/21 14:31","0","Finish","0",1,"","Xf5yOK0bFDBkLVY0qX2G",3,"e3",1,3,"nonVeridical","2"
"784","c3","10/6/21 14:07","three_pos_8_4_0_12.csv",0,5,"10/6/21 14:21","0","Finish","0",0,"football_basketball_cycling_notlist","LdGtO6DWPjjZNmXt10ce",3,"e1",3,1,"nonVeridical","0"
"785","c1","10/6/21 14:07","three_pos_8_4_0_12.csv",0,5,"10/6/21 14:21","0","Finish","0",0,"football_basketball_cycling_notlist","LdGtO6DWPjjZNmXt10ce",3,"e1",1,1,"veridical","2"
"786","c2","10/6/21 14:07","three_pos_8_4_0_12.csv",0,3,"10/6/21 14:21","0","Finish","0",0,"football_basketball_cycling_notlist","LdGtO6DWPjjZNmXt10ce",3,"e1",2,1,"nonVeridical","1"
"787","c3","10/6/21 14:07","three_pos_8_4_0_12.csv",0,5,"10/6/21 14:21","0","Finish","0",0,"football_basketball_cycling_notlist","LdGtO6DWPjjZNmXt10ce",3,"e2",3,2,"nonVeridical","0"
"788","c1","10/6/21 14:07","three_pos_8_4_0_12.csv",0,0,"10/6/21 14:21","0","Finish","0",0,"football_basketball_cycling_notlist","LdGtO6DWPjjZNmXt10ce",3,"e2",1,2,"nonVeridical","2"
"789","c2","10/6/21 14:07","three_pos_8_4_0_12.csv",0,5,"10/6/21 14:21","0","Finish","0",0,"football_basketball_cycling_notlist","LdGtO6DWPjjZNmXt10ce",3,"e2",2,2,"veridical","1"
"790","c3","10/6/21 14:07","three_pos_8_4_0_12.csv",0,3,"10/6/21 14:21","0","Finish","0",0,"football_basketball_cycling_notlist","LdGtO6DWPjjZNmXt10ce",3,"e3",3,3,"veridical","0"
"791","c1","10/6/21 14:07","three_pos_8_4_0_12.csv",0,4,"10/6/21 14:21","0","Finish","0",0,"football_basketball_cycling_notlist","LdGtO6DWPjjZNmXt10ce",3,"e3",1,3,"nonVeridical","2"
"792","c2","10/6/21 14:07","three_pos_8_4_0_12.csv",0,5,"10/6/21 14:21","0","Finish","0",0,"football_basketball_cycling_notlist","LdGtO6DWPjjZNmXt10ce",3,"e3",2,3,"nonVeridical","1"
"793","c1","10/6/21 14:07","three_pos_9_3_3_9.csv",0,5,"10/6/21 14:16","0","Finish","0",1,"","QhUquCZ9nEkhqVkJvluq",2,"e1",1,1,"veridical","2"
"794","c2","10/6/21 14:07","three_pos_9_3_3_9.csv",0,0,"10/6/21 14:16","0","Finish","0",1,"","QhUquCZ9nEkhqVkJvluq",2,"e1",2,1,"nonVeridical","1"
"795","c3","10/6/21 14:07","three_pos_9_3_3_9.csv",0,0,"10/6/21 14:16","0","Finish","0",1,"","QhUquCZ9nEkhqVkJvluq",2,"e1",3,1,"nonVeridical","0"
"796","c1","10/6/21 14:07","three_pos_9_3_3_9.csv",0,2,"10/6/21 14:16","0","Finish","0",1,"","QhUquCZ9nEkhqVkJvluq",2,"e2",1,2,"nonVeridical","2"
"797","c2","10/6/21 14:07","three_pos_9_3_3_9.csv",0,5,"10/6/21 14:16","0","Finish","0",1,"","QhUquCZ9nEkhqVkJvluq",2,"e2",2,2,"veridical","1"
"798","c3","10/6/21 14:07","three_pos_9_3_3_9.csv",0,5,"10/6/21 14:16","0","Finish","0",1,"","QhUquCZ9nEkhqVkJvluq",2,"e2",3,2,"nonVeridical","0"
"799","c1","10/6/21 14:07","three_pos_9_3_3_9.csv",0,0,"10/6/21 14:16","0","Finish","0",1,"","QhUquCZ9nEkhqVkJvluq",2,"e3",1,3,"nonVeridical","2"
"800","c2","10/6/21 14:07","three_pos_9_3_3_9.csv",0,3,"10/6/21 14:16","0","Finish","0",1,"","QhUquCZ9nEkhqVkJvluq",2,"e3",2,3,"nonVeridical","1"
"801","c3","10/6/21 14:07","three_pos_9_3_3_9.csv",0,0,"10/6/21 14:16","0","Finish","0",1,"","QhUquCZ9nEkhqVkJvluq",2,"e3",3,3,"veridical","0"
"802","c3","10/6/21 14:07","three_pos_9_3_3_9.csv",0,5,"10/6/21 14:15","0","Finish","0",1,"","C77SeRZXBLirCiUet13h",1,"e1",3,1,"nonVeridical","0"
"803","c1","10/6/21 14:07","three_pos_9_3_3_9.csv",0,5,"10/6/21 14:15","0","Finish","0",1,"","C77SeRZXBLirCiUet13h",1,"e1",1,1,"veridical","2"
"804","c2","10/6/21 14:07","three_pos_9_3_3_9.csv",0,2,"10/6/21 14:15","0","Finish","0",1,"","C77SeRZXBLirCiUet13h",1,"e1",2,1,"nonVeridical","1"
"805","c3","10/6/21 14:07","three_pos_9_3_3_9.csv",0,0,"10/6/21 14:15","0","Finish","0",1,"","C77SeRZXBLirCiUet13h",1,"e2",3,2,"nonVeridical","0"
"806","c1","10/6/21 14:07","three_pos_9_3_3_9.csv",0,2,"10/6/21 14:15","0","Finish","0",1,"","C77SeRZXBLirCiUet13h",1,"e2",1,2,"nonVeridical","2"
"807","c2","10/6/21 14:07","three_pos_9_3_3_9.csv",0,9,"10/6/21 14:15","0","Finish","0",1,"","C77SeRZXBLirCiUet13h",1,"e2",2,2,"veridical","1"
"808","c3","10/6/21 14:07","three_pos_9_3_3_9.csv",0,8,"10/6/21 14:15","0","Finish","0",1,"","C77SeRZXBLirCiUet13h",1,"e3",3,3,"veridical","0"
"809","c1","10/6/21 14:07","three_pos_9_3_3_9.csv",0,0,"10/6/21 14:15","0","Finish","0",1,"","C77SeRZXBLirCiUet13h",1,"e3",1,3,"nonVeridical","2"
"810","c2","10/6/21 14:07","three_pos_9_3_3_9.csv",0,4,"10/6/21 14:15","0","Finish","0",1,"","C77SeRZXBLirCiUet13h",1,"e3",2,3,"nonVeridical","1"
"811","c3","10/6/21 14:07","three_pos_9_3_3_9.csv",0,8,"10/6/21 14:23","0","Finish","0",0,"running","JMRlGS77AmR3tZKRHhDS",2,"e1",3,1,"nonVeridical","0"
"812","c1","10/6/21 14:07","three_pos_9_3_3_9.csv",0,5,"10/6/21 14:23","0","Finish","0",0,"running","JMRlGS77AmR3tZKRHhDS",2,"e1",1,1,"veridical","2"
"813","c2","10/6/21 14:07","three_pos_9_3_3_9.csv",0,8,"10/6/21 14:23","0","Finish","0",0,"running","JMRlGS77AmR3tZKRHhDS",2,"e1",2,1,"nonVeridical","1"
"814","c3","10/6/21 14:07","three_pos_9_3_3_9.csv",0,3,"10/6/21 14:23","0","Finish","0",0,"running","JMRlGS77AmR3tZKRHhDS",2,"e2",3,2,"nonVeridical","0"
"815","c1","10/6/21 14:07","three_pos_9_3_3_9.csv",0,4,"10/6/21 14:23","0","Finish","0",0,"running","JMRlGS77AmR3tZKRHhDS",2,"e2",1,2,"nonVeridical","2"
"816","c2","10/6/21 14:07","three_pos_9_3_3_9.csv",0,7,"10/6/21 14:23","0","Finish","0",0,"running","JMRlGS77AmR3tZKRHhDS",2,"e2",2,2,"veridical","1"
"817","c3","10/6/21 14:07","three_pos_9_3_3_9.csv",0,7,"10/6/21 14:23","0","Finish","0",0,"running","JMRlGS77AmR3tZKRHhDS",2,"e3",3,3,"veridical","0"
"818","c1","10/6/21 14:07","three_pos_9_3_3_9.csv",0,8,"10/6/21 14:23","0","Finish","0",0,"running","JMRlGS77AmR3tZKRHhDS",2,"e3",1,3,"nonVeridical","2"
"819","c2","10/6/21 14:07","three_pos_9_3_3_9.csv",0,9,"10/6/21 14:23","0","Finish","0",0,"running","JMRlGS77AmR3tZKRHhDS",2,"e3",2,3,"nonVeridical","1"
"820","c2","10/6/21 14:07","three_pos_9_3_3_9.csv",0,6,"10/6/21 14:19","0","Finish","0",0,"running_hockey_skiing_football_tennis_basketball","JmZQxMRJim6jRiMwHJVw",2,"e1",2,1,"nonVeridical","1"
"821","c1","10/6/21 14:07","three_pos_9_3_3_9.csv",0,8,"10/6/21 14:19","0","Finish","0",0,"running_hockey_skiing_football_tennis_basketball","JmZQxMRJim6jRiMwHJVw",2,"e1",1,1,"veridical","2"
"822","c3","10/6/21 14:07","three_pos_9_3_3_9.csv",0,8,"10/6/21 14:19","0","Finish","0",0,"running_hockey_skiing_football_tennis_basketball","JmZQxMRJim6jRiMwHJVw",2,"e1",3,1,"nonVeridical","0"
"823","c2","10/6/21 14:07","three_pos_9_3_3_9.csv",0,8,"10/6/21 14:19","0","Finish","0",0,"running_hockey_skiing_football_tennis_basketball","JmZQxMRJim6jRiMwHJVw",2,"e2",2,2,"veridical","1"
"824","c1","10/6/21 14:07","three_pos_9_3_3_9.csv",0,8,"10/6/21 14:19","0","Finish","0",0,"running_hockey_skiing_football_tennis_basketball","JmZQxMRJim6jRiMwHJVw",2,"e2",1,2,"nonVeridical","2"
"825","c3","10/6/21 14:07","three_pos_9_3_3_9.csv",0,8,"10/6/21 14:19","0","Finish","0",0,"running_hockey_skiing_football_tennis_basketball","JmZQxMRJim6jRiMwHJVw",2,"e2",3,2,"nonVeridical","0"
"826","c2","10/6/21 14:07","three_pos_9_3_3_9.csv",0,7,"10/6/21 14:19","0","Finish","0",0,"running_hockey_skiing_football_tennis_basketball","JmZQxMRJim6jRiMwHJVw",2,"e3",2,3,"nonVeridical","1"
"827","c1","10/6/21 14:07","three_pos_9_3_3_9.csv",0,5,"10/6/21 14:19","0","Finish","0",0,"running_hockey_skiing_football_tennis_basketball","JmZQxMRJim6jRiMwHJVw",2,"e3",1,3,"nonVeridical","2"
"828","c3","10/6/21 14:07","three_pos_9_3_3_9.csv",0,8,"10/6/21 14:19","0","Finish","0",0,"running_hockey_skiing_football_tennis_basketball","JmZQxMRJim6jRiMwHJVw",2,"e3",3,3,"veridical","0"
"829","c3","10/6/21 14:07","three_pos_10_2_0_12.csv",0,6,"10/6/21 14:17","0","Finish","0",1,"","46H8NXHsRglnx7e0kFiB",3,"e1",3,1,"nonVeridical","0"
"830","c1","10/6/21 14:07","three_pos_10_2_0_12.csv",0,3,"10/6/21 14:17","0","Finish","0",1,"","46H8NXHsRglnx7e0kFiB",3,"e1",1,1,"veridical","2"
"831","c2","10/6/21 14:07","three_pos_10_2_0_12.csv",0,2,"10/6/21 14:17","0","Finish","0",1,"","46H8NXHsRglnx7e0kFiB",3,"e1",2,1,"nonVeridical","1"
"832","c3","10/6/21 14:07","three_pos_10_2_0_12.csv",0,2,"10/6/21 14:17","0","Finish","0",1,"","46H8NXHsRglnx7e0kFiB",3,"e2",3,2,"nonVeridical","0"
"833","c1","10/6/21 14:07","three_pos_10_2_0_12.csv",0,4,"10/6/21 14:17","0","Finish","0",1,"","46H8NXHsRglnx7e0kFiB",3,"e2",1,2,"nonVeridical","2"
"834","c2","10/6/21 14:07","three_pos_10_2_0_12.csv",0,10,"10/6/21 14:17","0","Finish","0",1,"","46H8NXHsRglnx7e0kFiB",3,"e2",2,2,"veridical","1"
"835","c3","10/6/21 14:07","three_pos_10_2_0_12.csv",0,4,"10/6/21 14:17","0","Finish","0",1,"","46H8NXHsRglnx7e0kFiB",3,"e3",3,3,"veridical","0"
"836","c1","10/6/21 14:07","three_pos_10_2_0_12.csv",0,6,"10/6/21 14:17","0","Finish","0",1,"","46H8NXHsRglnx7e0kFiB",3,"e3",1,3,"nonVeridical","2"
"837","c2","10/6/21 14:07","three_pos_10_2_0_12.csv",0,6,"10/6/21 14:17","0","Finish","0",1,"","46H8NXHsRglnx7e0kFiB",3,"e3",2,3,"nonVeridical","1"
"838","c1","10/6/21 14:07","three_pos_10_2_0_12.csv",0,10,"10/6/21 14:26","0","Finish","0",1,"","33VOyoYpuQ9FYJL2TUj7",1,"e1",1,1,"veridical","2"
"839","c3","10/6/21 14:07","three_pos_10_2_0_12.csv",0,0,"10/6/21 14:26","0","Finish","0",1,"","33VOyoYpuQ9FYJL2TUj7",1,"e1",3,1,"nonVeridical","0"
"840","c2","10/6/21 14:07","three_pos_10_2_0_12.csv",0,5,"10/6/21 14:26","0","Finish","0",1,"","33VOyoYpuQ9FYJL2TUj7",1,"e1",2,1,"nonVeridical","1"
"841","c1","10/6/21 14:07","three_pos_10_2_0_12.csv",0,3,"10/6/21 14:26","0","Finish","0",1,"","33VOyoYpuQ9FYJL2TUj7",1,"e2",1,2,"nonVeridical","2"
"842","c3","10/6/21 14:07","three_pos_10_2_0_12.csv",0,5,"10/6/21 14:26","0","Finish","0",1,"","33VOyoYpuQ9FYJL2TUj7",1,"e2",3,2,"nonVeridical","0"
"843","c2","10/6/21 14:07","three_pos_10_2_0_12.csv",0,10,"10/6/21 14:26","0","Finish","0",1,"","33VOyoYpuQ9FYJL2TUj7",1,"e2",2,2,"veridical","1"
"844","c1","10/6/21 14:07","three_pos_10_2_0_12.csv",0,0,"10/6/21 14:26","0","Finish","0",1,"","33VOyoYpuQ9FYJL2TUj7",1,"e3",1,3,"nonVeridical","2"
"845","c3","10/6/21 14:07","three_pos_10_2_0_12.csv",0,10,"10/6/21 14:26","0","Finish","0",1,"","33VOyoYpuQ9FYJL2TUj7",1,"e3",3,3,"veridical","0"
"846","c2","10/6/21 14:07","three_pos_10_2_0_12.csv",0,0,"10/6/21 14:26","0","Finish","0",1,"","33VOyoYpuQ9FYJL2TUj7",1,"e3",2,3,"nonVeridical","1"
"847","c2","10/6/21 14:07","three_pos_9_3_3_9.csv",0,7,"10/6/21 14:18","0","Finish","0",1,"","jPSf2t5169w8Gu3gUGOG",3,"e1",2,1,"nonVeridical","1"
"848","c3","10/6/21 14:07","three_pos_9_3_3_9.csv",0,4,"10/6/21 14:18","0","Finish","0",1,"","jPSf2t5169w8Gu3gUGOG",3,"e1",3,1,"nonVeridical","0"
"849","c1","10/6/21 14:07","three_pos_9_3_3_9.csv",0,5,"10/6/21 14:18","0","Finish","0",1,"","jPSf2t5169w8Gu3gUGOG",3,"e1",1,1,"veridical","2"
"850","c2","10/6/21 14:07","three_pos_9_3_3_9.csv",0,5,"10/6/21 14:18","0","Finish","0",1,"","jPSf2t5169w8Gu3gUGOG",3,"e2",2,2,"veridical","1"
"851","c3","10/6/21 14:07","three_pos_9_3_3_9.csv",0,10,"10/6/21 14:18","0","Finish","0",1,"","jPSf2t5169w8Gu3gUGOG",3,"e2",3,2,"nonVeridical","0"
"852","c1","10/6/21 14:07","three_pos_9_3_3_9.csv",0,4,"10/6/21 14:18","0","Finish","0",1,"","jPSf2t5169w8Gu3gUGOG",3,"e2",1,2,"nonVeridical","2"
"853","c2","10/6/21 14:07","three_pos_9_3_3_9.csv",0,5,"10/6/21 14:18","0","Finish","0",1,"","jPSf2t5169w8Gu3gUGOG",3,"e3",2,3,"nonVeridical","1"
"854","c3","10/6/21 14:07","three_pos_9_3_3_9.csv",0,3,"10/6/21 14:18","0","Finish","0",1,"","jPSf2t5169w8Gu3gUGOG",3,"e3",3,3,"veridical","0"
"855","c1","10/6/21 14:07","three_pos_9_3_3_9.csv",0,3,"10/6/21 14:18","0","Finish","0",1,"","jPSf2t5169w8Gu3gUGOG",3,"e3",1,3,"nonVeridical","2"
"856","c2","10/6/21 14:07","three_pos_8_4_0_12.csv",0,0,"10/6/21 14:17","0","Finish","0",1,"","atb3U0GY9ilolaZFPrk0",1,"e1",2,1,"nonVeridical","1"
"857","c3","10/6/21 14:07","three_pos_8_4_0_12.csv",0,6,"10/6/21 14:17","0","Finish","0",1,"","atb3U0GY9ilolaZFPrk0",1,"e1",3,1,"nonVeridical","0"
"858","c1","10/6/21 14:07","three_pos_8_4_0_12.csv",0,4,"10/6/21 14:17","0","Finish","0",1,"","atb3U0GY9ilolaZFPrk0",1,"e1",1,1,"veridical","2"
"859","c2","10/6/21 14:07","three_pos_8_4_0_12.csv",0,0,"10/6/21 14:17","0","Finish","0",1,"","atb3U0GY9ilolaZFPrk0",1,"e2",2,2,"veridical","1"
"860","c3","10/6/21 14:07","three_pos_8_4_0_12.csv",0,7,"10/6/21 14:17","0","Finish","0",1,"","atb3U0GY9ilolaZFPrk0",1,"e2",3,2,"nonVeridical","0"
"861","c1","10/6/21 14:07","three_pos_8_4_0_12.csv",0,5,"10/6/21 14:17","0","Finish","0",1,"","atb3U0GY9ilolaZFPrk0",1,"e2",1,2,"nonVeridical","2"
"862","c2","10/6/21 14:07","three_pos_8_4_0_12.csv",0,0,"10/6/21 14:17","0","Finish","0",1,"","atb3U0GY9ilolaZFPrk0",1,"e3",2,3,"nonVeridical","1"
"863","c3","10/6/21 14:07","three_pos_8_4_0_12.csv",0,9,"10/6/21 14:17","0","Finish","0",1,"","atb3U0GY9ilolaZFPrk0",1,"e3",3,3,"veridical","0"
"864","c1","10/6/21 14:07","three_pos_8_4_0_12.csv",0,6,"10/6/21 14:17","0","Finish","0",1,"","atb3U0GY9ilolaZFPrk0",1,"e3",1,3,"nonVeridical","2"
"865","c2","10/6/21 14:07","three_pos_8_4_0_12.csv",0,4,"10/6/21 14:22","0","Finish","1",0,"cycling_running_football","B5tpTj8qg6zqHqwyQphl",2,"e1",2,1,"nonVeridical","1"
"866","c1","10/6/21 14:07","three_pos_8_4_0_12.csv",0,10,"10/6/21 14:22","0","Finish","1",0,"cycling_running_football","B5tpTj8qg6zqHqwyQphl",2,"e1",1,1,"veridical","2"
"867","c3","10/6/21 14:07","three_pos_8_4_0_12.csv",0,5,"10/6/21 14:22","0","Finish","1",0,"cycling_running_football","B5tpTj8qg6zqHqwyQphl",2,"e1",3,1,"nonVeridical","0"
"868","c2","10/6/21 14:07","three_pos_8_4_0_12.csv",0,5,"10/6/21 14:22","0","Finish","1",0,"cycling_running_football","B5tpTj8qg6zqHqwyQphl",2,"e2",2,2,"veridical","1"
"869","c1","10/6/21 14:07","three_pos_8_4_0_12.csv",0,10,"10/6/21 14:22","0","Finish","1",0,"cycling_running_football","B5tpTj8qg6zqHqwyQphl",2,"e2",1,2,"nonVeridical","2"
"870","c3","10/6/21 14:07","three_pos_8_4_0_12.csv",0,5,"10/6/21 14:22","0","Finish","1",0,"cycling_running_football","B5tpTj8qg6zqHqwyQphl",2,"e2",3,2,"nonVeridical","0"
"871","c2","10/6/21 14:07","three_pos_8_4_0_12.csv",0,7,"10/6/21 14:22","0","Finish","1",0,"cycling_running_football","B5tpTj8qg6zqHqwyQphl",2,"e3",2,3,"nonVeridical","1"
"872","c1","10/6/21 14:07","three_pos_8_4_0_12.csv",0,3,"10/6/21 14:22","0","Finish","1",0,"cycling_running_football","B5tpTj8qg6zqHqwyQphl",2,"e3",1,3,"nonVeridical","2"
"873","c3","10/6/21 14:07","three_pos_8_4_0_12.csv",0,5,"10/6/21 14:22","0","Finish","1",0,"cycling_running_football","B5tpTj8qg6zqHqwyQphl",2,"e3",3,3,"veridical","0"
"874","c1","10/6/21 14:08","three_pos_10_2_0_12.csv",0,9,"10/6/21 14:21","0","Finish","0",0,"notlist","ofthrML1G6nCrzvVI9ME",2,"e1",1,1,"veridical","2"
"875","c2","10/6/21 14:08","three_pos_10_2_0_12.csv",0,5,"10/6/21 14:21","0","Finish","0",0,"notlist","ofthrML1G6nCrzvVI9ME",2,"e1",2,1,"nonVeridical","1"
"876","c3","10/6/21 14:08","three_pos_10_2_0_12.csv",0,5,"10/6/21 14:21","0","Finish","0",0,"notlist","ofthrML1G6nCrzvVI9ME",2,"e1",3,1,"nonVeridical","0"
"877","c1","10/6/21 14:08","three_pos_10_2_0_12.csv",0,5,"10/6/21 14:21","0","Finish","0",0,"notlist","ofthrML1G6nCrzvVI9ME",2,"e2",1,2,"nonVeridical","2"
"878","c2","10/6/21 14:08","three_pos_10_2_0_12.csv",0,5,"10/6/21 14:21","0","Finish","0",0,"notlist","ofthrML1G6nCrzvVI9ME",2,"e2",2,2,"veridical","1"
"879","c3","10/6/21 14:08","three_pos_10_2_0_12.csv",0,4,"10/6/21 14:21","0","Finish","0",0,"notlist","ofthrML1G6nCrzvVI9ME",2,"e2",3,2,"nonVeridical","0"
"880","c1","10/6/21 14:08","three_pos_10_2_0_12.csv",0,5,"10/6/21 14:21","0","Finish","0",0,"notlist","ofthrML1G6nCrzvVI9ME",2,"e3",1,3,"nonVeridical","2"
"881","c2","10/6/21 14:08","three_pos_10_2_0_12.csv",0,5,"10/6/21 14:21","0","Finish","0",0,"notlist","ofthrML1G6nCrzvVI9ME",2,"e3",2,3,"nonVeridical","1"
"882","c3","10/6/21 14:08","three_pos_10_2_0_12.csv",0,5,"10/6/21 14:21","0","Finish","0",0,"notlist","ofthrML1G6nCrzvVI9ME",2,"e3",3,3,"veridical","0"
"883","c1","10/6/21 14:08","three_pos_9_3_3_9.csv",0,6,"10/6/21 14:22","0","Finish","0",0,"","M4CWwfVsFUS7081y7SU1",1,"e1",1,1,"veridical","2"
"884","c3","10/6/21 14:08","three_pos_9_3_3_9.csv",0,6,"10/6/21 14:22","0","Finish","0",0,"","M4CWwfVsFUS7081y7SU1",1,"e1",3,1,"nonVeridical","0"
"885","c2","10/6/21 14:08","three_pos_9_3_3_9.csv",0,4,"10/6/21 14:22","0","Finish","0",0,"","M4CWwfVsFUS7081y7SU1",1,"e1",2,1,"nonVeridical","1"
"886","c1","10/6/21 14:08","three_pos_9_3_3_9.csv",0,7,"10/6/21 14:22","0","Finish","0",0,"","M4CWwfVsFUS7081y7SU1",1,"e2",1,2,"nonVeridical","2"
"887","c3","10/6/21 14:08","three_pos_9_3_3_9.csv",0,7,"10/6/21 14:22","0","Finish","0",0,"","M4CWwfVsFUS7081y7SU1",1,"e2",3,2,"nonVeridical","0"
"888","c2","10/6/21 14:08","three_pos_9_3_3_9.csv",0,7,"10/6/21 14:22","0","Finish","0",0,"","M4CWwfVsFUS7081y7SU1",1,"e2",2,2,"veridical","1"
"889","c1","10/6/21 14:08","three_pos_9_3_3_9.csv",0,7,"10/6/21 14:22","0","Finish","0",0,"","M4CWwfVsFUS7081y7SU1",1,"e3",1,3,"nonVeridical","2"
"890","c3","10/6/21 14:08","three_pos_9_3_3_9.csv",0,8,"10/6/21 14:22","0","Finish","0",0,"","M4CWwfVsFUS7081y7SU1",1,"e3",3,3,"veridical","0"
"891","c2","10/6/21 14:08","three_pos_9_3_3_9.csv",0,8,"10/6/21 14:22","0","Finish","0",0,"","M4CWwfVsFUS7081y7SU1",1,"e3",2,3,"nonVeridical","1"
"892","c1","10/6/21 14:08","three_pos_9_3_3_9.csv",0,6,"10/6/21 14:32","0","Finish","0",1,"","NAtLLRbnjknf2P0l7OPR",1,"e1",1,1,"veridical","2"
"893","c2","10/6/21 14:08","three_pos_9_3_3_9.csv",0,4,"10/6/21 14:32","0","Finish","0",1,"","NAtLLRbnjknf2P0l7OPR",1,"e1",2,1,"nonVeridical","1"
"894","c3","10/6/21 14:08","three_pos_9_3_3_9.csv",0,4,"10/6/21 14:32","0","Finish","0",1,"","NAtLLRbnjknf2P0l7OPR",1,"e1",3,1,"nonVeridical","0"
"895","c1","10/6/21 14:08","three_pos_9_3_3_9.csv",0,6,"10/6/21 14:32","0","Finish","0",1,"","NAtLLRbnjknf2P0l7OPR",1,"e2",1,2,"nonVeridical","2"
"896","c2","10/6/21 14:08","three_pos_9_3_3_9.csv",0,7,"10/6/21 14:32","0","Finish","0",1,"","NAtLLRbnjknf2P0l7OPR",1,"e2",2,2,"veridical","1"
"897","c3","10/6/21 14:08","three_pos_9_3_3_9.csv",0,4,"10/6/21 14:32","0","Finish","0",1,"","NAtLLRbnjknf2P0l7OPR",1,"e2",3,2,"nonVeridical","0"
"898","c1","10/6/21 14:08","three_pos_9_3_3_9.csv",0,5,"10/6/21 14:32","0","Finish","0",1,"","NAtLLRbnjknf2P0l7OPR",1,"e3",1,3,"nonVeridical","2"
"899","c2","10/6/21 14:08","three_pos_9_3_3_9.csv",0,3,"10/6/21 14:32","0","Finish","0",1,"","NAtLLRbnjknf2P0l7OPR",1,"e3",2,3,"nonVeridical","1"
"900","c3","10/6/21 14:08","three_pos_9_3_3_9.csv",0,8,"10/6/21 14:32","0","Finish","0",1,"","NAtLLRbnjknf2P0l7OPR",1,"e3",3,3,"veridical","0"
"901","c3","10/6/21 14:08","three_pos_10_2_0_12.csv",0,4,"10/6/21 14:45","1","Finish","1",0,"skiing_snowboarding_tennis","LI5srjnY0QMrH8zukj4G",2,"e1",3,1,"nonVeridical","0"
"902","c2","10/6/21 14:08","three_pos_10_2_0_12.csv",0,7,"10/6/21 14:45","1","Finish","1",0,"skiing_snowboarding_tennis","LI5srjnY0QMrH8zukj4G",2,"e1",2,1,"nonVeridical","1"
"903","c1","10/6/21 14:08","three_pos_10_2_0_12.csv",0,3,"10/6/21 14:45","1","Finish","1",0,"skiing_snowboarding_tennis","LI5srjnY0QMrH8zukj4G",2,"e1",1,1,"veridical","2"
"904","c3","10/6/21 14:08","three_pos_10_2_0_12.csv",0,7,"10/6/21 14:45","1","Finish","1",0,"skiing_snowboarding_tennis","LI5srjnY0QMrH8zukj4G",2,"e2",3,2,"nonVeridical","0"
"905","c2","10/6/21 14:08","three_pos_10_2_0_12.csv",0,7,"10/6/21 14:45","1","Finish","1",0,"skiing_snowboarding_tennis","LI5srjnY0QMrH8zukj4G",2,"e2",2,2,"veridical","1"
"906","c1","10/6/21 14:08","three_pos_10_2_0_12.csv",0,8,"10/6/21 14:45","1","Finish","1",0,"skiing_snowboarding_tennis","LI5srjnY0QMrH8zukj4G",2,"e2",1,2,"nonVeridical","2"
"907","c3","10/6/21 14:08","three_pos_10_2_0_12.csv",0,8,"10/6/21 14:45","1","Finish","1",0,"skiing_snowboarding_tennis","LI5srjnY0QMrH8zukj4G",2,"e3",3,3,"veridical","0"
"908","c2","10/6/21 14:08","three_pos_10_2_0_12.csv",0,7,"10/6/21 14:45","1","Finish","1",0,"skiing_snowboarding_tennis","LI5srjnY0QMrH8zukj4G",2,"e3",2,3,"nonVeridical","1"
"909","c1","10/6/21 14:08","three_pos_10_2_0_12.csv",0,4,"10/6/21 14:45","1","Finish","1",0,"skiing_snowboarding_tennis","LI5srjnY0QMrH8zukj4G",2,"e3",1,3,"nonVeridical","2"
"910","c2","10/6/21 14:08","three_pos_10_2_0_12.csv",0,8,"10/6/21 14:20","0","Finish","0",0,"soccer_basketball_hockey_football","LG9lFQx0lOfKe5z6YJgE",1,"e1",2,1,"nonVeridical","1"
"911","c1","10/6/21 14:08","three_pos_10_2_0_12.csv",0,8,"10/6/21 14:20","0","Finish","0",0,"soccer_basketball_hockey_football","LG9lFQx0lOfKe5z6YJgE",1,"e1",1,1,"veridical","2"
"912","c3","10/6/21 14:08","three_pos_10_2_0_12.csv",0,6,"10/6/21 14:20","0","Finish","0",0,"soccer_basketball_hockey_football","LG9lFQx0lOfKe5z6YJgE",1,"e1",3,1,"nonVeridical","0"
"913","c2","10/6/21 14:08","three_pos_10_2_0_12.csv",0,8,"10/6/21 14:20","0","Finish","0",0,"soccer_basketball_hockey_football","LG9lFQx0lOfKe5z6YJgE",1,"e2",2,2,"veridical","1"
"914","c1","10/6/21 14:08","three_pos_10_2_0_12.csv",0,5,"10/6/21 14:20","0","Finish","0",0,"soccer_basketball_hockey_football","LG9lFQx0lOfKe5z6YJgE",1,"e2",1,2,"nonVeridical","2"
"915","c3","10/6/21 14:08","three_pos_10_2_0_12.csv",0,5,"10/6/21 14:20","0","Finish","0",0,"soccer_basketball_hockey_football","LG9lFQx0lOfKe5z6YJgE",1,"e2",3,2,"nonVeridical","0"
"916","c2","10/6/21 14:08","three_pos_10_2_0_12.csv",0,5,"10/6/21 14:20","0","Finish","0",0,"soccer_basketball_hockey_football","LG9lFQx0lOfKe5z6YJgE",1,"e3",2,3,"nonVeridical","1"
"917","c1","10/6/21 14:08","three_pos_10_2_0_12.csv",0,9,"10/6/21 14:20","0","Finish","0",0,"soccer_basketball_hockey_football","LG9lFQx0lOfKe5z6YJgE",1,"e3",1,3,"nonVeridical","2"
"918","c3","10/6/21 14:08","three_pos_10_2_0_12.csv",0,5,"10/6/21 14:20","0","Finish","0",0,"soccer_basketball_hockey_football","LG9lFQx0lOfKe5z6YJgE",1,"e3",3,3,"veridical","0"
"919","c2","10/6/21 14:08","three_pos_10_2_0_12.csv",0,3,"10/6/21 14:20","0","Finish","0",0,"","qLuyHUus1UTDcY7EfGSb",1,"e1",2,1,"nonVeridical","1"
"920","c1","10/6/21 14:08","three_pos_10_2_0_12.csv",0,6,"10/6/21 14:20","0","Finish","0",0,"","qLuyHUus1UTDcY7EfGSb",1,"e1",1,1,"veridical","2"
"921","c3","10/6/21 14:08","three_pos_10_2_0_12.csv",0,4,"10/6/21 14:20","0","Finish","0",0,"","qLuyHUus1UTDcY7EfGSb",1,"e1",3,1,"nonVeridical","0"
"922","c2","10/6/21 14:08","three_pos_10_2_0_12.csv",0,1,"10/6/21 14:20","0","Finish","0",0,"","qLuyHUus1UTDcY7EfGSb",1,"e2",2,2,"veridical","1"
"923","c1","10/6/21 14:08","three_pos_10_2_0_12.csv",0,5,"10/6/21 14:20","0","Finish","0",0,"","qLuyHUus1UTDcY7EfGSb",1,"e2",1,2,"nonVeridical","2"
"924","c3","10/6/21 14:08","three_pos_10_2_0_12.csv",0,5,"10/6/21 14:20","0","Finish","0",0,"","qLuyHUus1UTDcY7EfGSb",1,"e2",3,2,"nonVeridical","0"
"925","c2","10/6/21 14:08","three_pos_10_2_0_12.csv",0,7,"10/6/21 14:20","0","Finish","0",0,"","qLuyHUus1UTDcY7EfGSb",1,"e3",2,3,"nonVeridical","1"
"926","c1","10/6/21 14:08","three_pos_10_2_0_12.csv",0,7,"10/6/21 14:20","0","Finish","0",0,"","qLuyHUus1UTDcY7EfGSb",1,"e3",1,3,"nonVeridical","2"
"927","c3","10/6/21 14:08","three_pos_10_2_0_12.csv",0,7,"10/6/21 14:20","0","Finish","0",0,"","qLuyHUus1UTDcY7EfGSb",1,"e3",3,3,"veridical","0"
"928","c3","10/6/21 14:08","three_pos_10_2_0_12.csv",0,5,"10/6/21 14:23","0","Finish","0",1,"","Yt4JSfHJ2nM1CGnczfov",3,"e1",3,1,"nonVeridical","0"
"929","c2","10/6/21 14:08","three_pos_10_2_0_12.csv",0,7,"10/6/21 14:23","0","Finish","0",1,"","Yt4JSfHJ2nM1CGnczfov",3,"e1",2,1,"nonVeridical","1"
"930","c1","10/6/21 14:08","three_pos_10_2_0_12.csv",0,3,"10/6/21 14:23","0","Finish","0",1,"","Yt4JSfHJ2nM1CGnczfov",3,"e1",1,1,"veridical","2"
"931","c3","10/6/21 14:08","three_pos_10_2_0_12.csv",0,7,"10/6/21 14:23","0","Finish","0",1,"","Yt4JSfHJ2nM1CGnczfov",3,"e2",3,2,"nonVeridical","0"
"932","c2","10/6/21 14:08","three_pos_10_2_0_12.csv",0,7,"10/6/21 14:23","0","Finish","0",1,"","Yt4JSfHJ2nM1CGnczfov",3,"e2",2,2,"veridical","1"
"933","c1","10/6/21 14:08","three_pos_10_2_0_12.csv",0,3,"10/6/21 14:23","0","Finish","0",1,"","Yt4JSfHJ2nM1CGnczfov",3,"e2",1,2,"nonVeridical","2"
"934","c3","10/6/21 14:08","three_pos_10_2_0_12.csv",0,5,"10/6/21 14:23","0","Finish","0",1,"","Yt4JSfHJ2nM1CGnczfov",3,"e3",3,3,"veridical","0"
"935","c2","10/6/21 14:08","three_pos_10_2_0_12.csv",0,7,"10/6/21 14:23","0","Finish","0",1,"","Yt4JSfHJ2nM1CGnczfov",3,"e3",2,3,"nonVeridical","1"
"936","c1","10/6/21 14:08","three_pos_10_2_0_12.csv",0,7,"10/6/21 14:23","0","Finish","0",1,"","Yt4JSfHJ2nM1CGnczfov",3,"e3",1,3,"nonVeridical","2"
"937","c2","10/6/21 14:08","three_pos_8_4_0_12.csv",0,7,"10/6/21 14:26","0","Finish","0",0,"","XpVnT2mb8rHhSOTgLuxG",3,"e1",2,1,"nonVeridical","1"
"938","c1","10/6/21 14:08","three_pos_8_4_0_12.csv",0,6,"10/6/21 14:26","0","Finish","0",0,"","XpVnT2mb8rHhSOTgLuxG",3,"e1",1,1,"veridical","2"
"939","c3","10/6/21 14:08","three_pos_8_4_0_12.csv",0,4,"10/6/21 14:26","0","Finish","0",0,"","XpVnT2mb8rHhSOTgLuxG",3,"e1",3,1,"nonVeridical","0"
"940","c2","10/6/21 14:08","three_pos_8_4_0_12.csv",0,5,"10/6/21 14:26","0","Finish","0",0,"","XpVnT2mb8rHhSOTgLuxG",3,"e2",2,2,"veridical","1"
"941","c1","10/6/21 14:08","three_pos_8_4_0_12.csv",0,6,"10/6/21 14:26","0","Finish","0",0,"","XpVnT2mb8rHhSOTgLuxG",3,"e2",1,2,"nonVeridical","2"
"942","c3","10/6/21 14:08","three_pos_8_4_0_12.csv",0,7,"10/6/21 14:26","0","Finish","0",0,"","XpVnT2mb8rHhSOTgLuxG",3,"e2",3,2,"nonVeridical","0"
"943","c2","10/6/21 14:08","three_pos_8_4_0_12.csv",0,9,"10/6/21 14:26","0","Finish","0",0,"","XpVnT2mb8rHhSOTgLuxG",3,"e3",2,3,"nonVeridical","1"
"944","c1","10/6/21 14:08","three_pos_8_4_0_12.csv",0,6,"10/6/21 14:26","0","Finish","0",0,"","XpVnT2mb8rHhSOTgLuxG",3,"e3",1,3,"nonVeridical","2"
"945","c3","10/6/21 14:08","three_pos_8_4_0_12.csv",0,6,"10/6/21 14:26","0","Finish","0",0,"","XpVnT2mb8rHhSOTgLuxG",3,"e3",3,3,"veridical","0"
"946","c2","10/6/21 14:08","three_pos_8_4_0_12.csv",0,8,"10/6/21 14:23","1","Finish","2",1,"","jRLrsP57vJdmxHFikNqy",1,"e1",2,1,"nonVeridical","1"
"947","c1","10/6/21 14:08","three_pos_8_4_0_12.csv",0,9,"10/6/21 14:23","1","Finish","2",1,"","jRLrsP57vJdmxHFikNqy",1,"e1",1,1,"veridical","2"
"948","c3","10/6/21 14:08","three_pos_8_4_0_12.csv",0,8,"10/6/21 14:23","1","Finish","2",1,"","jRLrsP57vJdmxHFikNqy",1,"e1",3,1,"nonVeridical","0"
"949","c2","10/6/21 14:08","three_pos_8_4_0_12.csv",0,9,"10/6/21 14:23","1","Finish","2",1,"","jRLrsP57vJdmxHFikNqy",1,"e2",2,2,"veridical","1"
"950","c1","10/6/21 14:08","three_pos_8_4_0_12.csv",0,8,"10/6/21 14:23","1","Finish","2",1,"","jRLrsP57vJdmxHFikNqy",1,"e2",1,2,"nonVeridical","2"
"951","c3","10/6/21 14:08","three_pos_8_4_0_12.csv",0,9,"10/6/21 14:23","1","Finish","2",1,"","jRLrsP57vJdmxHFikNqy",1,"e2",3,2,"nonVeridical","0"
"952","c2","10/6/21 14:08","three_pos_8_4_0_12.csv",0,7,"10/6/21 14:23","1","Finish","2",1,"","jRLrsP57vJdmxHFikNqy",1,"e3",2,3,"nonVeridical","1"
"953","c1","10/6/21 14:08","three_pos_8_4_0_12.csv",0,6,"10/6/21 14:23","1","Finish","2",1,"","jRLrsP57vJdmxHFikNqy",1,"e3",1,3,"nonVeridical","2"
"954","c3","10/6/21 14:08","three_pos_8_4_0_12.csv",0,9,"10/6/21 14:23","1","Finish","2",1,"","jRLrsP57vJdmxHFikNqy",1,"e3",3,3,"veridical","0"
"955","c3","10/6/21 14:08","three_pos_9_3_3_9.csv",0,9,"10/6/21 14:39","1","Finish","1",0,"football_tennis_basketball_cycling_hockey","E3XshMNEKr89JnSkdMJQ",3,"e1",3,1,"nonVeridical","0"
"956","c1","10/6/21 14:08","three_pos_9_3_3_9.csv",0,10,"10/6/21 14:39","1","Finish","1",0,"football_tennis_basketball_cycling_hockey","E3XshMNEKr89JnSkdMJQ",3,"e1",1,1,"veridical","2"
"957","c2","10/6/21 14:08","three_pos_9_3_3_9.csv",0,9,"10/6/21 14:39","1","Finish","1",0,"football_tennis_basketball_cycling_hockey","E3XshMNEKr89JnSkdMJQ",3,"e1",2,1,"nonVeridical","1"
"958","c3","10/6/21 14:08","three_pos_9_3_3_9.csv",0,10,"10/6/21 14:39","1","Finish","1",0,"football_tennis_basketball_cycling_hockey","E3XshMNEKr89JnSkdMJQ",3,"e2",3,2,"nonVeridical","0"
"959","c1","10/6/21 14:08","three_pos_9_3_3_9.csv",0,10,"10/6/21 14:39","1","Finish","1",0,"football_tennis_basketball_cycling_hockey","E3XshMNEKr89JnSkdMJQ",3,"e2",1,2,"nonVeridical","2"
"960","c2","10/6/21 14:08","three_pos_9_3_3_9.csv",0,10,"10/6/21 14:39","1","Finish","1",0,"football_tennis_basketball_cycling_hockey","E3XshMNEKr89JnSkdMJQ",3,"e2",2,2,"veridical","1"
"961","c3","10/6/21 14:08","three_pos_9_3_3_9.csv",0,10,"10/6/21 14:39","1","Finish","1",0,"football_tennis_basketball_cycling_hockey","E3XshMNEKr89JnSkdMJQ",3,"e3",3,3,"veridical","0"
"962","c1","10/6/21 14:08","three_pos_9_3_3_9.csv",0,10,"10/6/21 14:39","1","Finish","1",0,"football_tennis_basketball_cycling_hockey","E3XshMNEKr89JnSkdMJQ",3,"e3",1,3,"nonVeridical","2"
"963","c2","10/6/21 14:08","three_pos_9_3_3_9.csv",0,10,"10/6/21 14:39","1","Finish","1",0,"football_tennis_basketball_cycling_hockey","E3XshMNEKr89JnSkdMJQ",3,"e3",2,3,"nonVeridical","1"
"964","c1","10/6/21 14:08","three_pos_8_4_0_12.csv",0,8,"10/6/21 14:21","0","Finish","0",1,"","i7quZyg9YFvmjN20EaeP",2,"e1",1,1,"veridical","2"
"965","c2","10/6/21 14:08","three_pos_8_4_0_12.csv",0,8,"10/6/21 14:21","0","Finish","0",1,"","i7quZyg9YFvmjN20EaeP",2,"e1",2,1,"nonVeridical","1"
"966","c3","10/6/21 14:08","three_pos_8_4_0_12.csv",0,8,"10/6/21 14:21","0","Finish","0",1,"","i7quZyg9YFvmjN20EaeP",2,"e1",3,1,"nonVeridical","0"
"967","c1","10/6/21 14:08","three_pos_8_4_0_12.csv",0,9,"10/6/21 14:21","0","Finish","0",1,"","i7quZyg9YFvmjN20EaeP",2,"e2",1,2,"nonVeridical","2"
"968","c2","10/6/21 14:08","three_pos_8_4_0_12.csv",0,10,"10/6/21 14:21","0","Finish","0",1,"","i7quZyg9YFvmjN20EaeP",2,"e2",2,2,"veridical","1"
"969","c3","10/6/21 14:08","three_pos_8_4_0_12.csv",0,10,"10/6/21 14:21","0","Finish","0",1,"","i7quZyg9YFvmjN20EaeP",2,"e2",3,2,"nonVeridical","0"
"970","c1","10/6/21 14:08","three_pos_8_4_0_12.csv",0,10,"10/6/21 14:21","0","Finish","0",1,"","i7quZyg9YFvmjN20EaeP",2,"e3",1,3,"nonVeridical","2"
"971","c2","10/6/21 14:08","three_pos_8_4_0_12.csv",0,10,"10/6/21 14:21","0","Finish","0",1,"","i7quZyg9YFvmjN20EaeP",2,"e3",2,3,"nonVeridical","1"
"972","c3","10/6/21 14:08","three_pos_8_4_0_12.csv",0,10,"10/6/21 14:21","0","Finish","0",1,"","i7quZyg9YFvmjN20EaeP",2,"e3",3,3,"veridical","0"
"973","c1","10/6/21 14:08","three_pos_10_2_0_12.csv",0,3,"10/6/21 14:27","0","Finish","0",0,"soccer_running_cycling","NRNmRbw2d8iDJRo6O1Xz",3,"e1",1,1,"veridical","2"
"974","c2","10/6/21 14:08","three_pos_10_2_0_12.csv",0,4,"10/6/21 14:27","0","Finish","0",0,"soccer_running_cycling","NRNmRbw2d8iDJRo6O1Xz",3,"e1",2,1,"nonVeridical","1"
"975","c3","10/6/21 14:08","three_pos_10_2_0_12.csv",0,5,"10/6/21 14:27","0","Finish","0",0,"soccer_running_cycling","NRNmRbw2d8iDJRo6O1Xz",3,"e1",3,1,"nonVeridical","0"
"976","c1","10/6/21 14:08","three_pos_10_2_0_12.csv",0,3,"10/6/21 14:27","0","Finish","0",0,"soccer_running_cycling","NRNmRbw2d8iDJRo6O1Xz",3,"e2",1,2,"nonVeridical","2"
"977","c2","10/6/21 14:08","three_pos_10_2_0_12.csv",0,7,"10/6/21 14:27","0","Finish","0",0,"soccer_running_cycling","NRNmRbw2d8iDJRo6O1Xz",3,"e2",2,2,"veridical","1"
"978","c3","10/6/21 14:08","three_pos_10_2_0_12.csv",0,5,"10/6/21 14:27","0","Finish","0",0,"soccer_running_cycling","NRNmRbw2d8iDJRo6O1Xz",3,"e2",3,2,"nonVeridical","0"
"979","c1","10/6/21 14:08","three_pos_10_2_0_12.csv",0,5,"10/6/21 14:27","0","Finish","0",0,"soccer_running_cycling","NRNmRbw2d8iDJRo6O1Xz",3,"e3",1,3,"nonVeridical","2"
"980","c2","10/6/21 14:08","three_pos_10_2_0_12.csv",0,5,"10/6/21 14:27","0","Finish","0",0,"soccer_running_cycling","NRNmRbw2d8iDJRo6O1Xz",3,"e3",2,3,"nonVeridical","1"
"981","c3","10/6/21 14:08","three_pos_10_2_0_12.csv",0,4,"10/6/21 14:27","0","Finish","0",0,"soccer_running_cycling","NRNmRbw2d8iDJRo6O1Xz",3,"e3",3,3,"veridical","0"
"982","c1","10/6/21 14:08","three_pos_8_4_0_12.csv",0,9,"10/6/21 14:26","0","Finish","0",0,"football_basketball_skiing_running_hockey","9ZUBPdkc2UrJWtdiakol",2,"e1",1,1,"veridical","2"
"983","c2","10/6/21 14:08","three_pos_8_4_0_12.csv",0,10,"10/6/21 14:26","0","Finish","0",0,"football_basketball_skiing_running_hockey","9ZUBPdkc2UrJWtdiakol",2,"e1",2,1,"nonVeridical","1"
"984","c3","10/6/21 14:08","three_pos_8_4_0_12.csv",0,8,"10/6/21 14:26","0","Finish","0",0,"football_basketball_skiing_running_hockey","9ZUBPdkc2UrJWtdiakol",2,"e1",3,1,"nonVeridical","0"
"985","c1","10/6/21 14:08","three_pos_8_4_0_12.csv",0,8,"10/6/21 14:26","0","Finish","0",0,"football_basketball_skiing_running_hockey","9ZUBPdkc2UrJWtdiakol",2,"e2",1,2,"nonVeridical","2"
"986","c2","10/6/21 14:08","three_pos_8_4_0_12.csv",0,9,"10/6/21 14:26","0","Finish","0",0,"football_basketball_skiing_running_hockey","9ZUBPdkc2UrJWtdiakol",2,"e2",2,2,"veridical","1"
"987","c3","10/6/21 14:08","three_pos_8_4_0_12.csv",0,8,"10/6/21 14:26","0","Finish","0",0,"football_basketball_skiing_running_hockey","9ZUBPdkc2UrJWtdiakol",2,"e2",3,2,"nonVeridical","0"
"988","c1","10/6/21 14:08","three_pos_8_4_0_12.csv",0,10,"10/6/21 14:26","0","Finish","0",0,"football_basketball_skiing_running_hockey","9ZUBPdkc2UrJWtdiakol",2,"e3",1,3,"nonVeridical","2"
"989","c2","10/6/21 14:08","three_pos_8_4_0_12.csv",0,8,"10/6/21 14:26","0","Finish","0",0,"football_basketball_skiing_running_hockey","9ZUBPdkc2UrJWtdiakol",2,"e3",2,3,"nonVeridical","1"
"990","c3","10/6/21 14:08","three_pos_8_4_0_12.csv",0,10,"10/6/21 14:26","0","Finish","0",0,"football_basketball_skiing_running_hockey","9ZUBPdkc2UrJWtdiakol",2,"e3",3,3,"veridical","0"
"991","c2","10/6/21 14:08","three_pos_8_4_0_12.csv",0,1,"10/6/21 14:25","0","Finish","0",0,"","xanxrLgHuH4mRNwr5dkn",1,"e1",2,1,"nonVeridical","1"
"992","c1","10/6/21 14:08","three_pos_8_4_0_12.csv",0,2,"10/6/21 14:25","0","Finish","0",0,"","xanxrLgHuH4mRNwr5dkn",1,"e1",1,1,"veridical","2"
"993","c3","10/6/21 14:08","three_pos_8_4_0_12.csv",0,6,"10/6/21 14:25","0","Finish","0",0,"","xanxrLgHuH4mRNwr5dkn",1,"e1",3,1,"nonVeridical","0"
"994","c2","10/6/21 14:08","three_pos_8_4_0_12.csv",0,6,"10/6/21 14:25","0","Finish","0",0,"","xanxrLgHuH4mRNwr5dkn",1,"e2",2,2,"veridical","1"
"995","c1","10/6/21 14:08","three_pos_8_4_0_12.csv",0,4,"10/6/21 14:25","0","Finish","0",0,"","xanxrLgHuH4mRNwr5dkn",1,"e2",1,2,"nonVeridical","2"
"996","c3","10/6/21 14:08","three_pos_8_4_0_12.csv",0,4,"10/6/21 14:25","0","Finish","0",0,"","xanxrLgHuH4mRNwr5dkn",1,"e2",3,2,"nonVeridical","0"
"997","c2","10/6/21 14:08","three_pos_8_4_0_12.csv",0,5,"10/6/21 14:25","0","Finish","0",0,"","xanxrLgHuH4mRNwr5dkn",1,"e3",2,3,"nonVeridical","1"
"998","c1","10/6/21 14:08","three_pos_8_4_0_12.csv",0,2,"10/6/21 14:25","0","Finish","0",0,"","xanxrLgHuH4mRNwr5dkn",1,"e3",1,3,"nonVeridical","2"
"999","c3","10/6/21 14:08","three_pos_8_4_0_12.csv",0,2,"10/6/21 14:25","0","Finish","0",0,"","xanxrLgHuH4mRNwr5dkn",1,"e3",3,3,"veridical","0"
"1000","c1","10/6/21 14:08","three_pos_9_3_3_9.csv",0,4,"10/6/21 14:29","0","Finish","0",1,"","p3VrkoYqzuzxq4zmYRrv",3,"e1",1,1,"veridical","2"
"1001","c2","10/6/21 14:08","three_pos_9_3_3_9.csv",0,6,"10/6/21 14:29","0","Finish","0",1,"","p3VrkoYqzuzxq4zmYRrv",3,"e1",2,1,"nonVeridical","1"
"1002","c3","10/6/21 14:08","three_pos_9_3_3_9.csv",0,2,"10/6/21 14:29","0","Finish","0",1,"","p3VrkoYqzuzxq4zmYRrv",3,"e1",3,1,"nonVeridical","0"
"1003","c1","10/6/21 14:08","three_pos_9_3_3_9.csv",0,6,"10/6/21 14:29","0","Finish","0",1,"","p3VrkoYqzuzxq4zmYRrv",3,"e2",1,2,"nonVeridical","2"
"1004","c2","10/6/21 14:08","three_pos_9_3_3_9.csv",0,8,"10/6/21 14:29","0","Finish","0",1,"","p3VrkoYqzuzxq4zmYRrv",3,"e2",2,2,"veridical","1"
"1005","c3","10/6/21 14:08","three_pos_9_3_3_9.csv",0,7,"10/6/21 14:29","0","Finish","0",1,"","p3VrkoYqzuzxq4zmYRrv",3,"e2",3,2,"nonVeridical","0"
"1006","c1","10/6/21 14:08","three_pos_9_3_3_9.csv",0,1,"10/6/21 14:29","0","Finish","0",1,"","p3VrkoYqzuzxq4zmYRrv",3,"e3",1,3,"nonVeridical","2"
"1007","c2","10/6/21 14:08","three_pos_9_3_3_9.csv",0,2,"10/6/21 14:29","0","Finish","0",1,"","p3VrkoYqzuzxq4zmYRrv",3,"e3",2,3,"nonVeridical","1"
"1008","c3","10/6/21 14:08","three_pos_9_3_3_9.csv",0,8,"10/6/21 14:29","0","Finish","0",1,"","p3VrkoYqzuzxq4zmYRrv",3,"e3",3,3,"veridical","0"
"1009","c2","10/6/21 14:08","three_pos_9_3_3_9.csv",0,9,"10/6/21 14:24","0","Finish","0",0,"running","QFLIX0pf0epkWBUGvIiz",2,"e1",2,1,"nonVeridical","1"
"1010","c1","10/6/21 14:08","three_pos_9_3_3_9.csv",0,8,"10/6/21 14:24","0","Finish","0",0,"running","QFLIX0pf0epkWBUGvIiz",2,"e1",1,1,"veridical","2"
"1011","c3","10/6/21 14:08","three_pos_9_3_3_9.csv",0,9,"10/6/21 14:24","0","Finish","0",0,"running","QFLIX0pf0epkWBUGvIiz",2,"e1",3,1,"nonVeridical","0"
"1012","c2","10/6/21 14:08","three_pos_9_3_3_9.csv",0,9,"10/6/21 14:24","0","Finish","0",0,"running","QFLIX0pf0epkWBUGvIiz",2,"e2",2,2,"veridical","1"
"1013","c1","10/6/21 14:08","three_pos_9_3_3_9.csv",0,8,"10/6/21 14:24","0","Finish","0",0,"running","QFLIX0pf0epkWBUGvIiz",2,"e2",1,2,"nonVeridical","2"
"1014","c3","10/6/21 14:08","three_pos_9_3_3_9.csv",0,9,"10/6/21 14:24","0","Finish","0",0,"running","QFLIX0pf0epkWBUGvIiz",2,"e2",3,2,"nonVeridical","0"
"1015","c2","10/6/21 14:08","three_pos_9_3_3_9.csv",0,9,"10/6/21 14:24","0","Finish","0",0,"running","QFLIX0pf0epkWBUGvIiz",2,"e3",2,3,"nonVeridical","1"
"1016","c1","10/6/21 14:08","three_pos_9_3_3_9.csv",0,8,"10/6/21 14:24","0","Finish","0",0,"running","QFLIX0pf0epkWBUGvIiz",2,"e3",1,3,"nonVeridical","2"
"1017","c3","10/6/21 14:08","three_pos_9_3_3_9.csv",0,9,"10/6/21 14:24","0","Finish","0",0,"running","QFLIX0pf0epkWBUGvIiz",2,"e3",3,3,"veridical","0"
"1018","c3","10/6/21 14:08","three_pos_9_3_3_9.csv",0,7,"10/6/21 14:37","0","Finish","0",1,"","R9Mq2TiBSmRqzh8hehNK",1,"e1",3,1,"nonVeridical","0"
"1019","c1","10/6/21 14:08","three_pos_9_3_3_9.csv",0,4,"10/6/21 14:37","0","Finish","0",1,"","R9Mq2TiBSmRqzh8hehNK",1,"e1",1,1,"veridical","2"
"1020","c2","10/6/21 14:08","three_pos_9_3_3_9.csv",0,2,"10/6/21 14:37","0","Finish","0",1,"","R9Mq2TiBSmRqzh8hehNK",1,"e1",2,1,"nonVeridical","1"
"1021","c3","10/6/21 14:08","three_pos_9_3_3_9.csv",0,5,"10/6/21 14:37","0","Finish","0",1,"","R9Mq2TiBSmRqzh8hehNK",1,"e2",3,2,"nonVeridical","0"
"1022","c1","10/6/21 14:08","three_pos_9_3_3_9.csv",0,3,"10/6/21 14:37","0","Finish","0",1,"","R9Mq2TiBSmRqzh8hehNK",1,"e2",1,2,"nonVeridical","2"
"1023","c2","10/6/21 14:08","three_pos_9_3_3_9.csv",0,5,"10/6/21 14:37","0","Finish","0",1,"","R9Mq2TiBSmRqzh8hehNK",1,"e2",2,2,"veridical","1"
"1024","c3","10/6/21 14:08","three_pos_9_3_3_9.csv",0,3,"10/6/21 14:37","0","Finish","0",1,"","R9Mq2TiBSmRqzh8hehNK",1,"e3",3,3,"veridical","0"
"1025","c1","10/6/21 14:08","three_pos_9_3_3_9.csv",0,2,"10/6/21 14:37","0","Finish","0",1,"","R9Mq2TiBSmRqzh8hehNK",1,"e3",1,3,"nonVeridical","2"
"1026","c2","10/6/21 14:08","three_pos_9_3_3_9.csv",0,6,"10/6/21 14:37","0","Finish","0",1,"","R9Mq2TiBSmRqzh8hehNK",1,"e3",2,3,"nonVeridical","1"
"1027","c3","10/6/21 14:08","three_pos_8_4_0_12.csv",0,7,"10/6/21 14:18","0","Finish","0",1,"","16EVTBh0qUOQ5yWPJ593",3,"e1",3,1,"nonVeridical","0"
"1028","c1","10/6/21 14:08","three_pos_8_4_0_12.csv",0,7,"10/6/21 14:18","0","Finish","0",1,"","16EVTBh0qUOQ5yWPJ593",3,"e1",1,1,"veridical","2"
"1029","c2","10/6/21 14:08","three_pos_8_4_0_12.csv",0,5,"10/6/21 14:18","0","Finish","0",1,"","16EVTBh0qUOQ5yWPJ593",3,"e1",2,1,"nonVeridical","1"
"1030","c3","10/6/21 14:08","three_pos_8_4_0_12.csv",0,2,"10/6/21 14:18","0","Finish","0",1,"","16EVTBh0qUOQ5yWPJ593",3,"e2",3,2,"nonVeridical","0"
"1031","c1","10/6/21 14:08","three_pos_8_4_0_12.csv",0,10,"10/6/21 14:18","0","Finish","0",1,"","16EVTBh0qUOQ5yWPJ593",3,"e2",1,2,"nonVeridical","2"
"1032","c2","10/6/21 14:08","three_pos_8_4_0_12.csv",0,5,"10/6/21 14:18","0","Finish","0",1,"","16EVTBh0qUOQ5yWPJ593",3,"e2",2,2,"veridical","1"
"1033","c3","10/6/21 14:08","three_pos_8_4_0_12.csv",0,2,"10/6/21 14:18","0","Finish","0",1,"","16EVTBh0qUOQ5yWPJ593",3,"e3",3,3,"veridical","0"
"1034","c1","10/6/21 14:08","three_pos_8_4_0_12.csv",0,10,"10/6/21 14:18","0","Finish","0",1,"","16EVTBh0qUOQ5yWPJ593",3,"e3",1,3,"nonVeridical","2"
"1035","c2","10/6/21 14:08","three_pos_8_4_0_12.csv",0,5,"10/6/21 14:18","0","Finish","0",1,"","16EVTBh0qUOQ5yWPJ593",3,"e3",2,3,"nonVeridical","1"
"1036","c1","10/6/21 14:08","three_pos_10_2_0_12.csv",0,6,"10/6/21 14:23","0","Finish","0",0,"","ONJpS2ih1od8ga39iarI",2,"e1",1,1,"veridical","2"
"1037","c3","10/6/21 14:08","three_pos_10_2_0_12.csv",0,3,"10/6/21 14:23","0","Finish","0",0,"","ONJpS2ih1od8ga39iarI",2,"e1",3,1,"nonVeridical","0"
"1038","c2","10/6/21 14:08","three_pos_10_2_0_12.csv",0,7,"10/6/21 14:23","0","Finish","0",0,"","ONJpS2ih1od8ga39iarI",2,"e1",2,1,"nonVeridical","1"
"1039","c1","10/6/21 14:08","three_pos_10_2_0_12.csv",0,6,"10/6/21 14:23","0","Finish","0",0,"","ONJpS2ih1od8ga39iarI",2,"e2",1,2,"nonVeridical","2"
"1040","c3","10/6/21 14:08","three_pos_10_2_0_12.csv",0,7,"10/6/21 14:23","0","Finish","0",0,"","ONJpS2ih1od8ga39iarI",2,"e2",3,2,"nonVeridical","0"
"1041","c2","10/6/21 14:08","three_pos_10_2_0_12.csv",0,6,"10/6/21 14:23","0","Finish","0",0,"","ONJpS2ih1od8ga39iarI",2,"e2",2,2,"veridical","1"
"1042","c1","10/6/21 14:08","three_pos_10_2_0_12.csv",0,4,"10/6/21 14:23","0","Finish","0",0,"","ONJpS2ih1od8ga39iarI",2,"e3",1,3,"nonVeridical","2"
"1043","c3","10/6/21 14:08","three_pos_10_2_0_12.csv",0,8,"10/6/21 14:23","0","Finish","0",0,"","ONJpS2ih1od8ga39iarI",2,"e3",3,3,"veridical","0"
"1044","c2","10/6/21 14:08","three_pos_10_2_0_12.csv",0,8,"10/6/21 14:23","0","Finish","0",0,"","ONJpS2ih1od8ga39iarI",2,"e3",2,3,"nonVeridical","1"
"1045","c2","10/6/21 14:09","three_pos_10_2_0_12.csv",0,7,"10/6/21 14:35","0","Finish","0",0,"","N3cULIorizQdv1xKYfrf",1,"e1",2,1,"nonVeridical","1"
"1046","c1","10/6/21 14:09","three_pos_10_2_0_12.csv",0,7,"10/6/21 14:35","0","Finish","0",0,"","N3cULIorizQdv1xKYfrf",1,"e1",1,1,"veridical","2"
"1047","c3","10/6/21 14:09","three_pos_10_2_0_12.csv",0,6,"10/6/21 14:35","0","Finish","0",0,"","N3cULIorizQdv1xKYfrf",1,"e1",3,1,"nonVeridical","0"
"1048","c2","10/6/21 14:09","three_pos_10_2_0_12.csv",0,8,"10/6/21 14:35","0","Finish","0",0,"","N3cULIorizQdv1xKYfrf",1,"e2",2,2,"veridical","1"
"1049","c1","10/6/21 14:09","three_pos_10_2_0_12.csv",0,6,"10/6/21 14:35","0","Finish","0",0,"","N3cULIorizQdv1xKYfrf",1,"e2",1,2,"nonVeridical","2"
"1050","c3","10/6/21 14:09","three_pos_10_2_0_12.csv",0,4,"10/6/21 14:35","0","Finish","0",0,"","N3cULIorizQdv1xKYfrf",1,"e2",3,2,"nonVeridical","0"
"1051","c2","10/6/21 14:09","three_pos_10_2_0_12.csv",0,9,"10/6/21 14:35","0","Finish","0",0,"","N3cULIorizQdv1xKYfrf",1,"e3",2,3,"nonVeridical","1"
"1052","c1","10/6/21 14:09","three_pos_10_2_0_12.csv",0,9,"10/6/21 14:35","0","Finish","0",0,"","N3cULIorizQdv1xKYfrf",1,"e3",1,3,"nonVeridical","2"
"1053","c3","10/6/21 14:09","three_pos_10_2_0_12.csv",0,8,"10/6/21 14:35","0","Finish","0",0,"","N3cULIorizQdv1xKYfrf",1,"e3",3,3,"veridical","0"
"1054","c3","10/6/21 14:09","three_pos_9_3_3_9.csv",0,4,"10/6/21 14:26","0","Finish","0",0,"skiing_football_snowboarding_soccer","nSD4klXqH4QdKM4470HP",2,"e1",3,1,"nonVeridical","0"
"1055","c1","10/6/21 14:09","three_pos_9_3_3_9.csv",0,7,"10/6/21 14:26","0","Finish","0",0,"skiing_football_snowboarding_soccer","nSD4klXqH4QdKM4470HP",2,"e1",1,1,"veridical","2"
"1056","c2","10/6/21 14:09","three_pos_9_3_3_9.csv",0,8,"10/6/21 14:26","0","Finish","0",0,"skiing_football_snowboarding_soccer","nSD4klXqH4QdKM4470HP",2,"e1",2,1,"nonVeridical","1"
"1057","c3","10/6/21 14:09","three_pos_9_3_3_9.csv",0,2,"10/6/21 14:26","0","Finish","0",0,"skiing_football_snowboarding_soccer","nSD4klXqH4QdKM4470HP",2,"e2",3,2,"nonVeridical","0"
"1058","c1","10/6/21 14:09","three_pos_9_3_3_9.csv",0,4,"10/6/21 14:26","0","Finish","0",0,"skiing_football_snowboarding_soccer","nSD4klXqH4QdKM4470HP",2,"e2",1,2,"nonVeridical","2"
"1059","c2","10/6/21 14:09","three_pos_9_3_3_9.csv",0,5,"10/6/21 14:26","0","Finish","0",0,"skiing_football_snowboarding_soccer","nSD4klXqH4QdKM4470HP",2,"e2",2,2,"veridical","1"
"1060","c3","10/6/21 14:09","three_pos_9_3_3_9.csv",0,7,"10/6/21 14:26","0","Finish","0",0,"skiing_football_snowboarding_soccer","nSD4klXqH4QdKM4470HP",2,"e3",3,3,"veridical","0"
"1061","c1","10/6/21 14:09","three_pos_9_3_3_9.csv",0,6,"10/6/21 14:26","0","Finish","0",0,"skiing_football_snowboarding_soccer","nSD4klXqH4QdKM4470HP",2,"e3",1,3,"nonVeridical","2"
"1062","c2","10/6/21 14:09","three_pos_9_3_3_9.csv",0,7,"10/6/21 14:26","0","Finish","0",0,"skiing_football_snowboarding_soccer","nSD4klXqH4QdKM4470HP",2,"e3",2,3,"nonVeridical","1"
"1063","c1","10/6/21 14:09","three_pos_8_4_0_12.csv",0,5,"10/6/21 14:20","0","Finish","0",1,"","oYAoCY21D63gTxo29MYw",1,"e1",1,1,"veridical","2"
"1064","c2","10/6/21 14:09","three_pos_8_4_0_12.csv",0,0,"10/6/21 14:20","0","Finish","0",1,"","oYAoCY21D63gTxo29MYw",1,"e1",2,1,"nonVeridical","1"
"1065","c3","10/6/21 14:09","three_pos_8_4_0_12.csv",0,8,"10/6/21 14:20","0","Finish","0",1,"","oYAoCY21D63gTxo29MYw",1,"e1",3,1,"nonVeridical","0"
"1066","c1","10/6/21 14:09","three_pos_8_4_0_12.csv",0,0,"10/6/21 14:20","0","Finish","0",1,"","oYAoCY21D63gTxo29MYw",1,"e2",1,2,"nonVeridical","2"
"1067","c2","10/6/21 14:09","three_pos_8_4_0_12.csv",0,9,"10/6/21 14:20","0","Finish","0",1,"","oYAoCY21D63gTxo29MYw",1,"e2",2,2,"veridical","1"
"1068","c3","10/6/21 14:09","three_pos_8_4_0_12.csv",0,0,"10/6/21 14:20","0","Finish","0",1,"","oYAoCY21D63gTxo29MYw",1,"e2",3,2,"nonVeridical","0"
"1069","c1","10/6/21 14:09","three_pos_8_4_0_12.csv",0,0,"10/6/21 14:20","0","Finish","0",1,"","oYAoCY21D63gTxo29MYw",1,"e3",1,3,"nonVeridical","2"
"1070","c2","10/6/21 14:09","three_pos_8_4_0_12.csv",0,0,"10/6/21 14:20","0","Finish","0",1,"","oYAoCY21D63gTxo29MYw",1,"e3",2,3,"nonVeridical","1"
"1071","c3","10/6/21 14:09","three_pos_8_4_0_12.csv",0,10,"10/6/21 14:20","0","Finish","0",1,"","oYAoCY21D63gTxo29MYw",1,"e3",3,3,"veridical","0"
"1072","c2","10/6/21 14:09","three_pos_8_4_0_12.csv",0,7,"10/6/21 14:22","0","Finish","0",0,"","kPYQdneBwd2JnYJbJYUT",3,"e1",2,1,"nonVeridical","1"
"1073","c3","10/6/21 14:09","three_pos_8_4_0_12.csv",0,8,"10/6/21 14:22","0","Finish","0",0,"","kPYQdneBwd2JnYJbJYUT",3,"e1",3,1,"nonVeridical","0"
"1074","c1","10/6/21 14:09","three_pos_8_4_0_12.csv",0,7,"10/6/21 14:22","0","Finish","0",0,"","kPYQdneBwd2JnYJbJYUT",3,"e1",1,1,"veridical","2"
"1075","c2","10/6/21 14:09","three_pos_8_4_0_12.csv",0,8,"10/6/21 14:22","0","Finish","0",0,"","kPYQdneBwd2JnYJbJYUT",3,"e2",2,2,"veridical","1"
"1076","c3","10/6/21 14:09","three_pos_8_4_0_12.csv",0,7,"10/6/21 14:22","0","Finish","0",0,"","kPYQdneBwd2JnYJbJYUT",3,"e2",3,2,"nonVeridical","0"
"1077","c1","10/6/21 14:09","three_pos_8_4_0_12.csv",0,5,"10/6/21 14:22","0","Finish","0",0,"","kPYQdneBwd2JnYJbJYUT",3,"e2",1,2,"nonVeridical","2"
"1078","c2","10/6/21 14:09","three_pos_8_4_0_12.csv",0,6,"10/6/21 14:22","0","Finish","0",0,"","kPYQdneBwd2JnYJbJYUT",3,"e3",2,3,"nonVeridical","1"
"1079","c3","10/6/21 14:09","three_pos_8_4_0_12.csv",0,6,"10/6/21 14:22","0","Finish","0",0,"","kPYQdneBwd2JnYJbJYUT",3,"e3",3,3,"veridical","0"
"1080","c1","10/6/21 14:09","three_pos_8_4_0_12.csv",0,6,"10/6/21 14:22","0","Finish","0",0,"","kPYQdneBwd2JnYJbJYUT",3,"e3",1,3,"nonVeridical","2"
"1081","c3","10/6/21 14:09","three_pos_10_2_0_12.csv",0,8,"10/6/21 14:29","0","Finish","0",1,"","J5oCk8WiZetQoFTVSGSW",3,"e1",3,1,"nonVeridical","0"
"1082","c2","10/6/21 14:09","three_pos_10_2_0_12.csv",0,5,"10/6/21 14:29","0","Finish","0",1,"","J5oCk8WiZetQoFTVSGSW",3,"e1",2,1,"nonVeridical","1"
"1083","c1","10/6/21 14:09","three_pos_10_2_0_12.csv",0,8,"10/6/21 14:29","0","Finish","0",1,"","J5oCk8WiZetQoFTVSGSW",3,"e1",1,1,"veridical","2"
"1084","c3","10/6/21 14:09","three_pos_10_2_0_12.csv",0,7,"10/6/21 14:29","0","Finish","0",1,"","J5oCk8WiZetQoFTVSGSW",3,"e2",3,2,"nonVeridical","0"
"1085","c2","10/6/21 14:09","three_pos_10_2_0_12.csv",0,6,"10/6/21 14:29","0","Finish","0",1,"","J5oCk8WiZetQoFTVSGSW",3,"e2",2,2,"veridical","1"
"1086","c1","10/6/21 14:09","three_pos_10_2_0_12.csv",0,6,"10/6/21 14:29","0","Finish","0",1,"","J5oCk8WiZetQoFTVSGSW",3,"e2",1,2,"nonVeridical","2"
"1087","c3","10/6/21 14:09","three_pos_10_2_0_12.csv",0,8,"10/6/21 14:29","0","Finish","0",1,"","J5oCk8WiZetQoFTVSGSW",3,"e3",3,3,"veridical","0"
"1088","c2","10/6/21 14:09","three_pos_10_2_0_12.csv",0,8,"10/6/21 14:29","0","Finish","0",1,"","J5oCk8WiZetQoFTVSGSW",3,"e3",2,3,"nonVeridical","1"
"1089","c1","10/6/21 14:09","three_pos_10_2_0_12.csv",0,8,"10/6/21 14:29","0","Finish","0",1,"","J5oCk8WiZetQoFTVSGSW",3,"e3",1,3,"nonVeridical","2"
"1090","c1","10/6/21 14:09","three_pos_9_3_3_9.csv",0,7,"10/6/21 14:23","0","Finish","0",0,"cycling","Tfcknk6lhGRF7XfrVVLF",3,"e1",1,1,"veridical","2"
"1091","c2","10/6/21 14:09","three_pos_9_3_3_9.csv",0,5,"10/6/21 14:23","0","Finish","0",0,"cycling","Tfcknk6lhGRF7XfrVVLF",3,"e1",2,1,"nonVeridical","1"
"1092","c3","10/6/21 14:09","three_pos_9_3_3_9.csv",0,4,"10/6/21 14:23","0","Finish","0",0,"cycling","Tfcknk6lhGRF7XfrVVLF",3,"e1",3,1,"nonVeridical","0"
"1093","c1","10/6/21 14:09","three_pos_9_3_3_9.csv",0,7,"10/6/21 14:23","0","Finish","0",0,"cycling","Tfcknk6lhGRF7XfrVVLF",3,"e2",1,2,"nonVeridical","2"
"1094","c2","10/6/21 14:09","three_pos_9_3_3_9.csv",0,6,"10/6/21 14:23","0","Finish","0",0,"cycling","Tfcknk6lhGRF7XfrVVLF",3,"e2",2,2,"veridical","1"
"1095","c3","10/6/21 14:09","three_pos_9_3_3_9.csv",0,6,"10/6/21 14:23","0","Finish","0",0,"cycling","Tfcknk6lhGRF7XfrVVLF",3,"e2",3,2,"nonVeridical","0"
"1096","c1","10/6/21 14:09","three_pos_9_3_3_9.csv",0,6,"10/6/21 14:23","0","Finish","0",0,"cycling","Tfcknk6lhGRF7XfrVVLF",3,"e3",1,3,"nonVeridical","2"
"1097","c2","10/6/21 14:09","three_pos_9_3_3_9.csv",0,8,"10/6/21 14:23","0","Finish","0",0,"cycling","Tfcknk6lhGRF7XfrVVLF",3,"e3",2,3,"nonVeridical","1"
"1098","c3","10/6/21 14:09","three_pos_9_3_3_9.csv",0,6,"10/6/21 14:23","0","Finish","0",0,"cycling","Tfcknk6lhGRF7XfrVVLF",3,"e3",3,3,"veridical","0"
"1099","c1","10/6/21 14:09","three_pos_10_2_0_12.csv",0,6,"10/6/21 14:44","0","Finish","0",0,"running_soccer_football","lDH8ZnkZ7GWXbRuPvWTj",2,"e1",1,1,"veridical","2"
"1100","c2","10/6/21 14:09","three_pos_10_2_0_12.csv",0,8,"10/6/21 14:44","0","Finish","0",0,"running_soccer_football","lDH8ZnkZ7GWXbRuPvWTj",2,"e1",2,1,"nonVeridical","1"
"1101","c3","10/6/21 14:09","three_pos_10_2_0_12.csv",0,8,"10/6/21 14:44","0","Finish","0",0,"running_soccer_football","lDH8ZnkZ7GWXbRuPvWTj",2,"e1",3,1,"nonVeridical","0"
"1102","c1","10/6/21 14:09","three_pos_10_2_0_12.csv",0,9,"10/6/21 14:44","0","Finish","0",0,"running_soccer_football","lDH8ZnkZ7GWXbRuPvWTj",2,"e2",1,2,"nonVeridical","2"
"1103","c2","10/6/21 14:09","three_pos_10_2_0_12.csv",0,7,"10/6/21 14:44","0","Finish","0",0,"running_soccer_football","lDH8ZnkZ7GWXbRuPvWTj",2,"e2",2,2,"veridical","1"
"1104","c3","10/6/21 14:09","three_pos_10_2_0_12.csv",0,8,"10/6/21 14:44","0","Finish","0",0,"running_soccer_football","lDH8ZnkZ7GWXbRuPvWTj",2,"e2",3,2,"nonVeridical","0"
"1105","c1","10/6/21 14:09","three_pos_10_2_0_12.csv",0,8,"10/6/21 14:44","0","Finish","0",0,"running_soccer_football","lDH8ZnkZ7GWXbRuPvWTj",2,"e3",1,3,"nonVeridical","2"
"1106","c2","10/6/21 14:09","three_pos_10_2_0_12.csv",0,9,"10/6/21 14:44","0","Finish","0",0,"running_soccer_football","lDH8ZnkZ7GWXbRuPvWTj",2,"e3",2,3,"nonVeridical","1"
"1107","c3","10/6/21 14:09","three_pos_10_2_0_12.csv",0,9,"10/6/21 14:44","0","Finish","0",0,"running_soccer_football","lDH8ZnkZ7GWXbRuPvWTj",2,"e3",3,3,"veridical","0"
"1108","c2","10/6/21 14:09","three_pos_9_3_3_9.csv",0,5,"10/6/21 14:26","0","Finish","0",1,"","bkrPE2Ap1daZ4b7WSt4H",1,"e1",2,1,"nonVeridical","1"
"1109","c3","10/6/21 14:09","three_pos_9_3_3_9.csv",0,6,"10/6/21 14:26","0","Finish","0",1,"","bkrPE2Ap1daZ4b7WSt4H",1,"e1",3,1,"nonVeridical","0"
"1110","c1","10/6/21 14:09","three_pos_9_3_3_9.csv",0,10,"10/6/21 14:26","0","Finish","0",1,"","bkrPE2Ap1daZ4b7WSt4H",1,"e1",1,1,"veridical","2"
"1111","c2","10/6/21 14:09","three_pos_9_3_3_9.csv",0,10,"10/6/21 14:26","0","Finish","0",1,"","bkrPE2Ap1daZ4b7WSt4H",1,"e2",2,2,"veridical","1"
"1112","c3","10/6/21 14:09","three_pos_9_3_3_9.csv",0,5,"10/6/21 14:26","0","Finish","0",1,"","bkrPE2Ap1daZ4b7WSt4H",1,"e2",3,2,"nonVeridical","0"
"1113","c1","10/6/21 14:09","three_pos_9_3_3_9.csv",0,3,"10/6/21 14:26","0","Finish","0",1,"","bkrPE2Ap1daZ4b7WSt4H",1,"e2",1,2,"nonVeridical","2"
"1114","c2","10/6/21 14:09","three_pos_9_3_3_9.csv",0,5,"10/6/21 14:26","0","Finish","0",1,"","bkrPE2Ap1daZ4b7WSt4H",1,"e3",2,3,"nonVeridical","1"
"1115","c3","10/6/21 14:09","three_pos_9_3_3_9.csv",0,10,"10/6/21 14:26","0","Finish","0",1,"","bkrPE2Ap1daZ4b7WSt4H",1,"e3",3,3,"veridical","0"
"1116","c1","10/6/21 14:09","three_pos_9_3_3_9.csv",0,4,"10/6/21 14:26","0","Finish","0",1,"","bkrPE2Ap1daZ4b7WSt4H",1,"e3",1,3,"nonVeridical","2"
"1117","c1","10/6/21 14:09","three_pos_9_3_3_9.csv",0,10,"10/6/21 14:31","0","Finish","0",1,"","fpSL79yHWxezYga2pZVA",1,"e1",1,1,"veridical","2"
"1118","c2","10/6/21 14:09","three_pos_9_3_3_9.csv",0,0,"10/6/21 14:31","0","Finish","0",1,"","fpSL79yHWxezYga2pZVA",1,"e1",2,1,"nonVeridical","1"
"1119","c3","10/6/21 14:09","three_pos_9_3_3_9.csv",0,0,"10/6/21 14:31","0","Finish","0",1,"","fpSL79yHWxezYga2pZVA",1,"e1",3,1,"nonVeridical","0"
"1120","c1","10/6/21 14:09","three_pos_9_3_3_9.csv",0,0,"10/6/21 14:31","0","Finish","0",1,"","fpSL79yHWxezYga2pZVA",1,"e2",1,2,"nonVeridical","2"
"1121","c2","10/6/21 14:09","three_pos_9_3_3_9.csv",0,10,"10/6/21 14:31","0","Finish","0",1,"","fpSL79yHWxezYga2pZVA",1,"e2",2,2,"veridical","1"
"1122","c3","10/6/21 14:09","three_pos_9_3_3_9.csv",0,0,"10/6/21 14:31","0","Finish","0",1,"","fpSL79yHWxezYga2pZVA",1,"e2",3,2,"nonVeridical","0"
"1123","c1","10/6/21 14:09","three_pos_9_3_3_9.csv",0,0,"10/6/21 14:31","0","Finish","0",1,"","fpSL79yHWxezYga2pZVA",1,"e3",1,3,"nonVeridical","2"
"1124","c2","10/6/21 14:09","three_pos_9_3_3_9.csv",0,0,"10/6/21 14:31","0","Finish","0",1,"","fpSL79yHWxezYga2pZVA",1,"e3",2,3,"nonVeridical","1"
"1125","c3","10/6/21 14:09","three_pos_9_3_3_9.csv",0,9,"10/6/21 14:31","0","Finish","0",1,"","fpSL79yHWxezYga2pZVA",1,"e3",3,3,"veridical","0"
"1126","c3","10/6/21 14:09","three_pos_8_4_0_12.csv",0,9,"10/6/21 14:43","0","Finish","0",1,"","VNkE38LOZXxLoYdGDXMX",2,"e1",3,1,"nonVeridical","0"
"1127","c1","10/6/21 14:09","three_pos_8_4_0_12.csv",0,10,"10/6/21 14:43","0","Finish","0",1,"","VNkE38LOZXxLoYdGDXMX",2,"e1",1,1,"veridical","2"
"1128","c2","10/6/21 14:09","three_pos_8_4_0_12.csv",0,8,"10/6/21 14:43","0","Finish","0",1,"","VNkE38LOZXxLoYdGDXMX",2,"e1",2,1,"nonVeridical","1"
"1129","c3","10/6/21 14:09","three_pos_8_4_0_12.csv",0,8,"10/6/21 14:43","0","Finish","0",1,"","VNkE38LOZXxLoYdGDXMX",2,"e2",3,2,"nonVeridical","0"
"1130","c1","10/6/21 14:09","three_pos_8_4_0_12.csv",0,10,"10/6/21 14:43","0","Finish","0",1,"","VNkE38LOZXxLoYdGDXMX",2,"e2",1,2,"nonVeridical","2"
"1131","c2","10/6/21 14:09","three_pos_8_4_0_12.csv",0,9,"10/6/21 14:43","0","Finish","0",1,"","VNkE38LOZXxLoYdGDXMX",2,"e2",2,2,"veridical","1"
"1132","c3","10/6/21 14:09","three_pos_8_4_0_12.csv",0,10,"10/6/21 14:43","0","Finish","0",1,"","VNkE38LOZXxLoYdGDXMX",2,"e3",3,3,"veridical","0"
"1133","c1","10/6/21 14:09","three_pos_8_4_0_12.csv",0,9,"10/6/21 14:43","0","Finish","0",1,"","VNkE38LOZXxLoYdGDXMX",2,"e3",1,3,"nonVeridical","2"
"1134","c2","10/6/21 14:09","three_pos_8_4_0_12.csv",0,10,"10/6/21 14:43","0","Finish","0",1,"","VNkE38LOZXxLoYdGDXMX",2,"e3",2,3,"nonVeridical","1"
"1135","c2","10/6/21 14:10","three_pos_9_3_3_9.csv",0,7,"10/6/21 14:22","0","Finish","0",1,"","KEl9XxzLcXsd4kSpZej6",2,"e1",2,1,"nonVeridical","1"
"1136","c1","10/6/21 14:10","three_pos_9_3_3_9.csv",0,7,"10/6/21 14:22","0","Finish","0",1,"","KEl9XxzLcXsd4kSpZej6",2,"e1",1,1,"veridical","2"
"1137","c3","10/6/21 14:10","three_pos_9_3_3_9.csv",0,8,"10/6/21 14:22","0","Finish","0",1,"","KEl9XxzLcXsd4kSpZej6",2,"e1",3,1,"nonVeridical","0"
"1138","c2","10/6/21 14:10","three_pos_9_3_3_9.csv",0,5,"10/6/21 14:22","0","Finish","0",1,"","KEl9XxzLcXsd4kSpZej6",2,"e2",2,2,"veridical","1"
"1139","c1","10/6/21 14:10","three_pos_9_3_3_9.csv",0,4,"10/6/21 14:22","0","Finish","0",1,"","KEl9XxzLcXsd4kSpZej6",2,"e2",1,2,"nonVeridical","2"
"1140","c3","10/6/21 14:10","three_pos_9_3_3_9.csv",0,5,"10/6/21 14:22","0","Finish","0",1,"","KEl9XxzLcXsd4kSpZej6",2,"e2",3,2,"nonVeridical","0"
"1141","c2","10/6/21 14:10","three_pos_9_3_3_9.csv",0,6,"10/6/21 14:22","0","Finish","0",1,"","KEl9XxzLcXsd4kSpZej6",2,"e3",2,3,"nonVeridical","1"
"1142","c1","10/6/21 14:10","three_pos_9_3_3_9.csv",0,5,"10/6/21 14:22","0","Finish","0",1,"","KEl9XxzLcXsd4kSpZej6",2,"e3",1,3,"nonVeridical","2"
"1143","c3","10/6/21 14:10","three_pos_9_3_3_9.csv",0,4,"10/6/21 14:22","0","Finish","0",1,"","KEl9XxzLcXsd4kSpZej6",2,"e3",3,3,"veridical","0"
"1144","c3","10/6/21 14:10","three_pos_9_3_3_9.csv",0,6,"10/6/21 14:31","0","Finish","0",1,"","OfFd1IO4hZuC1P3Eqh4J",3,"e1",3,1,"nonVeridical","0"
"1145","c2","10/6/21 14:10","three_pos_9_3_3_9.csv",0,5,"10/6/21 14:31","0","Finish","0",1,"","OfFd1IO4hZuC1P3Eqh4J",3,"e1",2,1,"nonVeridical","1"
"1146","c1","10/6/21 14:10","three_pos_9_3_3_9.csv",0,4,"10/6/21 14:31","0","Finish","0",1,"","OfFd1IO4hZuC1P3Eqh4J",3,"e1",1,1,"veridical","2"
"1147","c3","10/6/21 14:10","three_pos_9_3_3_9.csv",0,4,"10/6/21 14:31","0","Finish","0",1,"","OfFd1IO4hZuC1P3Eqh4J",3,"e2",3,2,"nonVeridical","0"
"1148","c2","10/6/21 14:10","three_pos_9_3_3_9.csv",0,3,"10/6/21 14:31","0","Finish","0",1,"","OfFd1IO4hZuC1P3Eqh4J",3,"e2",2,2,"veridical","1"
"1149","c1","10/6/21 14:10","three_pos_9_3_3_9.csv",0,3,"10/6/21 14:31","0","Finish","0",1,"","OfFd1IO4hZuC1P3Eqh4J",3,"e2",1,2,"nonVeridical","2"
"1150","c3","10/6/21 14:10","three_pos_9_3_3_9.csv",0,6,"10/6/21 14:31","0","Finish","0",1,"","OfFd1IO4hZuC1P3Eqh4J",3,"e3",3,3,"veridical","0"
"1151","c2","10/6/21 14:10","three_pos_9_3_3_9.csv",0,6,"10/6/21 14:31","0","Finish","0",1,"","OfFd1IO4hZuC1P3Eqh4J",3,"e3",2,3,"nonVeridical","1"
"1152","c1","10/6/21 14:10","three_pos_9_3_3_9.csv",0,7,"10/6/21 14:31","0","Finish","0",1,"","OfFd1IO4hZuC1P3Eqh4J",3,"e3",1,3,"nonVeridical","2"
"1153","c2","10/6/21 14:10","three_pos_8_4_0_12.csv",0,6,"10/6/21 14:52","0","Finish","1",0,"","eLSRmGBNg4TroSvsT4lm",1,"e1",2,1,"nonVeridical","1"
"1154","c3","10/6/21 14:10","three_pos_8_4_0_12.csv",0,3,"10/6/21 14:52","0","Finish","1",0,"","eLSRmGBNg4TroSvsT4lm",1,"e1",3,1,"nonVeridical","0"
"1155","c1","10/6/21 14:10","three_pos_8_4_0_12.csv",0,2,"10/6/21 14:52","0","Finish","1",0,"","eLSRmGBNg4TroSvsT4lm",1,"e1",1,1,"veridical","2"
"1156","c2","10/6/21 14:10","three_pos_8_4_0_12.csv",0,8,"10/6/21 14:52","0","Finish","1",0,"","eLSRmGBNg4TroSvsT4lm",1,"e2",2,2,"veridical","1"
"1157","c3","10/6/21 14:10","three_pos_8_4_0_12.csv",0,8,"10/6/21 14:52","0","Finish","1",0,"","eLSRmGBNg4TroSvsT4lm",1,"e2",3,2,"nonVeridical","0"
"1158","c1","10/6/21 14:10","three_pos_8_4_0_12.csv",0,5,"10/6/21 14:52","0","Finish","1",0,"","eLSRmGBNg4TroSvsT4lm",1,"e2",1,2,"nonVeridical","2"
"1159","c2","10/6/21 14:10","three_pos_8_4_0_12.csv",0,3,"10/6/21 14:52","0","Finish","1",0,"","eLSRmGBNg4TroSvsT4lm",1,"e3",2,3,"nonVeridical","1"
"1160","c3","10/6/21 14:10","three_pos_8_4_0_12.csv",0,5,"10/6/21 14:52","0","Finish","1",0,"","eLSRmGBNg4TroSvsT4lm",1,"e3",3,3,"veridical","0"
"1161","c1","10/6/21 14:10","three_pos_8_4_0_12.csv",0,3,"10/6/21 14:52","0","Finish","1",0,"","eLSRmGBNg4TroSvsT4lm",1,"e3",1,3,"nonVeridical","2"
"1162","c1","10/6/21 14:10","three_pos_10_2_0_12.csv",0,10,"10/6/21 14:33","0","Finish","0",0,"cycling_tennis_running","1kdMhqKERPQeoY5PDusb",3,"e1",1,1,"veridical","2"
"1163","c2","10/6/21 14:10","three_pos_10_2_0_12.csv",0,9,"10/6/21 14:33","0","Finish","0",0,"cycling_tennis_running","1kdMhqKERPQeoY5PDusb",3,"e1",2,1,"nonVeridical","1"
"1164","c3","10/6/21 14:10","three_pos_10_2_0_12.csv",0,5,"10/6/21 14:33","0","Finish","0",0,"cycling_tennis_running","1kdMhqKERPQeoY5PDusb",3,"e1",3,1,"nonVeridical","0"
"1165","c1","10/6/21 14:10","three_pos_10_2_0_12.csv",0,5,"10/6/21 14:33","0","Finish","0",0,"cycling_tennis_running","1kdMhqKERPQeoY5PDusb",3,"e2",1,2,"nonVeridical","2"
"1166","c2","10/6/21 14:10","three_pos_10_2_0_12.csv",0,8,"10/6/21 14:33","0","Finish","0",0,"cycling_tennis_running","1kdMhqKERPQeoY5PDusb",3,"e2",2,2,"veridical","1"
"1167","c3","10/6/21 14:10","three_pos_10_2_0_12.csv",0,5,"10/6/21 14:33","0","Finish","0",0,"cycling_tennis_running","1kdMhqKERPQeoY5PDusb",3,"e2",3,2,"nonVeridical","0"
"1168","c1","10/6/21 14:10","three_pos_10_2_0_12.csv",0,3,"10/6/21 14:33","0","Finish","0",0,"cycling_tennis_running","1kdMhqKERPQeoY5PDusb",3,"e3",1,3,"nonVeridical","2"
"1169","c2","10/6/21 14:10","three_pos_10_2_0_12.csv",0,8,"10/6/21 14:33","0","Finish","0",0,"cycling_tennis_running","1kdMhqKERPQeoY5PDusb",3,"e3",2,3,"nonVeridical","1"
"1170","c3","10/6/21 14:10","three_pos_10_2_0_12.csv",0,10,"10/6/21 14:33","0","Finish","0",0,"cycling_tennis_running","1kdMhqKERPQeoY5PDusb",3,"e3",3,3,"veridical","0"
"1171","c3","10/6/21 14:10","three_pos_10_2_0_12.csv",0,9,"10/6/21 14:34","0","Finish","0",0,"football_tennis_basketball_cycling_hockey_running","PWOLpzJjawvhbutV3Hgo",1,"e1",3,1,"nonVeridical","0"
"1172","c2","10/6/21 14:10","three_pos_10_2_0_12.csv",0,8,"10/6/21 14:34","0","Finish","0",0,"football_tennis_basketball_cycling_hockey_running","PWOLpzJjawvhbutV3Hgo",1,"e1",2,1,"nonVeridical","1"
"1173","c1","10/6/21 14:10","three_pos_10_2_0_12.csv",0,9,"10/6/21 14:34","0","Finish","0",0,"football_tennis_basketball_cycling_hockey_running","PWOLpzJjawvhbutV3Hgo",1,"e1",1,1,"veridical","2"
"1174","c3","10/6/21 14:10","three_pos_10_2_0_12.csv",0,9,"10/6/21 14:34","0","Finish","0",0,"football_tennis_basketball_cycling_hockey_running","PWOLpzJjawvhbutV3Hgo",1,"e2",3,2,"nonVeridical","0"
"1175","c2","10/6/21 14:10","three_pos_10_2_0_12.csv",0,8,"10/6/21 14:34","0","Finish","0",0,"football_tennis_basketball_cycling_hockey_running","PWOLpzJjawvhbutV3Hgo",1,"e2",2,2,"veridical","1"
"1176","c1","10/6/21 14:10","three_pos_10_2_0_12.csv",0,8,"10/6/21 14:34","0","Finish","0",0,"football_tennis_basketball_cycling_hockey_running","PWOLpzJjawvhbutV3Hgo",1,"e2",1,2,"nonVeridical","2"
"1177","c3","10/6/21 14:10","three_pos_10_2_0_12.csv",0,9,"10/6/21 14:34","0","Finish","0",0,"football_tennis_basketball_cycling_hockey_running","PWOLpzJjawvhbutV3Hgo",1,"e3",3,3,"veridical","0"
"1178","c2","10/6/21 14:10","three_pos_10_2_0_12.csv",0,8,"10/6/21 14:34","0","Finish","0",0,"football_tennis_basketball_cycling_hockey_running","PWOLpzJjawvhbutV3Hgo",1,"e3",2,3,"nonVeridical","1"
"1179","c1","10/6/21 14:10","three_pos_10_2_0_12.csv",0,8,"10/6/21 14:34","0","Finish","0",0,"football_tennis_basketball_cycling_hockey_running","PWOLpzJjawvhbutV3Hgo",1,"e3",1,3,"nonVeridical","2"
"1180","c2","10/6/21 14:10","three_pos_10_2_0_12.csv",0,6,"10/6/21 14:22","0","Finish","0",0,"running_snowboarding","e3WtUMvGBVhx9i4xU9Hu",2,"e1",2,1,"nonVeridical","1"
"1181","c3","10/6/21 14:10","three_pos_10_2_0_12.csv",0,4,"10/6/21 14:22","0","Finish","0",0,"running_snowboarding","e3WtUMvGBVhx9i4xU9Hu",2,"e1",3,1,"nonVeridical","0"
"1182","c1","10/6/21 14:10","three_pos_10_2_0_12.csv",0,7,"10/6/21 14:22","0","Finish","0",0,"running_snowboarding","e3WtUMvGBVhx9i4xU9Hu",2,"e1",1,1,"veridical","2"
"1183","c2","10/6/21 14:10","three_pos_10_2_0_12.csv",0,7,"10/6/21 14:22","0","Finish","0",0,"running_snowboarding","e3WtUMvGBVhx9i4xU9Hu",2,"e2",2,2,"veridical","1"
"1184","c3","10/6/21 14:10","three_pos_10_2_0_12.csv",0,3,"10/6/21 14:22","0","Finish","0",0,"running_snowboarding","e3WtUMvGBVhx9i4xU9Hu",2,"e2",3,2,"nonVeridical","0"
"1185","c1","10/6/21 14:10","three_pos_10_2_0_12.csv",0,5,"10/6/21 14:22","0","Finish","0",0,"running_snowboarding","e3WtUMvGBVhx9i4xU9Hu",2,"e2",1,2,"nonVeridical","2"
"1186","c2","10/6/21 14:10","three_pos_10_2_0_12.csv",0,6,"10/6/21 14:22","0","Finish","0",0,"running_snowboarding","e3WtUMvGBVhx9i4xU9Hu",2,"e3",2,3,"nonVeridical","1"
"1187","c3","10/6/21 14:10","three_pos_10_2_0_12.csv",0,7,"10/6/21 14:22","0","Finish","0",0,"running_snowboarding","e3WtUMvGBVhx9i4xU9Hu",2,"e3",3,3,"veridical","0"
"1188","c1","10/6/21 14:10","three_pos_10_2_0_12.csv",0,3,"10/6/21 14:22","0","Finish","0",0,"running_snowboarding","e3WtUMvGBVhx9i4xU9Hu",2,"e3",1,3,"nonVeridical","2"
"1189","c2","10/6/21 14:10","three_pos_8_4_0_12.csv",0,9,"10/6/21 14:26","0","Finish","0",0,"running","LFDN0J2L87emZxmAWxoj",3,"e1",2,1,"nonVeridical","1"
"1190","c3","10/6/21 14:10","three_pos_8_4_0_12.csv",0,9,"10/6/21 14:26","0","Finish","0",0,"running","LFDN0J2L87emZxmAWxoj",3,"e1",3,1,"nonVeridical","0"
"1191","c1","10/6/21 14:10","three_pos_8_4_0_12.csv",0,8,"10/6/21 14:26","0","Finish","0",0,"running","LFDN0J2L87emZxmAWxoj",3,"e1",1,1,"veridical","2"
"1192","c2","10/6/21 14:10","three_pos_8_4_0_12.csv",0,9,"10/6/21 14:26","0","Finish","0",0,"running","LFDN0J2L87emZxmAWxoj",3,"e2",2,2,"veridical","1"
"1193","c3","10/6/21 14:10","three_pos_8_4_0_12.csv",0,9,"10/6/21 14:26","0","Finish","0",0,"running","LFDN0J2L87emZxmAWxoj",3,"e2",3,2,"nonVeridical","0"
"1194","c1","10/6/21 14:10","three_pos_8_4_0_12.csv",0,8,"10/6/21 14:26","0","Finish","0",0,"running","LFDN0J2L87emZxmAWxoj",3,"e2",1,2,"nonVeridical","2"
"1195","c2","10/6/21 14:10","three_pos_8_4_0_12.csv",0,9,"10/6/21 14:26","0","Finish","0",0,"running","LFDN0J2L87emZxmAWxoj",3,"e3",2,3,"nonVeridical","1"
"1196","c3","10/6/21 14:10","three_pos_8_4_0_12.csv",0,9,"10/6/21 14:26","0","Finish","0",0,"running","LFDN0J2L87emZxmAWxoj",3,"e3",3,3,"veridical","0"
"1197","c1","10/6/21 14:10","three_pos_8_4_0_12.csv",0,8,"10/6/21 14:26","0","Finish","0",0,"running","LFDN0J2L87emZxmAWxoj",3,"e3",1,3,"nonVeridical","2"
"1198","c3","10/6/21 14:10","three_pos_8_4_0_12.csv",0,6,"10/6/21 14:28","0","Finish","0",0,"","s5HqkbGbfOOJzBTLyAln",2,"e1",3,1,"nonVeridical","0"
"1199","c1","10/6/21 14:10","three_pos_8_4_0_12.csv",0,7,"10/6/21 14:28","0","Finish","0",0,"","s5HqkbGbfOOJzBTLyAln",2,"e1",1,1,"veridical","2"
"1200","c2","10/6/21 14:10","three_pos_8_4_0_12.csv",0,6,"10/6/21 14:28","0","Finish","0",0,"","s5HqkbGbfOOJzBTLyAln",2,"e1",2,1,"nonVeridical","1"
"1201","c3","10/6/21 14:10","three_pos_8_4_0_12.csv",0,4,"10/6/21 14:28","0","Finish","0",0,"","s5HqkbGbfOOJzBTLyAln",2,"e2",3,2,"nonVeridical","0"
"1202","c1","10/6/21 14:10","three_pos_8_4_0_12.csv",0,5,"10/6/21 14:28","0","Finish","0",0,"","s5HqkbGbfOOJzBTLyAln",2,"e2",1,2,"nonVeridical","2"
"1203","c2","10/6/21 14:10","three_pos_8_4_0_12.csv",0,4,"10/6/21 14:28","0","Finish","0",0,"","s5HqkbGbfOOJzBTLyAln",2,"e2",2,2,"veridical","1"
"1204","c3","10/6/21 14:10","three_pos_8_4_0_12.csv",0,6,"10/6/21 14:28","0","Finish","0",0,"","s5HqkbGbfOOJzBTLyAln",2,"e3",3,3,"veridical","0"
"1205","c1","10/6/21 14:10","three_pos_8_4_0_12.csv",0,4,"10/6/21 14:28","0","Finish","0",0,"","s5HqkbGbfOOJzBTLyAln",2,"e3",1,3,"nonVeridical","2"
"1206","c2","10/6/21 14:10","three_pos_8_4_0_12.csv",0,3,"10/6/21 14:28","0","Finish","0",0,"","s5HqkbGbfOOJzBTLyAln",2,"e3",2,3,"nonVeridical","1"
"1207","c2","10/6/21 14:11","three_pos_10_2_0_12.csv",0,0,"10/6/21 14:25","0","Finish","0",1,"","zkW5GBRkl4KX620xwwqJ",2,"e1",2,1,"nonVeridical","1"
"1208","c3","10/6/21 14:11","three_pos_10_2_0_12.csv",0,0,"10/6/21 14:25","0","Finish","0",1,"","zkW5GBRkl4KX620xwwqJ",2,"e1",3,1,"nonVeridical","0"
"1209","c1","10/6/21 14:11","three_pos_10_2_0_12.csv",0,10,"10/6/21 14:25","0","Finish","0",1,"","zkW5GBRkl4KX620xwwqJ",2,"e1",1,1,"veridical","2"
"1210","c2","10/6/21 14:11","three_pos_10_2_0_12.csv",0,10,"10/6/21 14:25","0","Finish","0",1,"","zkW5GBRkl4KX620xwwqJ",2,"e2",2,2,"veridical","1"
"1211","c3","10/6/21 14:11","three_pos_10_2_0_12.csv",0,5,"10/6/21 14:25","0","Finish","0",1,"","zkW5GBRkl4KX620xwwqJ",2,"e2",3,2,"nonVeridical","0"
"1212","c1","10/6/21 14:11","three_pos_10_2_0_12.csv",0,5,"10/6/21 14:25","0","Finish","0",1,"","zkW5GBRkl4KX620xwwqJ",2,"e2",1,2,"nonVeridical","2"
"1213","c2","10/6/21 14:11","three_pos_10_2_0_12.csv",0,0,"10/6/21 14:25","0","Finish","0",1,"","zkW5GBRkl4KX620xwwqJ",2,"e3",2,3,"nonVeridical","1"
"1214","c3","10/6/21 14:11","three_pos_10_2_0_12.csv",0,5,"10/6/21 14:25","0","Finish","0",1,"","zkW5GBRkl4KX620xwwqJ",2,"e3",3,3,"veridical","0"
"1215","c1","10/6/21 14:11","three_pos_10_2_0_12.csv",0,5,"10/6/21 14:25","0","Finish","0",1,"","zkW5GBRkl4KX620xwwqJ",2,"e3",1,3,"nonVeridical","2"
"1216","c1","10/6/21 14:11","three_pos_9_3_3_9.csv",0,1,"10/6/21 14:29","0","Finish","0",1,"","qFWSgCHw7jk0eB5jf2o6",1,"e1",1,1,"veridical","2"
"1217","c2","10/6/21 14:11","three_pos_9_3_3_9.csv",0,8,"10/6/21 14:29","0","Finish","0",1,"","qFWSgCHw7jk0eB5jf2o6",1,"e1",2,1,"nonVeridical","1"
"1218","c3","10/6/21 14:11","three_pos_9_3_3_9.csv",0,2,"10/6/21 14:29","0","Finish","0",1,"","qFWSgCHw7jk0eB5jf2o6",1,"e1",3,1,"nonVeridical","0"
"1219","c1","10/6/21 14:11","three_pos_9_3_3_9.csv",0,8,"10/6/21 14:29","0","Finish","0",1,"","qFWSgCHw7jk0eB5jf2o6",1,"e2",1,2,"nonVeridical","2"
"1220","c2","10/6/21 14:11","three_pos_9_3_3_9.csv",0,8,"10/6/21 14:29","0","Finish","0",1,"","qFWSgCHw7jk0eB5jf2o6",1,"e2",2,2,"veridical","1"
"1221","c3","10/6/21 14:11","three_pos_9_3_3_9.csv",0,5,"10/6/21 14:29","0","Finish","0",1,"","qFWSgCHw7jk0eB5jf2o6",1,"e2",3,2,"nonVeridical","0"
"1222","c1","10/6/21 14:11","three_pos_9_3_3_9.csv",0,2,"10/6/21 14:29","0","Finish","0",1,"","qFWSgCHw7jk0eB5jf2o6",1,"e3",1,3,"nonVeridical","2"
"1223","c2","10/6/21 14:11","three_pos_9_3_3_9.csv",0,3,"10/6/21 14:29","0","Finish","0",1,"","qFWSgCHw7jk0eB5jf2o6",1,"e3",2,3,"nonVeridical","1"
"1224","c3","10/6/21 14:11","three_pos_9_3_3_9.csv",0,8,"10/6/21 14:29","0","Finish","0",1,"","qFWSgCHw7jk0eB5jf2o6",1,"e3",3,3,"veridical","0"
"1225","c1","10/6/21 14:11","three_pos_9_3_3_9.csv",0,5,"10/6/21 14:30","0","Finish","0",1,"","a4oKcSoP7qvebnIwhrxj",2,"e1",1,1,"veridical","2"
"1226","c3","10/6/21 14:11","three_pos_9_3_3_9.csv",0,4,"10/6/21 14:30","0","Finish","0",1,"","a4oKcSoP7qvebnIwhrxj",2,"e1",3,1,"nonVeridical","0"
"1227","c2","10/6/21 14:11","three_pos_9_3_3_9.csv",0,5,"10/6/21 14:30","0","Finish","0",1,"","a4oKcSoP7qvebnIwhrxj",2,"e1",2,1,"nonVeridical","1"
"1228","c1","10/6/21 14:11","three_pos_9_3_3_9.csv",0,7,"10/6/21 14:30","0","Finish","0",1,"","a4oKcSoP7qvebnIwhrxj",2,"e2",1,2,"nonVeridical","2"
"1229","c3","10/6/21 14:11","three_pos_9_3_3_9.csv",0,5,"10/6/21 14:30","0","Finish","0",1,"","a4oKcSoP7qvebnIwhrxj",2,"e2",3,2,"nonVeridical","0"
"1230","c2","10/6/21 14:11","three_pos_9_3_3_9.csv",0,6,"10/6/21 14:30","0","Finish","0",1,"","a4oKcSoP7qvebnIwhrxj",2,"e2",2,2,"veridical","1"
"1231","c1","10/6/21 14:11","three_pos_9_3_3_9.csv",0,3,"10/6/21 14:30","0","Finish","0",1,"","a4oKcSoP7qvebnIwhrxj",2,"e3",1,3,"nonVeridical","2"
"1232","c3","10/6/21 14:11","three_pos_9_3_3_9.csv",0,5,"10/6/21 14:30","0","Finish","0",1,"","a4oKcSoP7qvebnIwhrxj",2,"e3",3,3,"veridical","0"
"1233","c2","10/6/21 14:11","three_pos_9_3_3_9.csv",0,4,"10/6/21 14:30","0","Finish","0",1,"","a4oKcSoP7qvebnIwhrxj",2,"e3",2,3,"nonVeridical","1"
"1234","c1","10/6/21 14:11","three_pos_10_2_0_12.csv",0,10,"10/6/21 14:22","0","Finish","0",1,"","6DgNZSERfZHzY19Mwo3w",1,"e1",1,1,"veridical","2"
"1235","c3","10/6/21 14:11","three_pos_10_2_0_12.csv",0,0,"10/6/21 14:22","0","Finish","0",1,"","6DgNZSERfZHzY19Mwo3w",1,"e1",3,1,"nonVeridical","0"
"1236","c2","10/6/21 14:11","three_pos_10_2_0_12.csv",0,0,"10/6/21 14:22","0","Finish","0",1,"","6DgNZSERfZHzY19Mwo3w",1,"e1",2,1,"nonVeridical","1"
"1237","c1","10/6/21 14:11","three_pos_10_2_0_12.csv",0,0,"10/6/21 14:22","0","Finish","0",1,"","6DgNZSERfZHzY19Mwo3w",1,"e2",1,2,"nonVeridical","2"
"1238","c3","10/6/21 14:11","three_pos_10_2_0_12.csv",0,0,"10/6/21 14:22","0","Finish","0",1,"","6DgNZSERfZHzY19Mwo3w",1,"e2",3,2,"nonVeridical","0"
"1239","c2","10/6/21 14:11","three_pos_10_2_0_12.csv",0,10,"10/6/21 14:22","0","Finish","0",1,"","6DgNZSERfZHzY19Mwo3w",1,"e2",2,2,"veridical","1"
"1240","c1","10/6/21 14:11","three_pos_10_2_0_12.csv",0,0,"10/6/21 14:22","0","Finish","0",1,"","6DgNZSERfZHzY19Mwo3w",1,"e3",1,3,"nonVeridical","2"
"1241","c3","10/6/21 14:11","three_pos_10_2_0_12.csv",0,10,"10/6/21 14:22","0","Finish","0",1,"","6DgNZSERfZHzY19Mwo3w",1,"e3",3,3,"veridical","0"
"1242","c2","10/6/21 14:11","three_pos_10_2_0_12.csv",0,0,"10/6/21 14:22","0","Finish","0",1,"","6DgNZSERfZHzY19Mwo3w",1,"e3",2,3,"nonVeridical","1"
"1243","c2","10/6/21 14:11","three_pos_9_3_3_9.csv",0,7,"10/6/21 14:24","0","Finish","0",1,"","E5JI6OBSYKTq8VLZjGAm",3,"e1",2,1,"nonVeridical","1"
"1244","c1","10/6/21 14:11","three_pos_9_3_3_9.csv",0,2,"10/6/21 14:24","0","Finish","0",1,"","E5JI6OBSYKTq8VLZjGAm",3,"e1",1,1,"veridical","2"
"1245","c3","10/6/21 14:11","three_pos_9_3_3_9.csv",0,5,"10/6/21 14:24","0","Finish","0",1,"","E5JI6OBSYKTq8VLZjGAm",3,"e1",3,1,"nonVeridical","0"
"1246","c2","10/6/21 14:11","three_pos_9_3_3_9.csv",0,1,"10/6/21 14:24","0","Finish","0",1,"","E5JI6OBSYKTq8VLZjGAm",3,"e2",2,2,"veridical","1"
"1247","c1","10/6/21 14:11","three_pos_9_3_3_9.csv",0,5,"10/6/21 14:24","0","Finish","0",1,"","E5JI6OBSYKTq8VLZjGAm",3,"e2",1,2,"nonVeridical","2"
"1248","c3","10/6/21 14:11","three_pos_9_3_3_9.csv",0,8,"10/6/21 14:24","0","Finish","0",1,"","E5JI6OBSYKTq8VLZjGAm",3,"e2",3,2,"nonVeridical","0"
"1249","c2","10/6/21 14:11","three_pos_9_3_3_9.csv",0,3,"10/6/21 14:24","0","Finish","0",1,"","E5JI6OBSYKTq8VLZjGAm",3,"e3",2,3,"nonVeridical","1"
"1250","c1","10/6/21 14:11","three_pos_9_3_3_9.csv",0,1,"10/6/21 14:24","0","Finish","0",1,"","E5JI6OBSYKTq8VLZjGAm",3,"e3",1,3,"nonVeridical","2"
"1251","c3","10/6/21 14:11","three_pos_9_3_3_9.csv",0,1,"10/6/21 14:24","0","Finish","0",1,"","E5JI6OBSYKTq8VLZjGAm",3,"e3",3,3,"veridical","0"
"1252","c3","10/6/21 14:11","three_pos_8_4_0_12.csv",0,2,"10/6/21 14:29","0","Finish","0",0,"","hnfV8AgwBLs5tdSlwKit",1,"e1",3,1,"nonVeridical","0"
"1253","c2","10/6/21 14:11","three_pos_8_4_0_12.csv",0,1,"10/6/21 14:29","0","Finish","0",0,"","hnfV8AgwBLs5tdSlwKit",1,"e1",2,1,"nonVeridical","1"
"1254","c1","10/6/21 14:11","three_pos_8_4_0_12.csv",0,2,"10/6/21 14:29","0","Finish","0",0,"","hnfV8AgwBLs5tdSlwKit",1,"e1",1,1,"veridical","2"
"1255","c3","10/6/21 14:11","three_pos_8_4_0_12.csv",0,3,"10/6/21 14:29","0","Finish","0",0,"","hnfV8AgwBLs5tdSlwKit",1,"e2",3,2,"nonVeridical","0"
"1256","c2","10/6/21 14:11","three_pos_8_4_0_12.csv",0,1,"10/6/21 14:29","0","Finish","0",0,"","hnfV8AgwBLs5tdSlwKit",1,"e2",2,2,"veridical","1"
"1257","c1","10/6/21 14:11","three_pos_8_4_0_12.csv",0,3,"10/6/21 14:29","0","Finish","0",0,"","hnfV8AgwBLs5tdSlwKit",1,"e2",1,2,"nonVeridical","2"
"1258","c3","10/6/21 14:11","three_pos_8_4_0_12.csv",0,6,"10/6/21 14:29","0","Finish","0",0,"","hnfV8AgwBLs5tdSlwKit",1,"e3",3,3,"veridical","0"
"1259","c2","10/6/21 14:11","three_pos_8_4_0_12.csv",0,5,"10/6/21 14:29","0","Finish","0",0,"","hnfV8AgwBLs5tdSlwKit",1,"e3",2,3,"nonVeridical","1"
"1260","c1","10/6/21 14:11","three_pos_8_4_0_12.csv",0,3,"10/6/21 14:29","0","Finish","0",0,"","hnfV8AgwBLs5tdSlwKit",1,"e3",1,3,"nonVeridical","2"
"1261","c1","10/6/21 14:12","three_pos_10_2_0_12.csv",0,2,"10/6/21 14:45","0","Finish","0",0,"soccer_running_hockey_football_tennis_basketball_cycling_snowboarding_skiing","RqPV28mNd7emYL9gOZOD",3,"e1",1,1,"veridical","2"
"1262","c3","10/6/21 14:12","three_pos_10_2_0_12.csv",0,3,"10/6/21 14:45","0","Finish","0",0,"soccer_running_hockey_football_tennis_basketball_cycling_snowboarding_skiing","RqPV28mNd7emYL9gOZOD",3,"e1",3,1,"nonVeridical","0"
"1263","c2","10/6/21 14:12","three_pos_10_2_0_12.csv",0,3,"10/6/21 14:45","0","Finish","0",0,"soccer_running_hockey_football_tennis_basketball_cycling_snowboarding_skiing","RqPV28mNd7emYL9gOZOD",3,"e1",2,1,"nonVeridical","1"
"1264","c1","10/6/21 14:12","three_pos_10_2_0_12.csv",0,3,"10/6/21 14:45","0","Finish","0",0,"soccer_running_hockey_football_tennis_basketball_cycling_snowboarding_skiing","RqPV28mNd7emYL9gOZOD",3,"e2",1,2,"nonVeridical","2"
"1265","c3","10/6/21 14:12","three_pos_10_2_0_12.csv",0,3,"10/6/21 14:45","0","Finish","0",0,"soccer_running_hockey_football_tennis_basketball_cycling_snowboarding_skiing","RqPV28mNd7emYL9gOZOD",3,"e2",3,2,"nonVeridical","0"
"1266","c2","10/6/21 14:12","three_pos_10_2_0_12.csv",0,4,"10/6/21 14:45","0","Finish","0",0,"soccer_running_hockey_football_tennis_basketball_cycling_snowboarding_skiing","RqPV28mNd7emYL9gOZOD",3,"e2",2,2,"veridical","1"
"1267","c1","10/6/21 14:12","three_pos_10_2_0_12.csv",0,4,"10/6/21 14:45","0","Finish","0",0,"soccer_running_hockey_football_tennis_basketball_cycling_snowboarding_skiing","RqPV28mNd7emYL9gOZOD",3,"e3",1,3,"nonVeridical","2"
"1268","c3","10/6/21 14:12","three_pos_10_2_0_12.csv",0,7,"10/6/21 14:45","0","Finish","0",0,"soccer_running_hockey_football_tennis_basketball_cycling_snowboarding_skiing","RqPV28mNd7emYL9gOZOD",3,"e3",3,3,"veridical","0"
"1269","c2","10/6/21 14:12","three_pos_10_2_0_12.csv",0,4,"10/6/21 14:45","0","Finish","0",0,"soccer_running_hockey_football_tennis_basketball_cycling_snowboarding_skiing","RqPV28mNd7emYL9gOZOD",3,"e3",2,3,"nonVeridical","1"
"1270","c2","10/6/21 14:12","three_pos_9_3_3_9.csv",0,7,"10/6/21 14:38","0","Finish","0",1,"","IRRMvwjTknkn5G0LcxcR",2,"e1",2,1,"nonVeridical","1"
"1271","c3","10/6/21 14:12","three_pos_9_3_3_9.csv",0,7,"10/6/21 14:38","0","Finish","0",1,"","IRRMvwjTknkn5G0LcxcR",2,"e1",3,1,"nonVeridical","0"
"1272","c1","10/6/21 14:12","three_pos_9_3_3_9.csv",0,10,"10/6/21 14:38","0","Finish","0",1,"","IRRMvwjTknkn5G0LcxcR",2,"e1",1,1,"veridical","2"
"1273","c2","10/6/21 14:12","three_pos_9_3_3_9.csv",0,5,"10/6/21 14:38","0","Finish","0",1,"","IRRMvwjTknkn5G0LcxcR",2,"e2",2,2,"veridical","1"
"1274","c3","10/6/21 14:12","three_pos_9_3_3_9.csv",0,5,"10/6/21 14:38","0","Finish","0",1,"","IRRMvwjTknkn5G0LcxcR",2,"e2",3,2,"nonVeridical","0"
"1275","c1","10/6/21 14:12","three_pos_9_3_3_9.csv",0,8,"10/6/21 14:38","0","Finish","0",1,"","IRRMvwjTknkn5G0LcxcR",2,"e2",1,2,"nonVeridical","2"
"1276","c2","10/6/21 14:12","three_pos_9_3_3_9.csv",0,9,"10/6/21 14:38","0","Finish","0",1,"","IRRMvwjTknkn5G0LcxcR",2,"e3",2,3,"nonVeridical","1"
"1277","c3","10/6/21 14:12","three_pos_9_3_3_9.csv",0,9,"10/6/21 14:38","0","Finish","0",1,"","IRRMvwjTknkn5G0LcxcR",2,"e3",3,3,"veridical","0"
"1278","c1","10/6/21 14:12","three_pos_9_3_3_9.csv",0,7,"10/6/21 14:38","0","Finish","0",1,"","IRRMvwjTknkn5G0LcxcR",2,"e3",1,3,"nonVeridical","2"
"1279","c2","10/6/21 14:12","three_pos_8_4_0_12.csv",0,4,"10/6/21 14:24","0","Finish","0",1,"","vNOF602zNPMJ1riIdCs5",2,"e1",2,1,"nonVeridical","1"
"1280","c3","10/6/21 14:12","three_pos_8_4_0_12.csv",0,4,"10/6/21 14:24","0","Finish","0",1,"","vNOF602zNPMJ1riIdCs5",2,"e1",3,1,"nonVeridical","0"
"1281","c1","10/6/21 14:12","three_pos_8_4_0_12.csv",0,6,"10/6/21 14:24","0","Finish","0",1,"","vNOF602zNPMJ1riIdCs5",2,"e1",1,1,"veridical","2"
"1282","c2","10/6/21 14:12","three_pos_8_4_0_12.csv",0,7,"10/6/21 14:24","0","Finish","0",1,"","vNOF602zNPMJ1riIdCs5",2,"e2",2,2,"veridical","1"
"1283","c3","10/6/21 14:12","three_pos_8_4_0_12.csv",0,6,"10/6/21 14:24","0","Finish","0",1,"","vNOF602zNPMJ1riIdCs5",2,"e2",3,2,"nonVeridical","0"
"1284","c1","10/6/21 14:12","three_pos_8_4_0_12.csv",0,7,"10/6/21 14:24","0","Finish","0",1,"","vNOF602zNPMJ1riIdCs5",2,"e2",1,2,"nonVeridical","2"
"1285","c2","10/6/21 14:12","three_pos_8_4_0_12.csv",0,6,"10/6/21 14:24","0","Finish","0",1,"","vNOF602zNPMJ1riIdCs5",2,"e3",2,3,"nonVeridical","1"
"1286","c3","10/6/21 14:12","three_pos_8_4_0_12.csv",0,6,"10/6/21 14:24","0","Finish","0",1,"","vNOF602zNPMJ1riIdCs5",2,"e3",3,3,"veridical","0"
"1287","c1","10/6/21 14:12","three_pos_8_4_0_12.csv",0,4,"10/6/21 14:24","0","Finish","0",1,"","vNOF602zNPMJ1riIdCs5",2,"e3",1,3,"nonVeridical","2"
"1288","c1","10/6/21 14:12","three_pos_9_3_3_9.csv",0,3,"10/6/21 14:29","0","Finish","0",0,"soccer_running_hockey","lPtW1w6ecVLU4FQdUsk9",3,"e1",1,1,"veridical","2"
"1289","c3","10/6/21 14:12","three_pos_9_3_3_9.csv",0,2,"10/6/21 14:29","0","Finish","0",0,"soccer_running_hockey","lPtW1w6ecVLU4FQdUsk9",3,"e1",3,1,"nonVeridical","0"
"1290","c2","10/6/21 14:12","three_pos_9_3_3_9.csv",0,7,"10/6/21 14:29","0","Finish","0",0,"soccer_running_hockey","lPtW1w6ecVLU4FQdUsk9",3,"e1",2,1,"nonVeridical","1"
"1291","c1","10/6/21 14:12","three_pos_9_3_3_9.csv",0,8,"10/6/21 14:29","0","Finish","0",0,"soccer_running_hockey","lPtW1w6ecVLU4FQdUsk9",3,"e2",1,2,"nonVeridical","2"
"1292","c3","10/6/21 14:12","three_pos_9_3_3_9.csv",0,8,"10/6/21 14:29","0","Finish","0",0,"soccer_running_hockey","lPtW1w6ecVLU4FQdUsk9",3,"e2",3,2,"nonVeridical","0"
"1293","c2","10/6/21 14:12","three_pos_9_3_3_9.csv",0,6,"10/6/21 14:29","0","Finish","0",0,"soccer_running_hockey","lPtW1w6ecVLU4FQdUsk9",3,"e2",2,2,"veridical","1"
"1294","c1","10/6/21 14:12","three_pos_9_3_3_9.csv",0,7,"10/6/21 14:29","0","Finish","0",0,"soccer_running_hockey","lPtW1w6ecVLU4FQdUsk9",3,"e3",1,3,"nonVeridical","2"
"1295","c3","10/6/21 14:12","three_pos_9_3_3_9.csv",0,8,"10/6/21 14:29","0","Finish","0",0,"soccer_running_hockey","lPtW1w6ecVLU4FQdUsk9",3,"e3",3,3,"veridical","0"
"1296","c2","10/6/21 14:12","three_pos_9_3_3_9.csv",0,8,"10/6/21 14:29","0","Finish","0",0,"soccer_running_hockey","lPtW1w6ecVLU4FQdUsk9",3,"e3",2,3,"nonVeridical","1"
"1297","c3","10/6/21 14:12","three_pos_8_4_0_12.csv",0,7,"10/6/21 14:50","0","Finish","0",1,"","ERLnVd9LCHddoXOZZNRq",3,"e1",3,1,"nonVeridical","0"
"1298","c1","10/6/21 14:12","three_pos_8_4_0_12.csv",0,0,"10/6/21 14:50","0","Finish","0",1,"","ERLnVd9LCHddoXOZZNRq",3,"e1",1,1,"veridical","2"
"1299","c2","10/6/21 14:12","three_pos_8_4_0_12.csv",0,2,"10/6/21 14:50","0","Finish","0",1,"","ERLnVd9LCHddoXOZZNRq",3,"e1",2,1,"nonVeridical","1"
"1300","c3","10/6/21 14:12","three_pos_8_4_0_12.csv",0,6,"10/6/21 14:50","0","Finish","0",1,"","ERLnVd9LCHddoXOZZNRq",3,"e2",3,2,"nonVeridical","0"
"1301","c1","10/6/21 14:12","three_pos_8_4_0_12.csv",0,9,"10/6/21 14:50","0","Finish","0",1,"","ERLnVd9LCHddoXOZZNRq",3,"e2",1,2,"nonVeridical","2"
"1302","c2","10/6/21 14:12","three_pos_8_4_0_12.csv",0,6,"10/6/21 14:50","0","Finish","0",1,"","ERLnVd9LCHddoXOZZNRq",3,"e2",2,2,"veridical","1"
"1303","c3","10/6/21 14:12","three_pos_8_4_0_12.csv",0,0,"10/6/21 14:50","0","Finish","0",1,"","ERLnVd9LCHddoXOZZNRq",3,"e3",3,3,"veridical","0"
"1304","c1","10/6/21 14:12","three_pos_8_4_0_12.csv",0,0,"10/6/21 14:50","0","Finish","0",1,"","ERLnVd9LCHddoXOZZNRq",3,"e3",1,3,"nonVeridical","2"
"1305","c2","10/6/21 14:12","three_pos_8_4_0_12.csv",0,2,"10/6/21 14:50","0","Finish","0",1,"","ERLnVd9LCHddoXOZZNRq",3,"e3",2,3,"nonVeridical","1"
"1306","c1","10/6/21 14:12","three_pos_10_2_0_12.csv",0,4,"10/6/21 14:33","0","Finish","0",1,"","jhED1lA9tLVoetXG3WLP",2,"e1",1,1,"veridical","2"
"1307","c2","10/6/21 14:12","three_pos_10_2_0_12.csv",0,4,"10/6/21 14:33","0","Finish","0",1,"","jhED1lA9tLVoetXG3WLP",2,"e1",2,1,"nonVeridical","1"
"1308","c3","10/6/21 14:12","three_pos_10_2_0_12.csv",0,2,"10/6/21 14:33","0","Finish","0",1,"","jhED1lA9tLVoetXG3WLP",2,"e1",3,1,"nonVeridical","0"
"1309","c1","10/6/21 14:12","three_pos_10_2_0_12.csv",0,5,"10/6/21 14:33","0","Finish","0",1,"","jhED1lA9tLVoetXG3WLP",2,"e2",1,2,"nonVeridical","2"
"1310","c2","10/6/21 14:12","three_pos_10_2_0_12.csv",0,6,"10/6/21 14:33","0","Finish","0",1,"","jhED1lA9tLVoetXG3WLP",2,"e2",2,2,"veridical","1"
"1311","c3","10/6/21 14:12","three_pos_10_2_0_12.csv",0,6,"10/6/21 14:33","0","Finish","0",1,"","jhED1lA9tLVoetXG3WLP",2,"e2",3,2,"nonVeridical","0"
"1312","c1","10/6/21 14:12","three_pos_10_2_0_12.csv",0,6,"10/6/21 14:33","0","Finish","0",1,"","jhED1lA9tLVoetXG3WLP",2,"e3",1,3,"nonVeridical","2"
"1313","c2","10/6/21 14:12","three_pos_10_2_0_12.csv",0,5,"10/6/21 14:33","0","Finish","0",1,"","jhED1lA9tLVoetXG3WLP",2,"e3",2,3,"nonVeridical","1"
"1314","c3","10/6/21 14:12","three_pos_10_2_0_12.csv",0,5,"10/6/21 14:33","0","Finish","0",1,"","jhED1lA9tLVoetXG3WLP",2,"e3",3,3,"veridical","0"
"1315","c1","10/6/21 14:13","three_pos_10_2_0_12.csv",0,8,"10/6/21 14:34","0","Finish","0",1,"","hYJFwdU3KHBjYxTBB9Ez",1,"e1",1,1,"veridical","2"
"1316","c2","10/6/21 14:13","three_pos_10_2_0_12.csv",0,7,"10/6/21 14:34","0","Finish","0",1,"","hYJFwdU3KHBjYxTBB9Ez",1,"e1",2,1,"nonVeridical","1"
"1317","c3","10/6/21 14:13","three_pos_10_2_0_12.csv",0,7,"10/6/21 14:34","0","Finish","0",1,"","hYJFwdU3KHBjYxTBB9Ez",1,"e1",3,1,"nonVeridical","0"
"1318","c1","10/6/21 14:13","three_pos_10_2_0_12.csv",0,7,"10/6/21 14:34","0","Finish","0",1,"","hYJFwdU3KHBjYxTBB9Ez",1,"e2",1,2,"nonVeridical","2"
"1319","c2","10/6/21 14:13","three_pos_10_2_0_12.csv",0,7,"10/6/21 14:34","0","Finish","0",1,"","hYJFwdU3KHBjYxTBB9Ez",1,"e2",2,2,"veridical","1"
"1320","c3","10/6/21 14:13","three_pos_10_2_0_12.csv",0,7,"10/6/21 14:34","0","Finish","0",1,"","hYJFwdU3KHBjYxTBB9Ez",1,"e2",3,2,"nonVeridical","0"
"1321","c1","10/6/21 14:13","three_pos_10_2_0_12.csv",0,7,"10/6/21 14:34","0","Finish","0",1,"","hYJFwdU3KHBjYxTBB9Ez",1,"e3",1,3,"nonVeridical","2"
"1322","c2","10/6/21 14:13","three_pos_10_2_0_12.csv",0,7,"10/6/21 14:34","0","Finish","0",1,"","hYJFwdU3KHBjYxTBB9Ez",1,"e3",2,3,"nonVeridical","1"
"1323","c3","10/6/21 14:13","three_pos_10_2_0_12.csv",0,6,"10/6/21 14:34","0","Finish","0",1,"","hYJFwdU3KHBjYxTBB9Ez",1,"e3",3,3,"veridical","0"
"1324","c1","10/6/21 14:13","three_pos_10_2_0_12.csv",0,8,"10/6/21 14:26","0","Finish","0",1,"","gMwwjo6Z2KKEcPTqrEyb",3,"e1",1,1,"veridical","2"
"1325","c3","10/6/21 14:13","three_pos_10_2_0_12.csv",0,4,"10/6/21 14:26","0","Finish","0",1,"","gMwwjo6Z2KKEcPTqrEyb",3,"e1",3,1,"nonVeridical","0"
"1326","c2","10/6/21 14:13","three_pos_10_2_0_12.csv",0,5,"10/6/21 14:26","0","Finish","0",1,"","gMwwjo6Z2KKEcPTqrEyb",3,"e1",2,1,"nonVeridical","1"
"1327","c1","10/6/21 14:13","three_pos_10_2_0_12.csv",0,5,"10/6/21 14:26","0","Finish","0",1,"","gMwwjo6Z2KKEcPTqrEyb",3,"e2",1,2,"nonVeridical","2"
"1328","c3","10/6/21 14:13","three_pos_10_2_0_12.csv",0,3,"10/6/21 14:26","0","Finish","0",1,"","gMwwjo6Z2KKEcPTqrEyb",3,"e2",3,2,"nonVeridical","0"
"1329","c2","10/6/21 14:13","three_pos_10_2_0_12.csv",0,10,"10/6/21 14:26","0","Finish","0",1,"","gMwwjo6Z2KKEcPTqrEyb",3,"e2",2,2,"veridical","1"
"1330","c1","10/6/21 14:13","three_pos_10_2_0_12.csv",0,4,"10/6/21 14:26","0","Finish","0",1,"","gMwwjo6Z2KKEcPTqrEyb",3,"e3",1,3,"nonVeridical","2"
"1331","c3","10/6/21 14:13","three_pos_10_2_0_12.csv",0,10,"10/6/21 14:26","0","Finish","0",1,"","gMwwjo6Z2KKEcPTqrEyb",3,"e3",3,3,"veridical","0"
"1332","c2","10/6/21 14:13","three_pos_10_2_0_12.csv",0,5,"10/6/21 14:26","0","Finish","0",1,"","gMwwjo6Z2KKEcPTqrEyb",3,"e3",2,3,"nonVeridical","1"
"1333","c3","10/6/21 14:13","three_pos_10_2_0_12.csv",0,6,"10/6/21 14:51","0","Finish","0",0,"running_football_basketball_cycling","um9oXrs9i4xhYvsIACzw",3,"e1",3,1,"nonVeridical","0"
"1334","c2","10/6/21 14:13","three_pos_10_2_0_12.csv",0,6,"10/6/21 14:51","0","Finish","0",0,"running_football_basketball_cycling","um9oXrs9i4xhYvsIACzw",3,"e1",2,1,"nonVeridical","1"
"1335","c1","10/6/21 14:13","three_pos_10_2_0_12.csv",0,8,"10/6/21 14:51","0","Finish","0",0,"running_football_basketball_cycling","um9oXrs9i4xhYvsIACzw",3,"e1",1,1,"veridical","2"
"1336","c3","10/6/21 14:13","three_pos_10_2_0_12.csv",0,2,"10/6/21 14:51","0","Finish","0",0,"running_football_basketball_cycling","um9oXrs9i4xhYvsIACzw",3,"e2",3,2,"nonVeridical","0"
"1337","c2","10/6/21 14:13","three_pos_10_2_0_12.csv",0,4,"10/6/21 14:51","0","Finish","0",0,"running_football_basketball_cycling","um9oXrs9i4xhYvsIACzw",3,"e2",2,2,"veridical","1"
"1338","c1","10/6/21 14:13","three_pos_10_2_0_12.csv",0,1,"10/6/21 14:51","0","Finish","0",0,"running_football_basketball_cycling","um9oXrs9i4xhYvsIACzw",3,"e2",1,2,"nonVeridical","2"
"1339","c3","10/6/21 14:13","three_pos_10_2_0_12.csv",0,7,"10/6/21 14:51","0","Finish","0",0,"running_football_basketball_cycling","um9oXrs9i4xhYvsIACzw",3,"e3",3,3,"veridical","0"
"1340","c2","10/6/21 14:13","three_pos_10_2_0_12.csv",0,3,"10/6/21 14:51","0","Finish","0",0,"running_football_basketball_cycling","um9oXrs9i4xhYvsIACzw",3,"e3",2,3,"nonVeridical","1"
"1341","c1","10/6/21 14:13","three_pos_10_2_0_12.csv",0,7,"10/6/21 14:51","0","Finish","0",0,"running_football_basketball_cycling","um9oXrs9i4xhYvsIACzw",3,"e3",1,3,"nonVeridical","2"
"1342","c2","10/6/21 14:13","three_pos_8_4_0_12.csv",0,7,"10/6/21 14:27","0","Finish","0",0,"soccer_football_tennis_snowboarding_basketball","dUIcQcRak7Ar3hljFLME",1,"e1",2,1,"nonVeridical","1"
"1343","c3","10/6/21 14:13","three_pos_8_4_0_12.csv",0,8,"10/6/21 14:27","0","Finish","0",0,"soccer_football_tennis_snowboarding_basketball","dUIcQcRak7Ar3hljFLME",1,"e1",3,1,"nonVeridical","0"
"1344","c1","10/6/21 14:13","three_pos_8_4_0_12.csv",0,5,"10/6/21 14:27","0","Finish","0",0,"soccer_football_tennis_snowboarding_basketball","dUIcQcRak7Ar3hljFLME",1,"e1",1,1,"veridical","2"
"1345","c2","10/6/21 14:13","three_pos_8_4_0_12.csv",0,8,"10/6/21 14:27","0","Finish","0",0,"soccer_football_tennis_snowboarding_basketball","dUIcQcRak7Ar3hljFLME",1,"e2",2,2,"veridical","1"
"1346","c3","10/6/21 14:13","three_pos_8_4_0_12.csv",0,7,"10/6/21 14:27","0","Finish","0",0,"soccer_football_tennis_snowboarding_basketball","dUIcQcRak7Ar3hljFLME",1,"e2",3,2,"nonVeridical","0"
"1347","c1","10/6/21 14:13","three_pos_8_4_0_12.csv",0,10,"10/6/21 14:27","0","Finish","0",0,"soccer_football_tennis_snowboarding_basketball","dUIcQcRak7Ar3hljFLME",1,"e2",1,2,"nonVeridical","2"
"1348","c2","10/6/21 14:13","three_pos_8_4_0_12.csv",0,6,"10/6/21 14:27","0","Finish","0",0,"soccer_football_tennis_snowboarding_basketball","dUIcQcRak7Ar3hljFLME",1,"e3",2,3,"nonVeridical","1"
"1349","c3","10/6/21 14:13","three_pos_8_4_0_12.csv",0,7,"10/6/21 14:27","0","Finish","0",0,"soccer_football_tennis_snowboarding_basketball","dUIcQcRak7Ar3hljFLME",1,"e3",3,3,"veridical","0"
"1350","c1","10/6/21 14:13","three_pos_8_4_0_12.csv",0,9,"10/6/21 14:27","0","Finish","0",0,"soccer_football_tennis_snowboarding_basketball","dUIcQcRak7Ar3hljFLME",1,"e3",1,3,"nonVeridical","2"
"1351","c3","10/6/21 14:13","three_pos_8_4_0_12.csv",0,9,"10/6/21 14:25","0","Finish","1",0,"skiing_snowboarding_football_basketball","ZF19kwicOPB5vWZ66ShS",2,"e1",3,1,"nonVeridical","0"
"1352","c1","10/6/21 14:13","three_pos_8_4_0_12.csv",0,9,"10/6/21 14:25","0","Finish","1",0,"skiing_snowboarding_football_basketball","ZF19kwicOPB5vWZ66ShS",2,"e1",1,1,"veridical","2"
"1353","c2","10/6/21 14:13","three_pos_8_4_0_12.csv",0,9,"10/6/21 14:25","0","Finish","1",0,"skiing_snowboarding_football_basketball","ZF19kwicOPB5vWZ66ShS",2,"e1",2,1,"nonVeridical","1"
"1354","c3","10/6/21 14:13","three_pos_8_4_0_12.csv",0,10,"10/6/21 14:25","0","Finish","1",0,"skiing_snowboarding_football_basketball","ZF19kwicOPB5vWZ66ShS",2,"e2",3,2,"nonVeridical","0"
"1355","c1","10/6/21 14:13","three_pos_8_4_0_12.csv",0,8,"10/6/21 14:25","0","Finish","1",0,"skiing_snowboarding_football_basketball","ZF19kwicOPB5vWZ66ShS",2,"e2",1,2,"nonVeridical","2"
"1356","c2","10/6/21 14:13","three_pos_8_4_0_12.csv",0,7,"10/6/21 14:25","0","Finish","1",0,"skiing_snowboarding_football_basketball","ZF19kwicOPB5vWZ66ShS",2,"e2",2,2,"veridical","1"
"1357","c3","10/6/21 14:13","three_pos_8_4_0_12.csv",0,8,"10/6/21 14:25","0","Finish","1",0,"skiing_snowboarding_football_basketball","ZF19kwicOPB5vWZ66ShS",2,"e3",3,3,"veridical","0"
"1358","c1","10/6/21 14:13","three_pos_8_4_0_12.csv",0,8,"10/6/21 14:25","0","Finish","1",0,"skiing_snowboarding_football_basketball","ZF19kwicOPB5vWZ66ShS",2,"e3",1,3,"nonVeridical","2"
"1359","c2","10/6/21 14:13","three_pos_8_4_0_12.csv",0,9,"10/6/21 14:25","0","Finish","1",0,"skiing_snowboarding_football_basketball","ZF19kwicOPB5vWZ66ShS",2,"e3",2,3,"nonVeridical","1"
"1360","c3","10/6/21 14:13","three_pos_9_3_3_9.csv",0,4,"10/6/21 14:31","0","Finish","0",0,"","t8lcqWs4a3kXH01E4S6F",2,"e1",3,1,"nonVeridical","0"
"1361","c1","10/6/21 14:13","three_pos_9_3_3_9.csv",0,6,"10/6/21 14:31","0","Finish","0",0,"","t8lcqWs4a3kXH01E4S6F",2,"e1",1,1,"veridical","2"
"1362","c2","10/6/21 14:13","three_pos_9_3_3_9.csv",0,4,"10/6/21 14:31","0","Finish","0",0,"","t8lcqWs4a3kXH01E4S6F",2,"e1",2,1,"nonVeridical","1"
"1363","c3","10/6/21 14:13","three_pos_9_3_3_9.csv",0,3,"10/6/21 14:31","0","Finish","0",0,"","t8lcqWs4a3kXH01E4S6F",2,"e2",3,2,"nonVeridical","0"
"1364","c1","10/6/21 14:13","three_pos_9_3_3_9.csv",0,7,"10/6/21 14:31","0","Finish","0",0,"","t8lcqWs4a3kXH01E4S6F",2,"e2",1,2,"nonVeridical","2"
"1365","c2","10/6/21 14:13","three_pos_9_3_3_9.csv",0,5,"10/6/21 14:31","0","Finish","0",0,"","t8lcqWs4a3kXH01E4S6F",2,"e2",2,2,"veridical","1"
"1366","c3","10/6/21 14:13","three_pos_9_3_3_9.csv",0,6,"10/6/21 14:31","0","Finish","0",0,"","t8lcqWs4a3kXH01E4S6F",2,"e3",3,3,"veridical","0"
"1367","c1","10/6/21 14:13","three_pos_9_3_3_9.csv",0,5,"10/6/21 14:31","0","Finish","0",0,"","t8lcqWs4a3kXH01E4S6F",2,"e3",1,3,"nonVeridical","2"
"1368","c2","10/6/21 14:13","three_pos_9_3_3_9.csv",0,3,"10/6/21 14:31","0","Finish","0",0,"","t8lcqWs4a3kXH01E4S6F",2,"e3",2,3,"nonVeridical","1"
"1369","c2","10/6/21 14:13","three_pos_10_2_0_12.csv",0,6,"10/6/21 14:30","1","Finish","2",0,"football_tennis_soccer_basketball_snowboarding_skiing_cycling_running_hockey","xoVXKaTew2otjFcUHVYX",1,"e1",2,1,"nonVeridical","1"
"1370","c3","10/6/21 14:13","three_pos_10_2_0_12.csv",0,6,"10/6/21 14:30","1","Finish","2",0,"football_tennis_soccer_basketball_snowboarding_skiing_cycling_running_hockey","xoVXKaTew2otjFcUHVYX",1,"e1",3,1,"nonVeridical","0"
"1371","c1","10/6/21 14:13","three_pos_10_2_0_12.csv",0,5,"10/6/21 14:30","1","Finish","2",0,"football_tennis_soccer_basketball_snowboarding_skiing_cycling_running_hockey","xoVXKaTew2otjFcUHVYX",1,"e1",1,1,"veridical","2"
"1372","c2","10/6/21 14:13","three_pos_10_2_0_12.csv",0,4,"10/6/21 14:30","1","Finish","2",0,"football_tennis_soccer_basketball_snowboarding_skiing_cycling_running_hockey","xoVXKaTew2otjFcUHVYX",1,"e2",2,2,"veridical","1"
"1373","c3","10/6/21 14:13","three_pos_10_2_0_12.csv",0,6,"10/6/21 14:30","1","Finish","2",0,"football_tennis_soccer_basketball_snowboarding_skiing_cycling_running_hockey","xoVXKaTew2otjFcUHVYX",1,"e2",3,2,"nonVeridical","0"
"1374","c1","10/6/21 14:13","three_pos_10_2_0_12.csv",0,6,"10/6/21 14:30","1","Finish","2",0,"football_tennis_soccer_basketball_snowboarding_skiing_cycling_running_hockey","xoVXKaTew2otjFcUHVYX",1,"e2",1,2,"nonVeridical","2"
"1375","c2","10/6/21 14:13","three_pos_10_2_0_12.csv",0,7,"10/6/21 14:30","1","Finish","2",0,"football_tennis_soccer_basketball_snowboarding_skiing_cycling_running_hockey","xoVXKaTew2otjFcUHVYX",1,"e3",2,3,"nonVeridical","1"
"1376","c3","10/6/21 14:13","three_pos_10_2_0_12.csv",0,4,"10/6/21 14:30","1","Finish","2",0,"football_tennis_soccer_basketball_snowboarding_skiing_cycling_running_hockey","xoVXKaTew2otjFcUHVYX",1,"e3",3,3,"veridical","0"
"1377","c1","10/6/21 14:13","three_pos_10_2_0_12.csv",0,5,"10/6/21 14:30","1","Finish","2",0,"football_tennis_soccer_basketball_snowboarding_skiing_cycling_running_hockey","xoVXKaTew2otjFcUHVYX",1,"e3",1,3,"nonVeridical","2"
"1378","c1","10/6/21 14:14","three_pos_8_4_0_12.csv",0,10,"10/6/21 14:23","0","Finish","0",1,"","sFdYyUyr0IsZkYiobJpq",3,"e1",1,1,"veridical","2"
"1379","c2","10/6/21 14:14","three_pos_8_4_0_12.csv",0,0,"10/6/21 14:23","0","Finish","0",1,"","sFdYyUyr0IsZkYiobJpq",3,"e1",2,1,"nonVeridical","1"
"1380","c3","10/6/21 14:14","three_pos_8_4_0_12.csv",0,0,"10/6/21 14:23","0","Finish","0",1,"","sFdYyUyr0IsZkYiobJpq",3,"e1",3,1,"nonVeridical","0"
"1381","c1","10/6/21 14:14","three_pos_8_4_0_12.csv",0,0,"10/6/21 14:23","0","Finish","0",1,"","sFdYyUyr0IsZkYiobJpq",3,"e2",1,2,"nonVeridical","2"
"1382","c2","10/6/21 14:14","three_pos_8_4_0_12.csv",0,5,"10/6/21 14:23","0","Finish","0",1,"","sFdYyUyr0IsZkYiobJpq",3,"e2",2,2,"veridical","1"
"1383","c3","10/6/21 14:14","three_pos_8_4_0_12.csv",0,4,"10/6/21 14:23","0","Finish","0",1,"","sFdYyUyr0IsZkYiobJpq",3,"e2",3,2,"nonVeridical","0"
"1384","c1","10/6/21 14:14","three_pos_8_4_0_12.csv",0,0,"10/6/21 14:23","0","Finish","0",1,"","sFdYyUyr0IsZkYiobJpq",3,"e3",1,3,"nonVeridical","2"
"1385","c2","10/6/21 14:14","three_pos_8_4_0_12.csv",0,0,"10/6/21 14:23","0","Finish","0",1,"","sFdYyUyr0IsZkYiobJpq",3,"e3",2,3,"nonVeridical","1"
"1386","c3","10/6/21 14:14","three_pos_8_4_0_12.csv",0,10,"10/6/21 14:23","0","Finish","0",1,"","sFdYyUyr0IsZkYiobJpq",3,"e3",3,3,"veridical","0"
"1387","c3","10/6/21 14:14","three_pos_9_3_3_9.csv",0,7,"10/6/21 14:25","0","Finish","0",1,"","RhwHt4emjBc9iFPOT7Pa",1,"e1",3,1,"nonVeridical","0"
"1388","c2","10/6/21 14:14","three_pos_9_3_3_9.csv",0,7,"10/6/21 14:25","0","Finish","0",1,"","RhwHt4emjBc9iFPOT7Pa",1,"e1",2,1,"nonVeridical","1"
"1389","c1","10/6/21 14:14","three_pos_9_3_3_9.csv",0,5,"10/6/21 14:25","0","Finish","0",1,"","RhwHt4emjBc9iFPOT7Pa",1,"e1",1,1,"veridical","2"
"1390","c3","10/6/21 14:14","three_pos_9_3_3_9.csv",0,6,"10/6/21 14:25","0","Finish","0",1,"","RhwHt4emjBc9iFPOT7Pa",1,"e2",3,2,"nonVeridical","0"
"1391","c2","10/6/21 14:14","three_pos_9_3_3_9.csv",0,8,"10/6/21 14:25","0","Finish","0",1,"","RhwHt4emjBc9iFPOT7Pa",1,"e2",2,2,"veridical","1"
"1392","c1","10/6/21 14:14","three_pos_9_3_3_9.csv",0,4,"10/6/21 14:25","0","Finish","0",1,"","RhwHt4emjBc9iFPOT7Pa",1,"e2",1,2,"nonVeridical","2"
"1393","c3","10/6/21 14:14","three_pos_9_3_3_9.csv",0,6,"10/6/21 14:25","0","Finish","0",1,"","RhwHt4emjBc9iFPOT7Pa",1,"e3",3,3,"veridical","0"
"1394","c2","10/6/21 14:14","three_pos_9_3_3_9.csv",0,8,"10/6/21 14:25","0","Finish","0",1,"","RhwHt4emjBc9iFPOT7Pa",1,"e3",2,3,"nonVeridical","1"
"1395","c1","10/6/21 14:14","three_pos_9_3_3_9.csv",0,7,"10/6/21 14:25","0","Finish","0",1,"","RhwHt4emjBc9iFPOT7Pa",1,"e3",1,3,"nonVeridical","2"
"1396","c2","10/6/21 14:14","three_pos_10_2_0_12.csv",0,5,"10/6/21 14:23","0","Finish","0",1,"","rwFM6OmZSSBBH5E3JbvA",2,"e1",2,1,"nonVeridical","1"
"1397","c1","10/6/21 14:14","three_pos_10_2_0_12.csv",0,5,"10/6/21 14:23","0","Finish","0",1,"","rwFM6OmZSSBBH5E3JbvA",2,"e1",1,1,"veridical","2"
"1398","c3","10/6/21 14:14","three_pos_10_2_0_12.csv",0,5,"10/6/21 14:23","0","Finish","0",1,"","rwFM6OmZSSBBH5E3JbvA",2,"e1",3,1,"nonVeridical","0"
"1399","c2","10/6/21 14:14","three_pos_10_2_0_12.csv",0,6,"10/6/21 14:23","0","Finish","0",1,"","rwFM6OmZSSBBH5E3JbvA",2,"e2",2,2,"veridical","1"
"1400","c1","10/6/21 14:14","three_pos_10_2_0_12.csv",0,5,"10/6/21 14:23","0","Finish","0",1,"","rwFM6OmZSSBBH5E3JbvA",2,"e2",1,2,"nonVeridical","2"
"1401","c3","10/6/21 14:14","three_pos_10_2_0_12.csv",0,6,"10/6/21 14:23","0","Finish","0",1,"","rwFM6OmZSSBBH5E3JbvA",2,"e2",3,2,"nonVeridical","0"
"1402","c2","10/6/21 14:14","three_pos_10_2_0_12.csv",0,5,"10/6/21 14:23","0","Finish","0",1,"","rwFM6OmZSSBBH5E3JbvA",2,"e3",2,3,"nonVeridical","1"
"1403","c1","10/6/21 14:14","three_pos_10_2_0_12.csv",0,3,"10/6/21 14:23","0","Finish","0",1,"","rwFM6OmZSSBBH5E3JbvA",2,"e3",1,3,"nonVeridical","2"
"1404","c3","10/6/21 14:14","three_pos_10_2_0_12.csv",0,5,"10/6/21 14:23","0","Finish","0",1,"","rwFM6OmZSSBBH5E3JbvA",2,"e3",3,3,"veridical","0"
"1405","c3","10/6/21 14:14","three_pos_9_3_3_9.csv",0,2,"10/6/21 14:24","0","Finish","0",1,"","nK4pLs5URmynDXVPmZ4I",3,"e1",3,1,"nonVeridical","0"
"1406","c2","10/6/21 14:14","three_pos_9_3_3_9.csv",0,6,"10/6/21 14:24","0","Finish","0",1,"","nK4pLs5URmynDXVPmZ4I",3,"e1",2,1,"nonVeridical","1"
"1407","c1","10/6/21 14:14","three_pos_9_3_3_9.csv",0,8,"10/6/21 14:24","0","Finish","0",1,"","nK4pLs5URmynDXVPmZ4I",3,"e1",1,1,"veridical","2"
"1408","c3","10/6/21 14:14","three_pos_9_3_3_9.csv",0,6,"10/6/21 14:24","0","Finish","0",1,"","nK4pLs5URmynDXVPmZ4I",3,"e2",3,2,"nonVeridical","0"
"1409","c2","10/6/21 14:14","three_pos_9_3_3_9.csv",0,9,"10/6/21 14:24","0","Finish","0",1,"","nK4pLs5URmynDXVPmZ4I",3,"e2",2,2,"veridical","1"
"1410","c1","10/6/21 14:14","three_pos_9_3_3_9.csv",0,0,"10/6/21 14:24","0","Finish","0",1,"","nK4pLs5URmynDXVPmZ4I",3,"e2",1,2,"nonVeridical","2"
"1411","c3","10/6/21 14:14","three_pos_9_3_3_9.csv",0,7,"10/6/21 14:24","0","Finish","0",1,"","nK4pLs5URmynDXVPmZ4I",3,"e3",3,3,"veridical","0"
"1412","c2","10/6/21 14:14","three_pos_9_3_3_9.csv",0,2,"10/6/21 14:24","0","Finish","0",1,"","nK4pLs5URmynDXVPmZ4I",3,"e3",2,3,"nonVeridical","1"
"1413","c1","10/6/21 14:14","three_pos_9_3_3_9.csv",0,2,"10/6/21 14:24","0","Finish","0",1,"","nK4pLs5URmynDXVPmZ4I",3,"e3",1,3,"nonVeridical","2"
"1414","c2","10/6/21 14:15","three_pos_8_4_0_12.csv",0,9,"10/6/21 14:21","0","Finish","0",1,"","JHy7exGFpUsb1v00nlrn",1,"e1",2,1,"nonVeridical","1"
"1415","c1","10/6/21 14:15","three_pos_8_4_0_12.csv",0,0,"10/6/21 14:21","0","Finish","0",1,"","JHy7exGFpUsb1v00nlrn",1,"e1",1,1,"veridical","2"
"1416","c3","10/6/21 14:15","three_pos_8_4_0_12.csv",0,3,"10/6/21 14:21","0","Finish","0",1,"","JHy7exGFpUsb1v00nlrn",1,"e1",3,1,"nonVeridical","0"
"1417","c2","10/6/21 14:15","three_pos_8_4_0_12.csv",0,2,"10/6/21 14:21","0","Finish","0",1,"","JHy7exGFpUsb1v00nlrn",1,"e2",2,2,"veridical","1"
"1418","c1","10/6/21 14:15","three_pos_8_4_0_12.csv",0,0,"10/6/21 14:21","0","Finish","0",1,"","JHy7exGFpUsb1v00nlrn",1,"e2",1,2,"nonVeridical","2"
"1419","c3","10/6/21 14:15","three_pos_8_4_0_12.csv",0,5,"10/6/21 14:21","0","Finish","0",1,"","JHy7exGFpUsb1v00nlrn",1,"e2",3,2,"nonVeridical","0"
"1420","c2","10/6/21 14:15","three_pos_8_4_0_12.csv",0,3,"10/6/21 14:21","0","Finish","0",1,"","JHy7exGFpUsb1v00nlrn",1,"e3",2,3,"nonVeridical","1"
"1421","c1","10/6/21 14:15","three_pos_8_4_0_12.csv",0,1,"10/6/21 14:21","0","Finish","0",1,"","JHy7exGFpUsb1v00nlrn",1,"e3",1,3,"nonVeridical","2"
"1422","c3","10/6/21 14:15","three_pos_8_4_0_12.csv",0,8,"10/6/21 14:21","0","Finish","0",1,"","JHy7exGFpUsb1v00nlrn",1,"e3",3,3,"veridical","0"
"1423","c3","10/6/21 14:15","three_pos_8_4_0_12.csv",0,6,"10/6/21 14:36","0","Finish","0",1,"","0rVSrHBxWzxpsNkIkZOR",2,"e1",3,1,"nonVeridical","0"
"1424","c1","10/6/21 14:15","three_pos_8_4_0_12.csv",0,8,"10/6/21 14:36","0","Finish","0",1,"","0rVSrHBxWzxpsNkIkZOR",2,"e1",1,1,"veridical","2"
"1425","c2","10/6/21 14:15","three_pos_8_4_0_12.csv",0,0,"10/6/21 14:36","0","Finish","0",1,"","0rVSrHBxWzxpsNkIkZOR",2,"e1",2,1,"nonVeridical","1"
"1426","c3","10/6/21 14:15","three_pos_8_4_0_12.csv",0,8,"10/6/21 14:36","0","Finish","0",1,"","0rVSrHBxWzxpsNkIkZOR",2,"e2",3,2,"nonVeridical","0"
"1427","c1","10/6/21 14:15","three_pos_8_4_0_12.csv",0,2,"10/6/21 14:36","0","Finish","0",1,"","0rVSrHBxWzxpsNkIkZOR",2,"e2",1,2,"nonVeridical","2"
"1428","c2","10/6/21 14:15","three_pos_8_4_0_12.csv",0,9,"10/6/21 14:36","0","Finish","0",1,"","0rVSrHBxWzxpsNkIkZOR",2,"e2",2,2,"veridical","1"
"1429","c3","10/6/21 14:15","three_pos_8_4_0_12.csv",0,10,"10/6/21 14:36","0","Finish","0",1,"","0rVSrHBxWzxpsNkIkZOR",2,"e3",3,3,"veridical","0"
"1430","c1","10/6/21 14:15","three_pos_8_4_0_12.csv",0,10,"10/6/21 14:36","0","Finish","0",1,"","0rVSrHBxWzxpsNkIkZOR",2,"e3",1,3,"nonVeridical","2"
"1431","c2","10/6/21 14:15","three_pos_8_4_0_12.csv",0,8,"10/6/21 14:36","0","Finish","0",1,"","0rVSrHBxWzxpsNkIkZOR",2,"e3",2,3,"nonVeridical","1"
"1432","c3","10/6/21 14:15","three_pos_10_2_0_12.csv",0,7,"10/6/21 14:24","0","Finish","0",1,"","FQkSxzVDATHMo20DKsug",1,"e1",3,1,"nonVeridical","0"
"1433","c1","10/6/21 14:15","three_pos_10_2_0_12.csv",0,5,"10/6/21 14:24","0","Finish","0",1,"","FQkSxzVDATHMo20DKsug",1,"e1",1,1,"veridical","2"
"1434","c2","10/6/21 14:15","three_pos_10_2_0_12.csv",0,4,"10/6/21 14:24","0","Finish","0",1,"","FQkSxzVDATHMo20DKsug",1,"e1",2,1,"nonVeridical","1"
"1435","c3","10/6/21 14:15","three_pos_10_2_0_12.csv",0,9,"10/6/21 14:24","0","Finish","0",1,"","FQkSxzVDATHMo20DKsug",1,"e2",3,2,"nonVeridical","0"
"1436","c1","10/6/21 14:15","three_pos_10_2_0_12.csv",0,6,"10/6/21 14:24","0","Finish","0",1,"","FQkSxzVDATHMo20DKsug",1,"e2",1,2,"nonVeridical","2"
"1437","c2","10/6/21 14:15","three_pos_10_2_0_12.csv",0,6,"10/6/21 14:24","0","Finish","0",1,"","FQkSxzVDATHMo20DKsug",1,"e2",2,2,"veridical","1"
"1438","c3","10/6/21 14:15","three_pos_10_2_0_12.csv",0,8,"10/6/21 14:24","0","Finish","0",1,"","FQkSxzVDATHMo20DKsug",1,"e3",3,3,"veridical","0"
"1439","c1","10/6/21 14:15","three_pos_10_2_0_12.csv",0,8,"10/6/21 14:24","0","Finish","0",1,"","FQkSxzVDATHMo20DKsug",1,"e3",1,3,"nonVeridical","2"
"1440","c2","10/6/21 14:15","three_pos_10_2_0_12.csv",0,6,"10/6/21 14:24","0","Finish","0",1,"","FQkSxzVDATHMo20DKsug",1,"e3",2,3,"nonVeridical","1"
"1441","c2","10/6/21 14:15","three_pos_9_3_3_9.csv",0,8,"10/6/21 14:34","0","Finish","0",0,"running","7PbbOdd0gJVHd5s2vGzn",2,"e1",2,1,"nonVeridical","1"
"1442","c3","10/6/21 14:15","three_pos_9_3_3_9.csv",0,7,"10/6/21 14:34","0","Finish","0",0,"running","7PbbOdd0gJVHd5s2vGzn",2,"e1",3,1,"nonVeridical","0"
"1443","c1","10/6/21 14:15","three_pos_9_3_3_9.csv",0,7,"10/6/21 14:34","0","Finish","0",0,"running","7PbbOdd0gJVHd5s2vGzn",2,"e1",1,1,"veridical","2"
"1444","c2","10/6/21 14:15","three_pos_9_3_3_9.csv",0,8,"10/6/21 14:34","0","Finish","0",0,"running","7PbbOdd0gJVHd5s2vGzn",2,"e2",2,2,"veridical","1"
"1445","c3","10/6/21 14:15","three_pos_9_3_3_9.csv",0,8,"10/6/21 14:34","0","Finish","0",0,"running","7PbbOdd0gJVHd5s2vGzn",2,"e2",3,2,"nonVeridical","0"
"1446","c1","10/6/21 14:15","three_pos_9_3_3_9.csv",0,6,"10/6/21 14:34","0","Finish","0",0,"running","7PbbOdd0gJVHd5s2vGzn",2,"e2",1,2,"nonVeridical","2"
"1447","c2","10/6/21 14:15","three_pos_9_3_3_9.csv",0,8,"10/6/21 14:34","0","Finish","0",0,"running","7PbbOdd0gJVHd5s2vGzn",2,"e3",2,3,"nonVeridical","1"
"1448","c3","10/6/21 14:15","three_pos_9_3_3_9.csv",0,5,"10/6/21 14:34","0","Finish","0",0,"running","7PbbOdd0gJVHd5s2vGzn",2,"e3",3,3,"veridical","0"
"1449","c1","10/6/21 14:15","three_pos_9_3_3_9.csv",0,5,"10/6/21 14:34","0","Finish","0",0,"running","7PbbOdd0gJVHd5s2vGzn",2,"e3",1,3,"nonVeridical","2"
"1450","c2","10/6/21 14:15","three_pos_8_4_0_12.csv",0,4,"10/6/21 14:27","0","Finish","0",1,"","Ez88Ag6hC3KBke2Om3x3",1,"e1",2,1,"nonVeridical","1"
"1451","c3","10/6/21 14:15","three_pos_8_4_0_12.csv",0,5,"10/6/21 14:27","0","Finish","0",1,"","Ez88Ag6hC3KBke2Om3x3",1,"e1",3,1,"nonVeridical","0"
"1452","c1","10/6/21 14:15","three_pos_8_4_0_12.csv",0,7,"10/6/21 14:27","0","Finish","0",1,"","Ez88Ag6hC3KBke2Om3x3",1,"e1",1,1,"veridical","2"
"1453","c2","10/6/21 14:15","three_pos_8_4_0_12.csv",0,8,"10/6/21 14:27","0","Finish","0",1,"","Ez88Ag6hC3KBke2Om3x3",1,"e2",2,2,"veridical","1"
"1454","c3","10/6/21 14:15","three_pos_8_4_0_12.csv",0,3,"10/6/21 14:27","0","Finish","0",1,"","Ez88Ag6hC3KBke2Om3x3",1,"e2",3,2,"nonVeridical","0"
"1455","c1","10/6/21 14:15","three_pos_8_4_0_12.csv",0,3,"10/6/21 14:27","0","Finish","0",1,"","Ez88Ag6hC3KBke2Om3x3",1,"e2",1,2,"nonVeridical","2"
"1456","c2","10/6/21 14:15","three_pos_8_4_0_12.csv",0,3,"10/6/21 14:27","0","Finish","0",1,"","Ez88Ag6hC3KBke2Om3x3",1,"e3",2,3,"nonVeridical","1"
"1457","c3","10/6/21 14:15","three_pos_8_4_0_12.csv",0,8,"10/6/21 14:27","0","Finish","0",1,"","Ez88Ag6hC3KBke2Om3x3",1,"e3",3,3,"veridical","0"
"1458","c1","10/6/21 14:15","three_pos_8_4_0_12.csv",0,1,"10/6/21 14:27","0","Finish","0",1,"","Ez88Ag6hC3KBke2Om3x3",1,"e3",1,3,"nonVeridical","2"
"1459","c1","10/6/21 14:16","three_pos_10_2_0_12.csv",0,5,"10/6/21 14:29","0","Finish","0",1,"","Tw2zT4lgx7Sf1bnPAdHM",3,"e1",1,1,"veridical","2"
"1460","c2","10/6/21 14:16","three_pos_10_2_0_12.csv",0,5,"10/6/21 14:29","0","Finish","0",1,"","Tw2zT4lgx7Sf1bnPAdHM",3,"e1",2,1,"nonVeridical","1"
"1461","c3","10/6/21 14:16","three_pos_10_2_0_12.csv",0,10,"10/6/21 14:29","0","Finish","0",1,"","Tw2zT4lgx7Sf1bnPAdHM",3,"e1",3,1,"nonVeridical","0"
"1462","c1","10/6/21 14:16","three_pos_10_2_0_12.csv",0,0,"10/6/21 14:29","0","Finish","0",1,"","Tw2zT4lgx7Sf1bnPAdHM",3,"e2",1,2,"nonVeridical","2"
"1463","c2","10/6/21 14:16","three_pos_10_2_0_12.csv",0,8,"10/6/21 14:29","0","Finish","0",1,"","Tw2zT4lgx7Sf1bnPAdHM",3,"e2",2,2,"veridical","1"
"1464","c3","10/6/21 14:16","three_pos_10_2_0_12.csv",0,10,"10/6/21 14:29","0","Finish","0",1,"","Tw2zT4lgx7Sf1bnPAdHM",3,"e2",3,2,"nonVeridical","0"
"1465","c1","10/6/21 14:16","three_pos_10_2_0_12.csv",0,2,"10/6/21 14:29","0","Finish","0",1,"","Tw2zT4lgx7Sf1bnPAdHM",3,"e3",1,3,"nonVeridical","2"
"1466","c2","10/6/21 14:16","three_pos_10_2_0_12.csv",0,5,"10/6/21 14:29","0","Finish","0",1,"","Tw2zT4lgx7Sf1bnPAdHM",3,"e3",2,3,"nonVeridical","1"
"1467","c3","10/6/21 14:16","three_pos_10_2_0_12.csv",0,5,"10/6/21 14:29","0","Finish","0",1,"","Tw2zT4lgx7Sf1bnPAdHM",3,"e3",3,3,"veridical","0"
"1468","c2","10/6/21 14:16","three_pos_9_3_3_9.csv",0,2,"10/6/21 14:28","0","Finish","0",1,"","Hy5biHfb0rITCClMp6QW",3,"e1",2,1,"nonVeridical","1"
"1469","c3","10/6/21 14:16","three_pos_9_3_3_9.csv",0,7,"10/6/21 14:28","0","Finish","0",1,"","Hy5biHfb0rITCClMp6QW",3,"e1",3,1,"nonVeridical","0"
"1470","c1","10/6/21 14:16","three_pos_9_3_3_9.csv",0,1,"10/6/21 14:28","0","Finish","0",1,"","Hy5biHfb0rITCClMp6QW",3,"e1",1,1,"veridical","2"
"1471","c2","10/6/21 14:16","three_pos_9_3_3_9.csv",0,10,"10/6/21 14:28","0","Finish","0",1,"","Hy5biHfb0rITCClMp6QW",3,"e2",2,2,"veridical","1"
"1472","c3","10/6/21 14:16","three_pos_9_3_3_9.csv",0,1,"10/6/21 14:28","0","Finish","0",1,"","Hy5biHfb0rITCClMp6QW",3,"e2",3,2,"nonVeridical","0"
"1473","c1","10/6/21 14:16","three_pos_9_3_3_9.csv",0,8,"10/6/21 14:28","0","Finish","0",1,"","Hy5biHfb0rITCClMp6QW",3,"e2",1,2,"nonVeridical","2"
"1474","c2","10/6/21 14:16","three_pos_9_3_3_9.csv",0,4,"10/6/21 14:28","0","Finish","0",1,"","Hy5biHfb0rITCClMp6QW",3,"e3",2,3,"nonVeridical","1"
"1475","c3","10/6/21 14:16","three_pos_9_3_3_9.csv",0,8,"10/6/21 14:28","0","Finish","0",1,"","Hy5biHfb0rITCClMp6QW",3,"e3",3,3,"veridical","0"
"1476","c1","10/6/21 14:16","three_pos_9_3_3_9.csv",0,1,"10/6/21 14:28","0","Finish","0",1,"","Hy5biHfb0rITCClMp6QW",3,"e3",1,3,"nonVeridical","2"
"1477","c2","10/6/21 14:16","three_pos_9_3_3_9.csv",0,3,"10/6/21 14:40","0","Finish","0",1,"","y6qQH06vtcX6eXgfVPPm",1,"e1",2,1,"nonVeridical","1"
"1478","c1","10/6/21 14:16","three_pos_9_3_3_9.csv",0,3,"10/6/21 14:40","0","Finish","0",1,"","y6qQH06vtcX6eXgfVPPm",1,"e1",1,1,"veridical","2"
"1479","c3","10/6/21 14:16","three_pos_9_3_3_9.csv",0,5,"10/6/21 14:40","0","Finish","0",1,"","y6qQH06vtcX6eXgfVPPm",1,"e1",3,1,"nonVeridical","0"
"1480","c2","10/6/21 14:16","three_pos_9_3_3_9.csv",0,3,"10/6/21 14:40","0","Finish","0",1,"","y6qQH06vtcX6eXgfVPPm",1,"e2",2,2,"veridical","1"
"1481","c1","10/6/21 14:16","three_pos_9_3_3_9.csv",0,3,"10/6/21 14:40","0","Finish","0",1,"","y6qQH06vtcX6eXgfVPPm",1,"e2",1,2,"nonVeridical","2"
"1482","c3","10/6/21 14:16","three_pos_9_3_3_9.csv",0,3,"10/6/21 14:40","0","Finish","0",1,"","y6qQH06vtcX6eXgfVPPm",1,"e2",3,2,"nonVeridical","0"
"1483","c2","10/6/21 14:16","three_pos_9_3_3_9.csv",0,5,"10/6/21 14:40","0","Finish","0",1,"","y6qQH06vtcX6eXgfVPPm",1,"e3",2,3,"nonVeridical","1"
"1484","c1","10/6/21 14:16","three_pos_9_3_3_9.csv",0,3,"10/6/21 14:40","0","Finish","0",1,"","y6qQH06vtcX6eXgfVPPm",1,"e3",1,3,"nonVeridical","2"
"1485","c3","10/6/21 14:16","three_pos_9_3_3_9.csv",0,7,"10/6/21 14:40","0","Finish","0",1,"","y6qQH06vtcX6eXgfVPPm",1,"e3",3,3,"veridical","0"
"1486","c2","10/6/21 14:16","three_pos_10_2_0_12.csv",0,0,"10/6/21 14:25","0","Finish","0",1,"","frwfo8DUTXJP7FbIbkAv",2,"e1",2,1,"nonVeridical","1"
"1487","c1","10/6/21 14:16","three_pos_10_2_0_12.csv",0,9,"10/6/21 14:25","0","Finish","0",1,"","frwfo8DUTXJP7FbIbkAv",2,"e1",1,1,"veridical","2"
"1488","c3","10/6/21 14:16","three_pos_10_2_0_12.csv",0,0,"10/6/21 14:25","0","Finish","0",1,"","frwfo8DUTXJP7FbIbkAv",2,"e1",3,1,"nonVeridical","0"
"1489","c2","10/6/21 14:16","three_pos_10_2_0_12.csv",0,9,"10/6/21 14:25","0","Finish","0",1,"","frwfo8DUTXJP7FbIbkAv",2,"e2",2,2,"veridical","1"
"1490","c1","10/6/21 14:16","three_pos_10_2_0_12.csv",0,0,"10/6/21 14:25","0","Finish","0",1,"","frwfo8DUTXJP7FbIbkAv",2,"e2",1,2,"nonVeridical","2"
"1491","c3","10/6/21 14:16","three_pos_10_2_0_12.csv",0,0,"10/6/21 14:25","0","Finish","0",1,"","frwfo8DUTXJP7FbIbkAv",2,"e2",3,2,"nonVeridical","0"
"1492","c2","10/6/21 14:16","three_pos_10_2_0_12.csv",0,0,"10/6/21 14:25","0","Finish","0",1,"","frwfo8DUTXJP7FbIbkAv",2,"e3",2,3,"nonVeridical","1"
"1493","c1","10/6/21 14:16","three_pos_10_2_0_12.csv",0,0,"10/6/21 14:25","0","Finish","0",1,"","frwfo8DUTXJP7FbIbkAv",2,"e3",1,3,"nonVeridical","2"
"1494","c3","10/6/21 14:16","three_pos_10_2_0_12.csv",0,9,"10/6/21 14:25","0","Finish","0",1,"","frwfo8DUTXJP7FbIbkAv",2,"e3",3,3,"veridical","0"
"1495","c3","10/6/21 14:17","three_pos_8_4_0_12.csv",0,2,"10/6/21 14:32","0","Finish","0",1,"","0Jaqc9PULlQHZAOt4rA6",2,"e1",3,1,"nonVeridical","0"
"1496","c1","10/6/21 14:17","three_pos_8_4_0_12.csv",0,6,"10/6/21 14:32","0","Finish","0",1,"","0Jaqc9PULlQHZAOt4rA6",2,"e1",1,1,"veridical","2"
"1497","c2","10/6/21 14:17","three_pos_8_4_0_12.csv",0,6,"10/6/21 14:32","0","Finish","0",1,"","0Jaqc9PULlQHZAOt4rA6",2,"e1",2,1,"nonVeridical","1"
"1498","c3","10/6/21 14:17","three_pos_8_4_0_12.csv",0,1,"10/6/21 14:32","0","Finish","0",1,"","0Jaqc9PULlQHZAOt4rA6",2,"e2",3,2,"nonVeridical","0"
"1499","c1","10/6/21 14:17","three_pos_8_4_0_12.csv",0,3,"10/6/21 14:32","0","Finish","0",1,"","0Jaqc9PULlQHZAOt4rA6",2,"e2",1,2,"nonVeridical","2"
"1500","c2","10/6/21 14:17","three_pos_8_4_0_12.csv",0,7,"10/6/21 14:32","0","Finish","0",1,"","0Jaqc9PULlQHZAOt4rA6",2,"e2",2,2,"veridical","1"
"1501","c3","10/6/21 14:17","three_pos_8_4_0_12.csv",0,2,"10/6/21 14:32","0","Finish","0",1,"","0Jaqc9PULlQHZAOt4rA6",2,"e3",3,3,"veridical","0"
"1502","c1","10/6/21 14:17","three_pos_8_4_0_12.csv",0,6,"10/6/21 14:32","0","Finish","0",1,"","0Jaqc9PULlQHZAOt4rA6",2,"e3",1,3,"nonVeridical","2"
"1503","c2","10/6/21 14:17","three_pos_8_4_0_12.csv",0,6,"10/6/21 14:32","0","Finish","0",1,"","0Jaqc9PULlQHZAOt4rA6",2,"e3",2,3,"nonVeridical","1"
"1504","c3","10/6/21 14:17","three_pos_10_2_0_12.csv",0,6,"10/6/21 14:33","0","Finish","0",0,"","OJEzi7v4pCRSawuzxldI",1,"e1",3,1,"nonVeridical","0"
"1505","c2","10/6/21 14:17","three_pos_10_2_0_12.csv",0,5,"10/6/21 14:33","0","Finish","0",0,"","OJEzi7v4pCRSawuzxldI",1,"e1",2,1,"nonVeridical","1"
"1506","c1","10/6/21 14:17","three_pos_10_2_0_12.csv",0,7,"10/6/21 14:33","0","Finish","0",0,"","OJEzi7v4pCRSawuzxldI",1,"e1",1,1,"veridical","2"
"1507","c3","10/6/21 14:17","three_pos_10_2_0_12.csv",0,6,"10/6/21 14:33","0","Finish","0",0,"","OJEzi7v4pCRSawuzxldI",1,"e2",3,2,"nonVeridical","0"
"1508","c2","10/6/21 14:17","three_pos_10_2_0_12.csv",0,5,"10/6/21 14:33","0","Finish","0",0,"","OJEzi7v4pCRSawuzxldI",1,"e2",2,2,"veridical","1"
"1509","c1","10/6/21 14:17","three_pos_10_2_0_12.csv",0,9,"10/6/21 14:33","0","Finish","0",0,"","OJEzi7v4pCRSawuzxldI",1,"e2",1,2,"nonVeridical","2"
"1510","c3","10/6/21 14:17","three_pos_10_2_0_12.csv",0,5,"10/6/21 14:33","0","Finish","0",0,"","OJEzi7v4pCRSawuzxldI",1,"e3",3,3,"veridical","0"
"1511","c2","10/6/21 14:17","three_pos_10_2_0_12.csv",0,7,"10/6/21 14:33","0","Finish","0",0,"","OJEzi7v4pCRSawuzxldI",1,"e3",2,3,"nonVeridical","1"
"1512","c1","10/6/21 14:17","three_pos_10_2_0_12.csv",0,3,"10/6/21 14:33","0","Finish","0",0,"","OJEzi7v4pCRSawuzxldI",1,"e3",1,3,"nonVeridical","2"
"1513","c2","10/6/21 14:18","three_pos_10_2_0_12.csv",0,3,"10/6/21 14:35","0","Finish","1",0,"running_football_skiing","DDyKfJPy0s5zHemEsdgP",3,"e1",2,1,"nonVeridical","1"
"1514","c1","10/6/21 14:18","three_pos_10_2_0_12.csv",0,3,"10/6/21 14:35","0","Finish","1",0,"running_football_skiing","DDyKfJPy0s5zHemEsdgP",3,"e1",1,1,"veridical","2"
"1515","c3","10/6/21 14:18","three_pos_10_2_0_12.csv",0,4,"10/6/21 14:35","0","Finish","1",0,"running_football_skiing","DDyKfJPy0s5zHemEsdgP",3,"e1",3,1,"nonVeridical","0"
"1516","c2","10/6/21 14:18","three_pos_10_2_0_12.csv",0,5,"10/6/21 14:35","0","Finish","1",0,"running_football_skiing","DDyKfJPy0s5zHemEsdgP",3,"e2",2,2,"veridical","1"
"1517","c1","10/6/21 14:18","three_pos_10_2_0_12.csv",0,2,"10/6/21 14:35","0","Finish","1",0,"running_football_skiing","DDyKfJPy0s5zHemEsdgP",3,"e2",1,2,"nonVeridical","2"
"1518","c3","10/6/21 14:18","three_pos_10_2_0_12.csv",0,4,"10/6/21 14:35","0","Finish","1",0,"running_football_skiing","DDyKfJPy0s5zHemEsdgP",3,"e2",3,2,"nonVeridical","0"
"1519","c2","10/6/21 14:18","three_pos_10_2_0_12.csv",0,3,"10/6/21 14:35","0","Finish","1",0,"running_football_skiing","DDyKfJPy0s5zHemEsdgP",3,"e3",2,3,"nonVeridical","1"
"1520","c1","10/6/21 14:18","three_pos_10_2_0_12.csv",0,2,"10/6/21 14:35","0","Finish","1",0,"running_football_skiing","DDyKfJPy0s5zHemEsdgP",3,"e3",1,3,"nonVeridical","2"
"1521","c3","10/6/21 14:18","three_pos_10_2_0_12.csv",0,3,"10/6/21 14:35","0","Finish","1",0,"running_football_skiing","DDyKfJPy0s5zHemEsdgP",3,"e3",3,3,"veridical","0"
"1522","c2","10/6/21 14:19","three_pos_9_3_3_9.csv",0,7,"10/6/21 14:48","0","Finish","0",0,"","c7vF2cCU0zdydax876IN",2,"e1",2,1,"nonVeridical","1"
"1523","c1","10/6/21 14:19","three_pos_9_3_3_9.csv",0,6,"10/6/21 14:48","0","Finish","0",0,"","c7vF2cCU0zdydax876IN",2,"e1",1,1,"veridical","2"
"1524","c3","10/6/21 14:19","three_pos_9_3_3_9.csv",0,7,"10/6/21 14:48","0","Finish","0",0,"","c7vF2cCU0zdydax876IN",2,"e1",3,1,"nonVeridical","0"
"1525","c2","10/6/21 14:19","three_pos_9_3_3_9.csv",0,8,"10/6/21 14:48","0","Finish","0",0,"","c7vF2cCU0zdydax876IN",2,"e2",2,2,"veridical","1"
"1526","c1","10/6/21 14:19","three_pos_9_3_3_9.csv",0,6,"10/6/21 14:48","0","Finish","0",0,"","c7vF2cCU0zdydax876IN",2,"e2",1,2,"nonVeridical","2"
"1527","c3","10/6/21 14:19","three_pos_9_3_3_9.csv",0,6,"10/6/21 14:48","0","Finish","0",0,"","c7vF2cCU0zdydax876IN",2,"e2",3,2,"nonVeridical","0"
"1528","c2","10/6/21 14:19","three_pos_9_3_3_9.csv",0,8,"10/6/21 14:48","0","Finish","0",0,"","c7vF2cCU0zdydax876IN",2,"e3",2,3,"nonVeridical","1"
"1529","c1","10/6/21 14:19","three_pos_9_3_3_9.csv",0,7,"10/6/21 14:48","0","Finish","0",0,"","c7vF2cCU0zdydax876IN",2,"e3",1,3,"nonVeridical","2"
"1530","c3","10/6/21 14:19","three_pos_9_3_3_9.csv",0,7,"10/6/21 14:48","0","Finish","0",0,"","c7vF2cCU0zdydax876IN",2,"e3",3,3,"veridical","0"
"1531","c2","10/6/21 14:19","three_pos_8_4_0_12.csv",0,4,"10/6/21 14:41","0","Finish","1",0,"","88HBOmjltDfoGd1l0tDY",1,"e1",2,1,"nonVeridical","1"
"1532","c1","10/6/21 14:19","three_pos_8_4_0_12.csv",0,6,"10/6/21 14:41","0","Finish","1",0,"","88HBOmjltDfoGd1l0tDY",1,"e1",1,1,"veridical","2"
"1533","c3","10/6/21 14:19","three_pos_8_4_0_12.csv",0,6,"10/6/21 14:41","0","Finish","1",0,"","88HBOmjltDfoGd1l0tDY",1,"e1",3,1,"nonVeridical","0"
"1534","c2","10/6/21 14:19","three_pos_8_4_0_12.csv",0,5,"10/6/21 14:41","0","Finish","1",0,"","88HBOmjltDfoGd1l0tDY",1,"e2",2,2,"veridical","1"
"1535","c1","10/6/21 14:19","three_pos_8_4_0_12.csv",0,7,"10/6/21 14:41","0","Finish","1",0,"","88HBOmjltDfoGd1l0tDY",1,"e2",1,2,"nonVeridical","2"
"1536","c3","10/6/21 14:19","three_pos_8_4_0_12.csv",0,4,"10/6/21 14:41","0","Finish","1",0,"","88HBOmjltDfoGd1l0tDY",1,"e2",3,2,"nonVeridical","0"
"1537","c2","10/6/21 14:19","three_pos_8_4_0_12.csv",0,3,"10/6/21 14:41","0","Finish","1",0,"","88HBOmjltDfoGd1l0tDY",1,"e3",2,3,"nonVeridical","1"
"1538","c1","10/6/21 14:19","three_pos_8_4_0_12.csv",0,8,"10/6/21 14:41","0","Finish","1",0,"","88HBOmjltDfoGd1l0tDY",1,"e3",1,3,"nonVeridical","2"
"1539","c3","10/6/21 14:19","three_pos_8_4_0_12.csv",0,7,"10/6/21 14:41","0","Finish","1",0,"","88HBOmjltDfoGd1l0tDY",1,"e3",3,3,"veridical","0"
"1540","c3","10/6/21 14:19","three_pos_8_4_0_12.csv",0,9,"10/6/21 14:27","0","Finish","0",1,"","4uhsXpcXrnonSUaGIVC7",3,"e1",3,1,"nonVeridical","0"
"1541","c1","10/6/21 14:19","three_pos_8_4_0_12.csv",0,0,"10/6/21 14:27","0","Finish","0",1,"","4uhsXpcXrnonSUaGIVC7",3,"e1",1,1,"veridical","2"
"1542","c2","10/6/21 14:19","three_pos_8_4_0_12.csv",0,0,"10/6/21 14:27","0","Finish","0",1,"","4uhsXpcXrnonSUaGIVC7",3,"e1",2,1,"nonVeridical","1"
"1543","c3","10/6/21 14:19","three_pos_8_4_0_12.csv",0,4,"10/6/21 14:27","0","Finish","0",1,"","4uhsXpcXrnonSUaGIVC7",3,"e2",3,2,"nonVeridical","0"
"1544","c1","10/6/21 14:19","three_pos_8_4_0_12.csv",0,6,"10/6/21 14:27","0","Finish","0",1,"","4uhsXpcXrnonSUaGIVC7",3,"e2",1,2,"nonVeridical","2"
"1545","c2","10/6/21 14:19","three_pos_8_4_0_12.csv",0,0,"10/6/21 14:27","0","Finish","0",1,"","4uhsXpcXrnonSUaGIVC7",3,"e2",2,2,"veridical","1"
"1546","c3","10/6/21 14:19","three_pos_8_4_0_12.csv",0,2,"10/6/21 14:27","0","Finish","0",1,"","4uhsXpcXrnonSUaGIVC7",3,"e3",3,3,"veridical","0"
"1547","c1","10/6/21 14:19","three_pos_8_4_0_12.csv",0,2,"10/6/21 14:27","0","Finish","0",1,"","4uhsXpcXrnonSUaGIVC7",3,"e3",1,3,"nonVeridical","2"
"1548","c2","10/6/21 14:19","three_pos_8_4_0_12.csv",0,0,"10/6/21 14:27","0","Finish","0",1,"","4uhsXpcXrnonSUaGIVC7",3,"e3",2,3,"nonVeridical","1"
"1549","c1","10/6/21 14:19","three_pos_10_2_0_12.csv",0,6,"10/6/21 14:28","0","Finish","0",1,"","DdYjViBVzMAyu5RRlpaX",2,"e1",1,1,"veridical","2"
"1550","c2","10/6/21 14:19","three_pos_10_2_0_12.csv",0,7,"10/6/21 14:28","0","Finish","0",1,"","DdYjViBVzMAyu5RRlpaX",2,"e1",2,1,"nonVeridical","1"
"1551","c3","10/6/21 14:19","three_pos_10_2_0_12.csv",0,8,"10/6/21 14:28","0","Finish","0",1,"","DdYjViBVzMAyu5RRlpaX",2,"e1",3,1,"nonVeridical","0"
"1552","c1","10/6/21 14:19","three_pos_10_2_0_12.csv",0,4,"10/6/21 14:28","0","Finish","0",1,"","DdYjViBVzMAyu5RRlpaX",2,"e2",1,2,"nonVeridical","2"
"1553","c2","10/6/21 14:19","three_pos_10_2_0_12.csv",0,4,"10/6/21 14:28","0","Finish","0",1,"","DdYjViBVzMAyu5RRlpaX",2,"e2",2,2,"veridical","1"
"1554","c3","10/6/21 14:19","three_pos_10_2_0_12.csv",0,7,"10/6/21 14:28","0","Finish","0",1,"","DdYjViBVzMAyu5RRlpaX",2,"e2",3,2,"nonVeridical","0"
"1555","c1","10/6/21 14:19","three_pos_10_2_0_12.csv",0,7,"10/6/21 14:28","0","Finish","0",1,"","DdYjViBVzMAyu5RRlpaX",2,"e3",1,3,"nonVeridical","2"
"1556","c2","10/6/21 14:19","three_pos_10_2_0_12.csv",0,6,"10/6/21 14:28","0","Finish","0",1,"","DdYjViBVzMAyu5RRlpaX",2,"e3",2,3,"nonVeridical","1"
"1557","c3","10/6/21 14:19","three_pos_10_2_0_12.csv",0,4,"10/6/21 14:28","0","Finish","0",1,"","DdYjViBVzMAyu5RRlpaX",2,"e3",3,3,"veridical","0"
"1558","c3","10/6/21 14:19","three_pos_9_3_3_9.csv",0,8,"10/6/21 14:43","0","Finish","0",1,"","2gBQ40PQaNgY9nqrZeVE",3,"e1",3,1,"nonVeridical","0"
"1559","c1","10/6/21 14:19","three_pos_9_3_3_9.csv",0,6,"10/6/21 14:43","0","Finish","0",1,"","2gBQ40PQaNgY9nqrZeVE",3,"e1",1,1,"veridical","2"
"1560","c2","10/6/21 14:19","three_pos_9_3_3_9.csv",0,7,"10/6/21 14:43","0","Finish","0",1,"","2gBQ40PQaNgY9nqrZeVE",3,"e1",2,1,"nonVeridical","1"
"1561","c3","10/6/21 14:19","three_pos_9_3_3_9.csv",0,6,"10/6/21 14:43","0","Finish","0",1,"","2gBQ40PQaNgY9nqrZeVE",3,"e2",3,2,"nonVeridical","0"
"1562","c1","10/6/21 14:19","three_pos_9_3_3_9.csv",0,5,"10/6/21 14:43","0","Finish","0",1,"","2gBQ40PQaNgY9nqrZeVE",3,"e2",1,2,"nonVeridical","2"
"1563","c2","10/6/21 14:19","three_pos_9_3_3_9.csv",0,5,"10/6/21 14:43","0","Finish","0",1,"","2gBQ40PQaNgY9nqrZeVE",3,"e2",2,2,"veridical","1"
"1564","c3","10/6/21 14:19","three_pos_9_3_3_9.csv",0,9,"10/6/21 14:43","0","Finish","0",1,"","2gBQ40PQaNgY9nqrZeVE",3,"e3",3,3,"veridical","0"
"1565","c1","10/6/21 14:19","three_pos_9_3_3_9.csv",0,5,"10/6/21 14:43","0","Finish","0",1,"","2gBQ40PQaNgY9nqrZeVE",3,"e3",1,3,"nonVeridical","2"
"1566","c2","10/6/21 14:19","three_pos_9_3_3_9.csv",0,8,"10/6/21 14:43","0","Finish","0",1,"","2gBQ40PQaNgY9nqrZeVE",3,"e3",2,3,"nonVeridical","1"
"1567","c2","10/6/21 14:20","three_pos_9_3_3_9.csv",0,7,"10/6/21 14:37","0","Finish","0",1,"","XzEFqcPyMJVbjphS8UTR",1,"e1",2,1,"nonVeridical","1"
"1568","c3","10/6/21 14:20","three_pos_9_3_3_9.csv",0,7,"10/6/21 14:37","0","Finish","0",1,"","XzEFqcPyMJVbjphS8UTR",1,"e1",3,1,"nonVeridical","0"
"1569","c1","10/6/21 14:20","three_pos_9_3_3_9.csv",0,6,"10/6/21 14:37","0","Finish","0",1,"","XzEFqcPyMJVbjphS8UTR",1,"e1",1,1,"veridical","2"
"1570","c2","10/6/21 14:20","three_pos_9_3_3_9.csv",0,6,"10/6/21 14:37","0","Finish","0",1,"","XzEFqcPyMJVbjphS8UTR",1,"e2",2,2,"veridical","1"
"1571","c3","10/6/21 14:20","three_pos_9_3_3_9.csv",0,7,"10/6/21 14:37","0","Finish","0",1,"","XzEFqcPyMJVbjphS8UTR",1,"e2",3,2,"nonVeridical","0"
"1572","c1","10/6/21 14:20","three_pos_9_3_3_9.csv",0,8,"10/6/21 14:37","0","Finish","0",1,"","XzEFqcPyMJVbjphS8UTR",1,"e2",1,2,"nonVeridical","2"
"1573","c2","10/6/21 14:20","three_pos_9_3_3_9.csv",0,6,"10/6/21 14:37","0","Finish","0",1,"","XzEFqcPyMJVbjphS8UTR",1,"e3",2,3,"nonVeridical","1"
"1574","c3","10/6/21 14:20","three_pos_9_3_3_9.csv",0,5,"10/6/21 14:37","0","Finish","0",1,"","XzEFqcPyMJVbjphS8UTR",1,"e3",3,3,"veridical","0"
"1575","c1","10/6/21 14:20","three_pos_9_3_3_9.csv",0,8,"10/6/21 14:37","0","Finish","0",1,"","XzEFqcPyMJVbjphS8UTR",1,"e3",1,3,"nonVeridical","2"
"1576","c1","10/6/21 14:20","three_pos_8_4_0_12.csv",0,7,"10/6/21 14:35","0","Finish","0",1,"","8z5GVmB8gzy9qy7LwoOk",1,"e1",1,1,"veridical","2"
"1577","c2","10/6/21 14:20","three_pos_8_4_0_12.csv",0,7,"10/6/21 14:35","0","Finish","0",1,"","8z5GVmB8gzy9qy7LwoOk",1,"e1",2,1,"nonVeridical","1"
"1578","c3","10/6/21 14:20","three_pos_8_4_0_12.csv",0,8,"10/6/21 14:35","0","Finish","0",1,"","8z5GVmB8gzy9qy7LwoOk",1,"e1",3,1,"nonVeridical","0"
"1579","c1","10/6/21 14:20","three_pos_8_4_0_12.csv",0,7,"10/6/21 14:35","0","Finish","0",1,"","8z5GVmB8gzy9qy7LwoOk",1,"e2",1,2,"nonVeridical","2"
"1580","c2","10/6/21 14:20","three_pos_8_4_0_12.csv",0,6,"10/6/21 14:35","0","Finish","0",1,"","8z5GVmB8gzy9qy7LwoOk",1,"e2",2,2,"veridical","1"
"1581","c3","10/6/21 14:20","three_pos_8_4_0_12.csv",0,4,"10/6/21 14:35","0","Finish","0",1,"","8z5GVmB8gzy9qy7LwoOk",1,"e2",3,2,"nonVeridical","0"
"1582","c1","10/6/21 14:20","three_pos_8_4_0_12.csv",0,6,"10/6/21 14:35","0","Finish","0",1,"","8z5GVmB8gzy9qy7LwoOk",1,"e3",1,3,"nonVeridical","2"
"1583","c2","10/6/21 14:20","three_pos_8_4_0_12.csv",0,8,"10/6/21 14:35","0","Finish","0",1,"","8z5GVmB8gzy9qy7LwoOk",1,"e3",2,3,"nonVeridical","1"
"1584","c3","10/6/21 14:20","three_pos_8_4_0_12.csv",0,5,"10/6/21 14:35","0","Finish","0",1,"","8z5GVmB8gzy9qy7LwoOk",1,"e3",3,3,"veridical","0"
"1585","c1","10/6/21 14:20","three_pos_10_2_0_12.csv",0,10,"10/6/21 14:31","0","Finish","0",1,"","eNATsQC9a34oUyYrZA9N",2,"e1",1,1,"veridical","2"
"1586","c3","10/6/21 14:20","three_pos_10_2_0_12.csv",0,0,"10/6/21 14:31","0","Finish","0",1,"","eNATsQC9a34oUyYrZA9N",2,"e1",3,1,"nonVeridical","0"
"1587","c2","10/6/21 14:20","three_pos_10_2_0_12.csv",0,0,"10/6/21 14:31","0","Finish","0",1,"","eNATsQC9a34oUyYrZA9N",2,"e1",2,1,"nonVeridical","1"
"1588","c1","10/6/21 14:20","three_pos_10_2_0_12.csv",0,0,"10/6/21 14:31","0","Finish","0",1,"","eNATsQC9a34oUyYrZA9N",2,"e2",1,2,"nonVeridical","2"
"1589","c3","10/6/21 14:20","three_pos_10_2_0_12.csv",0,0,"10/6/21 14:31","0","Finish","0",1,"","eNATsQC9a34oUyYrZA9N",2,"e2",3,2,"nonVeridical","0"
"1590","c2","10/6/21 14:20","three_pos_10_2_0_12.csv",0,10,"10/6/21 14:31","0","Finish","0",1,"","eNATsQC9a34oUyYrZA9N",2,"e2",2,2,"veridical","1"
"1591","c1","10/6/21 14:20","three_pos_10_2_0_12.csv",0,0,"10/6/21 14:31","0","Finish","0",1,"","eNATsQC9a34oUyYrZA9N",2,"e3",1,3,"nonVeridical","2"
"1592","c3","10/6/21 14:20","three_pos_10_2_0_12.csv",0,10,"10/6/21 14:31","0","Finish","0",1,"","eNATsQC9a34oUyYrZA9N",2,"e3",3,3,"veridical","0"
"1593","c2","10/6/21 14:20","three_pos_10_2_0_12.csv",0,0,"10/6/21 14:31","0","Finish","0",1,"","eNATsQC9a34oUyYrZA9N",2,"e3",2,3,"nonVeridical","1"
"1594","c3","10/6/21 14:20","three_pos_8_4_0_12.csv",0,4,"10/6/21 14:36","0","Finish","0",0,"","QeCzDBiDODPtxPWqodFy",2,"e1",3,1,"nonVeridical","0"
"1595","c1","10/6/21 14:20","three_pos_8_4_0_12.csv",0,3,"10/6/21 14:36","0","Finish","0",0,"","QeCzDBiDODPtxPWqodFy",2,"e1",1,1,"veridical","2"
"1596","c2","10/6/21 14:20","three_pos_8_4_0_12.csv",0,4,"10/6/21 14:36","0","Finish","0",0,"","QeCzDBiDODPtxPWqodFy",2,"e1",2,1,"nonVeridical","1"
"1597","c3","10/6/21 14:20","three_pos_8_4_0_12.csv",0,7,"10/6/21 14:36","0","Finish","0",0,"","QeCzDBiDODPtxPWqodFy",2,"e2",3,2,"nonVeridical","0"
"1598","c1","10/6/21 14:20","three_pos_8_4_0_12.csv",0,6,"10/6/21 14:36","0","Finish","0",0,"","QeCzDBiDODPtxPWqodFy",2,"e2",1,2,"nonVeridical","2"
"1599","c2","10/6/21 14:20","three_pos_8_4_0_12.csv",0,4,"10/6/21 14:36","0","Finish","0",0,"","QeCzDBiDODPtxPWqodFy",2,"e2",2,2,"veridical","1"
"1600","c3","10/6/21 14:20","three_pos_8_4_0_12.csv",0,4,"10/6/21 14:36","0","Finish","0",0,"","QeCzDBiDODPtxPWqodFy",2,"e3",3,3,"veridical","0"
"1601","c1","10/6/21 14:20","three_pos_8_4_0_12.csv",0,4,"10/6/21 14:36","0","Finish","0",0,"","QeCzDBiDODPtxPWqodFy",2,"e3",1,3,"nonVeridical","2"
"1602","c2","10/6/21 14:20","three_pos_8_4_0_12.csv",0,6,"10/6/21 14:36","0","Finish","0",0,"","QeCzDBiDODPtxPWqodFy",2,"e3",2,3,"nonVeridical","1"
"1603","c1","10/6/21 14:21","three_pos_9_3_3_9.csv",0,7,"10/6/21 14:33","0","Finish","0",0,"soccer_snowboarding_running","6bsFTEKFOv4nWY8660k9",3,"e1",1,1,"veridical","2"
"1604","c3","10/6/21 14:21","three_pos_9_3_3_9.csv",0,10,"10/6/21 14:33","0","Finish","0",0,"soccer_snowboarding_running","6bsFTEKFOv4nWY8660k9",3,"e1",3,1,"nonVeridical","0"
"1605","c2","10/6/21 14:21","three_pos_9_3_3_9.csv",0,8,"10/6/21 14:33","0","Finish","0",0,"soccer_snowboarding_running","6bsFTEKFOv4nWY8660k9",3,"e1",2,1,"nonVeridical","1"
"1606","c1","10/6/21 14:21","three_pos_9_3_3_9.csv",0,4,"10/6/21 14:33","0","Finish","0",0,"soccer_snowboarding_running","6bsFTEKFOv4nWY8660k9",3,"e2",1,2,"nonVeridical","2"
"1607","c3","10/6/21 14:21","three_pos_9_3_3_9.csv",0,8,"10/6/21 14:33","0","Finish","0",0,"soccer_snowboarding_running","6bsFTEKFOv4nWY8660k9",3,"e2",3,2,"nonVeridical","0"
"1608","c2","10/6/21 14:21","three_pos_9_3_3_9.csv",0,6,"10/6/21 14:33","0","Finish","0",0,"soccer_snowboarding_running","6bsFTEKFOv4nWY8660k9",3,"e2",2,2,"veridical","1"
"1609","c1","10/6/21 14:21","three_pos_9_3_3_9.csv",0,6,"10/6/21 14:33","0","Finish","0",0,"soccer_snowboarding_running","6bsFTEKFOv4nWY8660k9",3,"e3",1,3,"nonVeridical","2"
"1610","c3","10/6/21 14:21","three_pos_9_3_3_9.csv",0,9,"10/6/21 14:33","0","Finish","0",0,"soccer_snowboarding_running","6bsFTEKFOv4nWY8660k9",3,"e3",3,3,"veridical","0"
"1611","c2","10/6/21 14:21","three_pos_9_3_3_9.csv",0,7,"10/6/21 14:33","0","Finish","0",0,"soccer_snowboarding_running","6bsFTEKFOv4nWY8660k9",3,"e3",2,3,"nonVeridical","1"
"1612","c3","10/6/21 14:21","three_pos_10_2_0_12.csv",0,5,"10/6/21 14:27","0","Finish","0",1,"","JP2aMYTD7bXzx0ypd31I",1,"e1",3,1,"nonVeridical","0"
"1613","c2","10/6/21 14:21","three_pos_10_2_0_12.csv",0,5,"10/6/21 14:27","0","Finish","0",1,"","JP2aMYTD7bXzx0ypd31I",1,"e1",2,1,"nonVeridical","1"
"1614","c1","10/6/21 14:21","three_pos_10_2_0_12.csv",0,5,"10/6/21 14:27","0","Finish","0",1,"","JP2aMYTD7bXzx0ypd31I",1,"e1",1,1,"veridical","2"
"1615","c3","10/6/21 14:21","three_pos_10_2_0_12.csv",0,5,"10/6/21 14:27","0","Finish","0",1,"","JP2aMYTD7bXzx0ypd31I",1,"e2",3,2,"nonVeridical","0"
"1616","c2","10/6/21 14:21","three_pos_10_2_0_12.csv",0,5,"10/6/21 14:27","0","Finish","0",1,"","JP2aMYTD7bXzx0ypd31I",1,"e2",2,2,"veridical","1"
"1617","c1","10/6/21 14:21","three_pos_10_2_0_12.csv",0,5,"10/6/21 14:27","0","Finish","0",1,"","JP2aMYTD7bXzx0ypd31I",1,"e2",1,2,"nonVeridical","2"
"1618","c3","10/6/21 14:21","three_pos_10_2_0_12.csv",0,5,"10/6/21 14:27","0","Finish","0",1,"","JP2aMYTD7bXzx0ypd31I",1,"e3",3,3,"veridical","0"
"1619","c2","10/6/21 14:21","three_pos_10_2_0_12.csv",0,5,"10/6/21 14:27","0","Finish","0",1,"","JP2aMYTD7bXzx0ypd31I",1,"e3",2,3,"nonVeridical","1"
"1620","c1","10/6/21 14:21","three_pos_10_2_0_12.csv",0,5,"10/6/21 14:27","0","Finish","0",1,"","JP2aMYTD7bXzx0ypd31I",1,"e3",1,3,"nonVeridical","2"
"1621","c1","10/6/21 14:22","three_pos_8_4_0_12.csv",0,9,"10/6/21 14:47","0","Finish","0",1,"","VxcCBzX6sMaV1WsNXnHb",3,"e1",1,1,"veridical","2"
"1622","c2","10/6/21 14:22","three_pos_8_4_0_12.csv",0,8,"10/6/21 14:47","0","Finish","0",1,"","VxcCBzX6sMaV1WsNXnHb",3,"e1",2,1,"nonVeridical","1"
"1623","c3","10/6/21 14:22","three_pos_8_4_0_12.csv",0,8,"10/6/21 14:47","0","Finish","0",1,"","VxcCBzX6sMaV1WsNXnHb",3,"e1",3,1,"nonVeridical","0"
"1624","c1","10/6/21 14:22","three_pos_8_4_0_12.csv",0,7,"10/6/21 14:47","0","Finish","0",1,"","VxcCBzX6sMaV1WsNXnHb",3,"e2",1,2,"nonVeridical","2"
"1625","c2","10/6/21 14:22","three_pos_8_4_0_12.csv",0,8,"10/6/21 14:47","0","Finish","0",1,"","VxcCBzX6sMaV1WsNXnHb",3,"e2",2,2,"veridical","1"
"1626","c3","10/6/21 14:22","three_pos_8_4_0_12.csv",0,8,"10/6/21 14:47","0","Finish","0",1,"","VxcCBzX6sMaV1WsNXnHb",3,"e2",3,2,"nonVeridical","0"
"1627","c1","10/6/21 14:22","three_pos_8_4_0_12.csv",0,7,"10/6/21 14:47","0","Finish","0",1,"","VxcCBzX6sMaV1WsNXnHb",3,"e3",1,3,"nonVeridical","2"
"1628","c2","10/6/21 14:22","three_pos_8_4_0_12.csv",0,8,"10/6/21 14:47","0","Finish","0",1,"","VxcCBzX6sMaV1WsNXnHb",3,"e3",2,3,"nonVeridical","1"
"1629","c3","10/6/21 14:22","three_pos_8_4_0_12.csv",0,8,"10/6/21 14:47","0","Finish","0",1,"","VxcCBzX6sMaV1WsNXnHb",3,"e3",3,3,"veridical","0"
"1630","c2","10/6/21 14:22","three_pos_10_2_0_12.csv",0,1,"10/6/21 14:49","0","Finish","0",0,"football","hiu3dQQWjklTWbBdEn56",3,"e1",2,1,"nonVeridical","1"
"1631","c1","10/6/21 14:22","three_pos_10_2_0_12.csv",0,4,"10/6/21 14:49","0","Finish","0",0,"football","hiu3dQQWjklTWbBdEn56",3,"e1",1,1,"veridical","2"
"1632","c3","10/6/21 14:22","three_pos_10_2_0_12.csv",0,4,"10/6/21 14:49","0","Finish","0",0,"football","hiu3dQQWjklTWbBdEn56",3,"e1",3,1,"nonVeridical","0"
"1633","c2","10/6/21 14:22","three_pos_10_2_0_12.csv",0,1,"10/6/21 14:49","0","Finish","0",0,"football","hiu3dQQWjklTWbBdEn56",3,"e2",2,2,"veridical","1"
"1634","c1","10/6/21 14:22","three_pos_10_2_0_12.csv",0,2,"10/6/21 14:49","0","Finish","0",0,"football","hiu3dQQWjklTWbBdEn56",3,"e2",1,2,"nonVeridical","2"
"1635","c3","10/6/21 14:22","three_pos_10_2_0_12.csv",0,4,"10/6/21 14:49","0","Finish","0",0,"football","hiu3dQQWjklTWbBdEn56",3,"e2",3,2,"nonVeridical","0"
"1636","c2","10/6/21 14:22","three_pos_10_2_0_12.csv",0,1,"10/6/21 14:49","0","Finish","0",0,"football","hiu3dQQWjklTWbBdEn56",3,"e3",2,3,"nonVeridical","1"
"1637","c1","10/6/21 14:22","three_pos_10_2_0_12.csv",0,1,"10/6/21 14:49","0","Finish","0",0,"football","hiu3dQQWjklTWbBdEn56",3,"e3",1,3,"nonVeridical","2"
"1638","c3","10/6/21 14:22","three_pos_10_2_0_12.csv",0,3,"10/6/21 14:49","0","Finish","0",0,"football","hiu3dQQWjklTWbBdEn56",3,"e3",3,3,"veridical","0"
"1639","c3","10/6/21 14:22","three_pos_9_3_3_9.csv",0,10,"10/6/21 14:39","0","Finish","0",1,"","hYNS6qS1MYmlYjDcHXiN",2,"e1",3,1,"nonVeridical","0"
"1640","c2","10/6/21 14:22","three_pos_9_3_3_9.csv",0,10,"10/6/21 14:39","0","Finish","0",1,"","hYNS6qS1MYmlYjDcHXiN",2,"e1",2,1,"nonVeridical","1"
"1641","c1","10/6/21 14:22","three_pos_9_3_3_9.csv",0,10,"10/6/21 14:39","0","Finish","0",1,"","hYNS6qS1MYmlYjDcHXiN",2,"e1",1,1,"veridical","2"
"1642","c3","10/6/21 14:22","three_pos_9_3_3_9.csv",0,10,"10/6/21 14:39","0","Finish","0",1,"","hYNS6qS1MYmlYjDcHXiN",2,"e2",3,2,"nonVeridical","0"
"1643","c2","10/6/21 14:22","three_pos_9_3_3_9.csv",0,5,"10/6/21 14:39","0","Finish","0",1,"","hYNS6qS1MYmlYjDcHXiN",2,"e2",2,2,"veridical","1"
"1644","c1","10/6/21 14:22","three_pos_9_3_3_9.csv",0,10,"10/6/21 14:39","0","Finish","0",1,"","hYNS6qS1MYmlYjDcHXiN",2,"e2",1,2,"nonVeridical","2"
"1645","c3","10/6/21 14:22","three_pos_9_3_3_9.csv",0,5,"10/6/21 14:39","0","Finish","0",1,"","hYNS6qS1MYmlYjDcHXiN",2,"e3",3,3,"veridical","0"
"1646","c2","10/6/21 14:22","three_pos_9_3_3_9.csv",0,10,"10/6/21 14:39","0","Finish","0",1,"","hYNS6qS1MYmlYjDcHXiN",2,"e3",2,3,"nonVeridical","1"
"1647","c1","10/6/21 14:22","three_pos_9_3_3_9.csv",0,5,"10/6/21 14:39","0","Finish","0",1,"","hYNS6qS1MYmlYjDcHXiN",2,"e3",1,3,"nonVeridical","2"
"1648","c3","10/6/21 14:22","three_pos_9_3_3_9.csv",0,10,"10/6/21 14:37","1","Finish","1",0,"running","pG87YX1FKQnPyPBec6J1",1,"e1",3,1,"nonVeridical","0"
"1649","c2","10/6/21 14:22","three_pos_9_3_3_9.csv",0,10,"10/6/21 14:37","1","Finish","1",0,"running","pG87YX1FKQnPyPBec6J1",1,"e1",2,1,"nonVeridical","1"
"1650","c1","10/6/21 14:22","three_pos_9_3_3_9.csv",0,10,"10/6/21 14:37","1","Finish","1",0,"running","pG87YX1FKQnPyPBec6J1",1,"e1",1,1,"veridical","2"
"1651","c3","10/6/21 14:22","three_pos_9_3_3_9.csv",0,10,"10/6/21 14:37","1","Finish","1",0,"running","pG87YX1FKQnPyPBec6J1",1,"e2",3,2,"nonVeridical","0"
"1652","c2","10/6/21 14:22","three_pos_9_3_3_9.csv",0,9,"10/6/21 14:37","1","Finish","1",0,"running","pG87YX1FKQnPyPBec6J1",1,"e2",2,2,"veridical","1"
"1653","c1","10/6/21 14:22","three_pos_9_3_3_9.csv",0,10,"10/6/21 14:37","1","Finish","1",0,"running","pG87YX1FKQnPyPBec6J1",1,"e2",1,2,"nonVeridical","2"
"1654","c3","10/6/21 14:22","three_pos_9_3_3_9.csv",0,10,"10/6/21 14:37","1","Finish","1",0,"running","pG87YX1FKQnPyPBec6J1",1,"e3",3,3,"veridical","0"
"1655","c2","10/6/21 14:22","three_pos_9_3_3_9.csv",0,9,"10/6/21 14:37","1","Finish","1",0,"running","pG87YX1FKQnPyPBec6J1",1,"e3",2,3,"nonVeridical","1"
"1656","c1","10/6/21 14:22","three_pos_9_3_3_9.csv",0,10,"10/6/21 14:37","1","Finish","1",0,"running","pG87YX1FKQnPyPBec6J1",1,"e3",1,3,"nonVeridical","2"
"1657","c1","10/6/21 14:23","three_pos_9_3_3_9.csv",0,5,"10/6/21 14:38","0","Finish","0",1,"","5B3aXV3QhS1QhF6zKpZs",3,"e1",1,1,"veridical","2"
"1658","c3","10/6/21 14:23","three_pos_9_3_3_9.csv",0,5,"10/6/21 14:38","0","Finish","0",1,"","5B3aXV3QhS1QhF6zKpZs",3,"e1",3,1,"nonVeridical","0"
"1659","c2","10/6/21 14:23","three_pos_9_3_3_9.csv",0,10,"10/6/21 14:38","0","Finish","0",1,"","5B3aXV3QhS1QhF6zKpZs",3,"e1",2,1,"nonVeridical","1"
"1660","c1","10/6/21 14:23","three_pos_9_3_3_9.csv",0,0,"10/6/21 14:38","0","Finish","0",1,"","5B3aXV3QhS1QhF6zKpZs",3,"e2",1,2,"nonVeridical","2"
"1661","c3","10/6/21 14:23","three_pos_9_3_3_9.csv",0,5,"10/6/21 14:38","0","Finish","0",1,"","5B3aXV3QhS1QhF6zKpZs",3,"e2",3,2,"nonVeridical","0"
"1662","c2","10/6/21 14:23","three_pos_9_3_3_9.csv",0,0,"10/6/21 14:38","0","Finish","0",1,"","5B3aXV3QhS1QhF6zKpZs",3,"e2",2,2,"veridical","1"
"1663","c1","10/6/21 14:23","three_pos_9_3_3_9.csv",0,10,"10/6/21 14:38","0","Finish","0",1,"","5B3aXV3QhS1QhF6zKpZs",3,"e3",1,3,"nonVeridical","2"
"1664","c3","10/6/21 14:23","three_pos_9_3_3_9.csv",0,10,"10/6/21 14:38","0","Finish","0",1,"","5B3aXV3QhS1QhF6zKpZs",3,"e3",3,3,"veridical","0"
"1665","c2","10/6/21 14:23","three_pos_9_3_3_9.csv",0,10,"10/6/21 14:38","0","Finish","0",1,"","5B3aXV3QhS1QhF6zKpZs",3,"e3",2,3,"nonVeridical","1"
"1666","c3","10/6/21 14:24","three_pos_10_2_0_12.csv",0,2,"10/6/21 14:33","0","Finish","0",1,"","eL1LFRFPAvEGBP2WwQkh",1,"e1",3,1,"nonVeridical","0"
"1667","c1","10/6/21 14:24","three_pos_10_2_0_12.csv",0,3,"10/6/21 14:33","0","Finish","0",1,"","eL1LFRFPAvEGBP2WwQkh",1,"e1",1,1,"veridical","2"
"1668","c2","10/6/21 14:24","three_pos_10_2_0_12.csv",0,1,"10/6/21 14:33","0","Finish","0",1,"","eL1LFRFPAvEGBP2WwQkh",1,"e1",2,1,"nonVeridical","1"
"1669","c3","10/6/21 14:24","three_pos_10_2_0_12.csv",0,1,"10/6/21 14:33","0","Finish","0",1,"","eL1LFRFPAvEGBP2WwQkh",1,"e2",3,2,"nonVeridical","0"
"1670","c1","10/6/21 14:24","three_pos_10_2_0_12.csv",0,5,"10/6/21 14:33","0","Finish","0",1,"","eL1LFRFPAvEGBP2WwQkh",1,"e2",1,2,"nonVeridical","2"
"1671","c2","10/6/21 14:24","three_pos_10_2_0_12.csv",0,0,"10/6/21 14:33","0","Finish","0",1,"","eL1LFRFPAvEGBP2WwQkh",1,"e2",2,2,"veridical","1"
"1672","c3","10/6/21 14:24","three_pos_10_2_0_12.csv",0,5,"10/6/21 14:33","0","Finish","0",1,"","eL1LFRFPAvEGBP2WwQkh",1,"e3",3,3,"veridical","0"
"1673","c1","10/6/21 14:24","three_pos_10_2_0_12.csv",0,2,"10/6/21 14:33","0","Finish","0",1,"","eL1LFRFPAvEGBP2WwQkh",1,"e3",1,3,"nonVeridical","2"
"1674","c2","10/6/21 14:24","three_pos_10_2_0_12.csv",0,0,"10/6/21 14:33","0","Finish","0",1,"","eL1LFRFPAvEGBP2WwQkh",1,"e3",2,3,"nonVeridical","1"
"1675","c2","10/6/21 14:24","three_pos_10_2_0_12.csv",0,6,"10/6/21 14:40","0","Finish","0",1,"","bbNGpmgWkT0rQyvlJFYt",3,"e1",2,1,"nonVeridical","1"
"1676","c1","10/6/21 14:24","three_pos_10_2_0_12.csv",0,6,"10/6/21 14:40","0","Finish","0",1,"","bbNGpmgWkT0rQyvlJFYt",3,"e1",1,1,"veridical","2"
"1677","c3","10/6/21 14:24","three_pos_10_2_0_12.csv",0,3,"10/6/21 14:40","0","Finish","0",1,"","bbNGpmgWkT0rQyvlJFYt",3,"e1",3,1,"nonVeridical","0"
"1678","c2","10/6/21 14:24","three_pos_10_2_0_12.csv",0,6,"10/6/21 14:40","0","Finish","0",1,"","bbNGpmgWkT0rQyvlJFYt",3,"e2",2,2,"veridical","1"
"1679","c1","10/6/21 14:24","three_pos_10_2_0_12.csv",0,6,"10/6/21 14:40","0","Finish","0",1,"","bbNGpmgWkT0rQyvlJFYt",3,"e2",1,2,"nonVeridical","2"
"1680","c3","10/6/21 14:24","three_pos_10_2_0_12.csv",0,6,"10/6/21 14:40","0","Finish","0",1,"","bbNGpmgWkT0rQyvlJFYt",3,"e2",3,2,"nonVeridical","0"
"1681","c2","10/6/21 14:24","three_pos_10_2_0_12.csv",0,7,"10/6/21 14:40","0","Finish","0",1,"","bbNGpmgWkT0rQyvlJFYt",3,"e3",2,3,"nonVeridical","1"
"1682","c1","10/6/21 14:24","three_pos_10_2_0_12.csv",0,4,"10/6/21 14:40","0","Finish","0",1,"","bbNGpmgWkT0rQyvlJFYt",3,"e3",1,3,"nonVeridical","2"
"1683","c3","10/6/21 14:24","three_pos_10_2_0_12.csv",0,8,"10/6/21 14:40","0","Finish","0",1,"","bbNGpmgWkT0rQyvlJFYt",3,"e3",3,3,"veridical","0"
"1684","c2","10/6/21 14:24","three_pos_8_4_0_12.csv",0,4,"10/6/21 14:59","1","Finish","0",0,"football_running_cycling","ylVxbbuBxen9GRk3ORsU",2,"e1",2,1,"nonVeridical","1"
"1685","c3","10/6/21 14:24","three_pos_8_4_0_12.csv",0,6,"10/6/21 14:59","1","Finish","0",0,"football_running_cycling","ylVxbbuBxen9GRk3ORsU",2,"e1",3,1,"nonVeridical","0"
"1686","c1","10/6/21 14:24","three_pos_8_4_0_12.csv",0,8,"10/6/21 14:59","1","Finish","0",0,"football_running_cycling","ylVxbbuBxen9GRk3ORsU",2,"e1",1,1,"veridical","2"
"1687","c2","10/6/21 14:24","three_pos_8_4_0_12.csv",0,6,"10/6/21 14:59","1","Finish","0",0,"football_running_cycling","ylVxbbuBxen9GRk3ORsU",2,"e2",2,2,"veridical","1"
"1688","c3","10/6/21 14:24","three_pos_8_4_0_12.csv",0,5,"10/6/21 14:59","1","Finish","0",0,"football_running_cycling","ylVxbbuBxen9GRk3ORsU",2,"e2",3,2,"nonVeridical","0"
"1689","c1","10/6/21 14:24","three_pos_8_4_0_12.csv",0,6,"10/6/21 14:59","1","Finish","0",0,"football_running_cycling","ylVxbbuBxen9GRk3ORsU",2,"e2",1,2,"nonVeridical","2"
"1690","c2","10/6/21 14:24","three_pos_8_4_0_12.csv",0,4,"10/6/21 14:59","1","Finish","0",0,"football_running_cycling","ylVxbbuBxen9GRk3ORsU",2,"e3",2,3,"nonVeridical","1"
"1691","c3","10/6/21 14:24","three_pos_8_4_0_12.csv",0,6,"10/6/21 14:59","1","Finish","0",0,"football_running_cycling","ylVxbbuBxen9GRk3ORsU",2,"e3",3,3,"veridical","0"
"1692","c1","10/6/21 14:24","three_pos_8_4_0_12.csv",0,6,"10/6/21 14:59","1","Finish","0",0,"football_running_cycling","ylVxbbuBxen9GRk3ORsU",2,"e3",1,3,"nonVeridical","2"
"1693","c2","10/6/21 14:24","three_pos_8_4_0_12.csv",0,6,"10/6/21 14:39","0","Finish","0",0,"","i3r7SJjQjBZmgYVVd3MP",1,"e1",2,1,"nonVeridical","1"
"1694","c1","10/6/21 14:24","three_pos_8_4_0_12.csv",0,4,"10/6/21 14:39","0","Finish","0",0,"","i3r7SJjQjBZmgYVVd3MP",1,"e1",1,1,"veridical","2"
"1695","c3","10/6/21 14:24","three_pos_8_4_0_12.csv",0,4,"10/6/21 14:39","0","Finish","0",0,"","i3r7SJjQjBZmgYVVd3MP",1,"e1",3,1,"nonVeridical","0"
"1696","c2","10/6/21 14:24","three_pos_8_4_0_12.csv",0,3,"10/6/21 14:39","0","Finish","0",0,"","i3r7SJjQjBZmgYVVd3MP",1,"e2",2,2,"veridical","1"
"1697","c1","10/6/21 14:24","three_pos_8_4_0_12.csv",0,3,"10/6/21 14:39","0","Finish","0",0,"","i3r7SJjQjBZmgYVVd3MP",1,"e2",1,2,"nonVeridical","2"
"1698","c3","10/6/21 14:24","three_pos_8_4_0_12.csv",0,3,"10/6/21 14:39","0","Finish","0",0,"","i3r7SJjQjBZmgYVVd3MP",1,"e2",3,2,"nonVeridical","0"
"1699","c2","10/6/21 14:24","three_pos_8_4_0_12.csv",0,6,"10/6/21 14:39","0","Finish","0",0,"","i3r7SJjQjBZmgYVVd3MP",1,"e3",2,3,"nonVeridical","1"
"1700","c1","10/6/21 14:24","three_pos_8_4_0_12.csv",0,3,"10/6/21 14:39","0","Finish","0",0,"","i3r7SJjQjBZmgYVVd3MP",1,"e3",1,3,"nonVeridical","2"
"1701","c3","10/6/21 14:24","three_pos_8_4_0_12.csv",0,5,"10/6/21 14:39","0","Finish","0",0,"","i3r7SJjQjBZmgYVVd3MP",1,"e3",3,3,"veridical","0"
"1702","c3","10/6/21 14:24","three_pos_8_4_0_12.csv",0,6,"10/6/21 14:35","0","Finish","0",1,"","mDPfYmdWPeUvXiVYzcwE",3,"e1",3,1,"nonVeridical","0"
"1703","c1","10/6/21 14:24","three_pos_8_4_0_12.csv",0,7,"10/6/21 14:35","0","Finish","0",1,"","mDPfYmdWPeUvXiVYzcwE",3,"e1",1,1,"veridical","2"
"1704","c2","10/6/21 14:24","three_pos_8_4_0_12.csv",0,6,"10/6/21 14:35","0","Finish","0",1,"","mDPfYmdWPeUvXiVYzcwE",3,"e1",2,1,"nonVeridical","1"
"1705","c3","10/6/21 14:24","three_pos_8_4_0_12.csv",0,5,"10/6/21 14:35","0","Finish","0",1,"","mDPfYmdWPeUvXiVYzcwE",3,"e2",3,2,"nonVeridical","0"
"1706","c1","10/6/21 14:24","three_pos_8_4_0_12.csv",0,5,"10/6/21 14:35","0","Finish","0",1,"","mDPfYmdWPeUvXiVYzcwE",3,"e2",1,2,"nonVeridical","2"
"1707","c2","10/6/21 14:24","three_pos_8_4_0_12.csv",0,5,"10/6/21 14:35","0","Finish","0",1,"","mDPfYmdWPeUvXiVYzcwE",3,"e2",2,2,"veridical","1"
"1708","c3","10/6/21 14:24","three_pos_8_4_0_12.csv",0,7,"10/6/21 14:35","0","Finish","0",1,"","mDPfYmdWPeUvXiVYzcwE",3,"e3",3,3,"veridical","0"
"1709","c1","10/6/21 14:24","three_pos_8_4_0_12.csv",0,5,"10/6/21 14:35","0","Finish","0",1,"","mDPfYmdWPeUvXiVYzcwE",3,"e3",1,3,"nonVeridical","2"
"1710","c2","10/6/21 14:24","three_pos_8_4_0_12.csv",0,6,"10/6/21 14:35","0","Finish","0",1,"","mDPfYmdWPeUvXiVYzcwE",3,"e3",2,3,"nonVeridical","1"
"1711","c2","10/6/21 14:25","three_pos_9_3_3_9.csv",0,5,"10/6/21 14:38","0","Finish","0",0,"","vY2IZ6tXlvUDnAHTE7z9",2,"e1",2,1,"nonVeridical","1"
"1712","c1","10/6/21 14:25","three_pos_9_3_3_9.csv",0,6,"10/6/21 14:38","0","Finish","0",0,"","vY2IZ6tXlvUDnAHTE7z9",2,"e1",1,1,"veridical","2"
"1713","c3","10/6/21 14:25","three_pos_9_3_3_9.csv",0,7,"10/6/21 14:38","0","Finish","0",0,"","vY2IZ6tXlvUDnAHTE7z9",2,"e1",3,1,"nonVeridical","0"
"1714","c2","10/6/21 14:25","three_pos_9_3_3_9.csv",0,8,"10/6/21 14:38","0","Finish","0",0,"","vY2IZ6tXlvUDnAHTE7z9",2,"e2",2,2,"veridical","1"
"1715","c1","10/6/21 14:25","three_pos_9_3_3_9.csv",0,8,"10/6/21 14:38","0","Finish","0",0,"","vY2IZ6tXlvUDnAHTE7z9",2,"e2",1,2,"nonVeridical","2"
"1716","c3","10/6/21 14:25","three_pos_9_3_3_9.csv",0,5,"10/6/21 14:38","0","Finish","0",0,"","vY2IZ6tXlvUDnAHTE7z9",2,"e2",3,2,"nonVeridical","0"
"1717","c2","10/6/21 14:25","three_pos_9_3_3_9.csv",0,6,"10/6/21 14:38","0","Finish","0",0,"","vY2IZ6tXlvUDnAHTE7z9",2,"e3",2,3,"nonVeridical","1"
"1718","c1","10/6/21 14:25","three_pos_9_3_3_9.csv",0,7,"10/6/21 14:38","0","Finish","0",0,"","vY2IZ6tXlvUDnAHTE7z9",2,"e3",1,3,"nonVeridical","2"
"1719","c3","10/6/21 14:25","three_pos_9_3_3_9.csv",0,8,"10/6/21 14:38","0","Finish","0",0,"","vY2IZ6tXlvUDnAHTE7z9",2,"e3",3,3,"veridical","0"
"1720","c2","10/6/21 14:26","three_pos_8_4_0_12.csv",0,0,"10/6/21 14:37","0","Finish","0",1,"","BPlY8NNiqBAbKOGzsIBH",1,"e1",2,1,"nonVeridical","1"
"1721","c3","10/6/21 14:26","three_pos_8_4_0_12.csv",0,0,"10/6/21 14:37","0","Finish","0",1,"","BPlY8NNiqBAbKOGzsIBH",1,"e1",3,1,"nonVeridical","0"
"1722","c1","10/6/21 14:26","three_pos_8_4_0_12.csv",0,9,"10/6/21 14:37","0","Finish","0",1,"","BPlY8NNiqBAbKOGzsIBH",1,"e1",1,1,"veridical","2"
"1723","c2","10/6/21 14:26","three_pos_8_4_0_12.csv",0,8,"10/6/21 14:37","0","Finish","0",1,"","BPlY8NNiqBAbKOGzsIBH",1,"e2",2,2,"veridical","1"
"1724","c3","10/6/21 14:26","three_pos_8_4_0_12.csv",0,0,"10/6/21 14:37","0","Finish","0",1,"","BPlY8NNiqBAbKOGzsIBH",1,"e2",3,2,"nonVeridical","0"
"1725","c1","10/6/21 14:26","three_pos_8_4_0_12.csv",0,0,"10/6/21 14:37","0","Finish","0",1,"","BPlY8NNiqBAbKOGzsIBH",1,"e2",1,2,"nonVeridical","2"
"1726","c2","10/6/21 14:26","three_pos_8_4_0_12.csv",0,0,"10/6/21 14:37","0","Finish","0",1,"","BPlY8NNiqBAbKOGzsIBH",1,"e3",2,3,"nonVeridical","1"
"1727","c3","10/6/21 14:26","three_pos_8_4_0_12.csv",0,9,"10/6/21 14:37","0","Finish","0",1,"","BPlY8NNiqBAbKOGzsIBH",1,"e3",3,3,"veridical","0"
"1728","c1","10/6/21 14:26","three_pos_8_4_0_12.csv",0,0,"10/6/21 14:37","0","Finish","0",1,"","BPlY8NNiqBAbKOGzsIBH",1,"e3",1,3,"nonVeridical","2"
"1729","c2","10/6/21 14:27","three_pos_9_3_3_9.csv",0,8,"10/6/21 14:41","0","Finish","0",1,"","egH3mBZInHOJXBbdiwlT",1,"e1",2,1,"nonVeridical","1"
"1730","c3","10/6/21 14:27","three_pos_9_3_3_9.csv",0,3,"10/6/21 14:41","0","Finish","0",1,"","egH3mBZInHOJXBbdiwlT",1,"e1",3,1,"nonVeridical","0"
"1731","c1","10/6/21 14:27","three_pos_9_3_3_9.csv",0,9,"10/6/21 14:41","0","Finish","0",1,"","egH3mBZInHOJXBbdiwlT",1,"e1",1,1,"veridical","2"
"1732","c2","10/6/21 14:27","three_pos_9_3_3_9.csv",0,1,"10/6/21 14:41","0","Finish","0",1,"","egH3mBZInHOJXBbdiwlT",1,"e2",2,2,"veridical","1"
"1733","c3","10/6/21 14:27","three_pos_9_3_3_9.csv",0,7,"10/6/21 14:41","0","Finish","0",1,"","egH3mBZInHOJXBbdiwlT",1,"e2",3,2,"nonVeridical","0"
"1734","c1","10/6/21 14:27","three_pos_9_3_3_9.csv",0,7,"10/6/21 14:41","0","Finish","0",1,"","egH3mBZInHOJXBbdiwlT",1,"e2",1,2,"nonVeridical","2"
"1735","c2","10/6/21 14:27","three_pos_9_3_3_9.csv",0,10,"10/6/21 14:41","0","Finish","0",1,"","egH3mBZInHOJXBbdiwlT",1,"e3",2,3,"nonVeridical","1"
"1736","c3","10/6/21 14:27","three_pos_9_3_3_9.csv",0,7,"10/6/21 14:41","0","Finish","0",1,"","egH3mBZInHOJXBbdiwlT",1,"e3",3,3,"veridical","0"
"1737","c1","10/6/21 14:27","three_pos_9_3_3_9.csv",0,9,"10/6/21 14:41","0","Finish","0",1,"","egH3mBZInHOJXBbdiwlT",1,"e3",1,3,"nonVeridical","2"
"1738","c1","10/6/21 14:27","three_pos_9_3_3_9.csv",0,3,"10/6/21 14:34","0","Finish","0",1,"","a0Awlzd6NYihI3BVH3re",2,"e1",1,1,"veridical","2"
"1739","c2","10/6/21 14:27","three_pos_9_3_3_9.csv",0,5,"10/6/21 14:34","0","Finish","0",1,"","a0Awlzd6NYihI3BVH3re",2,"e1",2,1,"nonVeridical","1"
"1740","c3","10/6/21 14:27","three_pos_9_3_3_9.csv",0,6,"10/6/21 14:34","0","Finish","0",1,"","a0Awlzd6NYihI3BVH3re",2,"e1",3,1,"nonVeridical","0"
"1741","c1","10/6/21 14:27","three_pos_9_3_3_9.csv",0,5,"10/6/21 14:34","0","Finish","0",1,"","a0Awlzd6NYihI3BVH3re",2,"e2",1,2,"nonVeridical","2"
"1742","c2","10/6/21 14:27","three_pos_9_3_3_9.csv",0,5,"10/6/21 14:34","0","Finish","0",1,"","a0Awlzd6NYihI3BVH3re",2,"e2",2,2,"veridical","1"
"1743","c3","10/6/21 14:27","three_pos_9_3_3_9.csv",0,7,"10/6/21 14:34","0","Finish","0",1,"","a0Awlzd6NYihI3BVH3re",2,"e2",3,2,"nonVeridical","0"
"1744","c1","10/6/21 14:27","three_pos_9_3_3_9.csv",0,0,"10/6/21 14:34","0","Finish","0",1,"","a0Awlzd6NYihI3BVH3re",2,"e3",1,3,"nonVeridical","2"
"1745","c2","10/6/21 14:27","three_pos_9_3_3_9.csv",0,0,"10/6/21 14:34","0","Finish","0",1,"","a0Awlzd6NYihI3BVH3re",2,"e3",2,3,"nonVeridical","1"
"1746","c3","10/6/21 14:27","three_pos_9_3_3_9.csv",0,10,"10/6/21 14:34","0","Finish","0",1,"","a0Awlzd6NYihI3BVH3re",2,"e3",3,3,"veridical","0"
"1747","c3","10/6/21 14:27","three_pos_10_2_0_12.csv",0,9,"10/6/21 14:49","0","Finish","0",0,"running","C202vzXMqRnbEW5oOJ86",1,"e1",3,1,"nonVeridical","0"
"1748","c2","10/6/21 14:27","three_pos_10_2_0_12.csv",0,9,"10/6/21 14:49","0","Finish","0",0,"running","C202vzXMqRnbEW5oOJ86",1,"e1",2,1,"nonVeridical","1"
"1749","c1","10/6/21 14:27","three_pos_10_2_0_12.csv",0,9,"10/6/21 14:49","0","Finish","0",0,"running","C202vzXMqRnbEW5oOJ86",1,"e1",1,1,"veridical","2"
"1750","c3","10/6/21 14:27","three_pos_10_2_0_12.csv",0,9,"10/6/21 14:49","0","Finish","0",0,"running","C202vzXMqRnbEW5oOJ86",1,"e2",3,2,"nonVeridical","0"
"1751","c2","10/6/21 14:27","three_pos_10_2_0_12.csv",0,9,"10/6/21 14:49","0","Finish","0",0,"running","C202vzXMqRnbEW5oOJ86",1,"e2",2,2,"veridical","1"
"1752","c1","10/6/21 14:27","three_pos_10_2_0_12.csv",0,8,"10/6/21 14:49","0","Finish","0",0,"running","C202vzXMqRnbEW5oOJ86",1,"e2",1,2,"nonVeridical","2"
"1753","c3","10/6/21 14:27","three_pos_10_2_0_12.csv",0,9,"10/6/21 14:49","0","Finish","0",0,"running","C202vzXMqRnbEW5oOJ86",1,"e3",3,3,"veridical","0"
"1754","c2","10/6/21 14:27","three_pos_10_2_0_12.csv",0,9,"10/6/21 14:49","0","Finish","0",0,"running","C202vzXMqRnbEW5oOJ86",1,"e3",2,3,"nonVeridical","1"
"1755","c1","10/6/21 14:27","three_pos_10_2_0_12.csv",0,9,"10/6/21 14:49","0","Finish","0",0,"running","C202vzXMqRnbEW5oOJ86",1,"e3",1,3,"nonVeridical","2"
"1756","c3","10/6/21 14:28","three_pos_10_2_0_12.csv",0,10,"10/6/21 14:37","0","Finish","0",1,"","2VFpMN167jQzDDPNusby",3,"e1",3,1,"nonVeridical","0"
"1757","c1","10/6/21 14:28","three_pos_10_2_0_12.csv",0,0,"10/6/21 14:37","0","Finish","0",1,"","2VFpMN167jQzDDPNusby",3,"e1",1,1,"veridical","2"
"1758","c2","10/6/21 14:28","three_pos_10_2_0_12.csv",0,7,"10/6/21 14:37","0","Finish","0",1,"","2VFpMN167jQzDDPNusby",3,"e1",2,1,"nonVeridical","1"
"1759","c3","10/6/21 14:28","three_pos_10_2_0_12.csv",0,10,"10/6/21 14:37","0","Finish","0",1,"","2VFpMN167jQzDDPNusby",3,"e2",3,2,"nonVeridical","0"
"1760","c1","10/6/21 14:28","three_pos_10_2_0_12.csv",0,0,"10/6/21 14:37","0","Finish","0",1,"","2VFpMN167jQzDDPNusby",3,"e2",1,2,"nonVeridical","2"
"1761","c2","10/6/21 14:28","three_pos_10_2_0_12.csv",0,5,"10/6/21 14:37","0","Finish","0",1,"","2VFpMN167jQzDDPNusby",3,"e2",2,2,"veridical","1"
"1762","c3","10/6/21 14:28","three_pos_10_2_0_12.csv",0,10,"10/6/21 14:37","0","Finish","0",1,"","2VFpMN167jQzDDPNusby",3,"e3",3,3,"veridical","0"
"1763","c1","10/6/21 14:28","three_pos_10_2_0_12.csv",0,0,"10/6/21 14:37","0","Finish","0",1,"","2VFpMN167jQzDDPNusby",3,"e3",1,3,"nonVeridical","2"
"1764","c2","10/6/21 14:28","three_pos_10_2_0_12.csv",0,5,"10/6/21 14:37","0","Finish","0",1,"","2VFpMN167jQzDDPNusby",3,"e3",2,3,"nonVeridical","1"
"1765","c3","10/6/21 14:28","three_pos_9_3_3_9.csv",0,3,"10/6/21 14:44","0","Finish","1",0,"basketball_hockey_football","l74lTDXlaNazeLV93q6u",3,"e1",3,1,"nonVeridical","0"
"1766","c2","10/6/21 14:28","three_pos_9_3_3_9.csv",0,6,"10/6/21 14:44","0","Finish","1",0,"basketball_hockey_football","l74lTDXlaNazeLV93q6u",3,"e1",2,1,"nonVeridical","1"
"1767","c1","10/6/21 14:28","three_pos_9_3_3_9.csv",0,8,"10/6/21 14:44","0","Finish","1",0,"basketball_hockey_football","l74lTDXlaNazeLV93q6u",3,"e1",1,1,"veridical","2"
"1768","c3","10/6/21 14:28","three_pos_9_3_3_9.csv",0,3,"10/6/21 14:44","0","Finish","1",0,"basketball_hockey_football","l74lTDXlaNazeLV93q6u",3,"e2",3,2,"nonVeridical","0"
"1769","c2","10/6/21 14:28","three_pos_9_3_3_9.csv",0,3,"10/6/21 14:44","0","Finish","1",0,"basketball_hockey_football","l74lTDXlaNazeLV93q6u",3,"e2",2,2,"veridical","1"
"1770","c1","10/6/21 14:28","three_pos_9_3_3_9.csv",0,2,"10/6/21 14:44","0","Finish","1",0,"basketball_hockey_football","l74lTDXlaNazeLV93q6u",3,"e2",1,2,"nonVeridical","2"
"1771","c3","10/6/21 14:28","three_pos_9_3_3_9.csv",0,7,"10/6/21 14:44","0","Finish","1",0,"basketball_hockey_football","l74lTDXlaNazeLV93q6u",3,"e3",3,3,"veridical","0"
"1772","c2","10/6/21 14:28","three_pos_9_3_3_9.csv",0,7,"10/6/21 14:44","0","Finish","1",0,"basketball_hockey_football","l74lTDXlaNazeLV93q6u",3,"e3",2,3,"nonVeridical","1"
"1773","c1","10/6/21 14:28","three_pos_9_3_3_9.csv",0,4,"10/6/21 14:44","0","Finish","1",0,"basketball_hockey_football","l74lTDXlaNazeLV93q6u",3,"e3",1,3,"nonVeridical","2"
"1774","c3","10/6/21 14:28","three_pos_8_4_0_12.csv",0,8,"10/6/21 14:45","0","Finish","0",0,"soccer_tennis_football","2yJkpvfh7ejdIyzhVj4G",3,"e1",3,1,"nonVeridical","0"
"1775","c2","10/6/21 14:28","three_pos_8_4_0_12.csv",0,3,"10/6/21 14:45","0","Finish","0",0,"soccer_tennis_football","2yJkpvfh7ejdIyzhVj4G",3,"e1",2,1,"nonVeridical","1"
"1776","c1","10/6/21 14:28","three_pos_8_4_0_12.csv",0,8,"10/6/21 14:45","0","Finish","0",0,"soccer_tennis_football","2yJkpvfh7ejdIyzhVj4G",3,"e1",1,1,"veridical","2"
"1777","c3","10/6/21 14:28","three_pos_8_4_0_12.csv",0,6,"10/6/21 14:45","0","Finish","0",0,"soccer_tennis_football","2yJkpvfh7ejdIyzhVj4G",3,"e2",3,2,"nonVeridical","0"
"1778","c2","10/6/21 14:28","three_pos_8_4_0_12.csv",0,4,"10/6/21 14:45","0","Finish","0",0,"soccer_tennis_football","2yJkpvfh7ejdIyzhVj4G",3,"e2",2,2,"veridical","1"
"1779","c1","10/6/21 14:28","three_pos_8_4_0_12.csv",0,6,"10/6/21 14:45","0","Finish","0",0,"soccer_tennis_football","2yJkpvfh7ejdIyzhVj4G",3,"e2",1,2,"nonVeridical","2"
"1780","c3","10/6/21 14:28","three_pos_8_4_0_12.csv",0,4,"10/6/21 14:45","0","Finish","0",0,"soccer_tennis_football","2yJkpvfh7ejdIyzhVj4G",3,"e3",3,3,"veridical","0"
"1781","c2","10/6/21 14:28","three_pos_8_4_0_12.csv",0,3,"10/6/21 14:45","0","Finish","0",0,"soccer_tennis_football","2yJkpvfh7ejdIyzhVj4G",3,"e3",2,3,"nonVeridical","1"
"1782","c1","10/6/21 14:28","three_pos_8_4_0_12.csv",0,9,"10/6/21 14:45","0","Finish","0",0,"soccer_tennis_football","2yJkpvfh7ejdIyzhVj4G",3,"e3",1,3,"nonVeridical","2"
"1783","c1","10/6/21 14:28","three_pos_10_2_0_12.csv",0,5,"10/6/21 14:50","0","Finish","0",0,"skiing_cycling_basketball_running","eeJvtf66TSkrzKSJy4eh",2,"e1",1,1,"veridical","2"
"1784","c3","10/6/21 14:28","three_pos_10_2_0_12.csv",0,3,"10/6/21 14:50","0","Finish","0",0,"skiing_cycling_basketball_running","eeJvtf66TSkrzKSJy4eh",2,"e1",3,1,"nonVeridical","0"
"1785","c2","10/6/21 14:28","three_pos_10_2_0_12.csv",0,6,"10/6/21 14:50","0","Finish","0",0,"skiing_cycling_basketball_running","eeJvtf66TSkrzKSJy4eh",2,"e1",2,1,"nonVeridical","1"
"1786","c1","10/6/21 14:28","three_pos_10_2_0_12.csv",0,4,"10/6/21 14:50","0","Finish","0",0,"skiing_cycling_basketball_running","eeJvtf66TSkrzKSJy4eh",2,"e2",1,2,"nonVeridical","2"
"1787","c3","10/6/21 14:28","three_pos_10_2_0_12.csv",0,3,"10/6/21 14:50","0","Finish","0",0,"skiing_cycling_basketball_running","eeJvtf66TSkrzKSJy4eh",2,"e2",3,2,"nonVeridical","0"
"1788","c2","10/6/21 14:28","three_pos_10_2_0_12.csv",0,5,"10/6/21 14:50","0","Finish","0",0,"skiing_cycling_basketball_running","eeJvtf66TSkrzKSJy4eh",2,"e2",2,2,"veridical","1"
"1789","c1","10/6/21 14:28","three_pos_10_2_0_12.csv",0,7,"10/6/21 14:50","0","Finish","0",0,"skiing_cycling_basketball_running","eeJvtf66TSkrzKSJy4eh",2,"e3",1,3,"nonVeridical","2"
"1790","c3","10/6/21 14:28","three_pos_10_2_0_12.csv",0,5,"10/6/21 14:50","0","Finish","0",0,"skiing_cycling_basketball_running","eeJvtf66TSkrzKSJy4eh",2,"e3",3,3,"veridical","0"
"1791","c2","10/6/21 14:28","three_pos_10_2_0_12.csv",0,5,"10/6/21 14:50","0","Finish","0",0,"skiing_cycling_basketball_running","eeJvtf66TSkrzKSJy4eh",2,"e3",2,3,"nonVeridical","1"
"1792","c1","10/6/21 14:30","three_pos_9_3_3_9.csv",0,6,"10/6/21 14:47","0","Finish","1",1,"","xiJE82h77RiEIdibwh61",1,"e1",1,1,"veridical","2"
"1793","c3","10/6/21 14:30","three_pos_9_3_3_9.csv",0,3,"10/6/21 14:47","0","Finish","1",1,"","xiJE82h77RiEIdibwh61",1,"e1",3,1,"nonVeridical","0"
"1794","c2","10/6/21 14:30","three_pos_9_3_3_9.csv",0,7,"10/6/21 14:47","0","Finish","1",1,"","xiJE82h77RiEIdibwh61",1,"e1",2,1,"nonVeridical","1"
"1795","c1","10/6/21 14:30","three_pos_9_3_3_9.csv",0,7,"10/6/21 14:47","0","Finish","1",1,"","xiJE82h77RiEIdibwh61",1,"e2",1,2,"nonVeridical","2"
"1796","c3","10/6/21 14:30","three_pos_9_3_3_9.csv",0,5,"10/6/21 14:47","0","Finish","1",1,"","xiJE82h77RiEIdibwh61",1,"e2",3,2,"nonVeridical","0"
"1797","c2","10/6/21 14:30","three_pos_9_3_3_9.csv",0,6,"10/6/21 14:47","0","Finish","1",1,"","xiJE82h77RiEIdibwh61",1,"e2",2,2,"veridical","1"
"1798","c1","10/6/21 14:30","three_pos_9_3_3_9.csv",0,2,"10/6/21 14:47","0","Finish","1",1,"","xiJE82h77RiEIdibwh61",1,"e3",1,3,"nonVeridical","2"
"1799","c3","10/6/21 14:30","three_pos_9_3_3_9.csv",0,4,"10/6/21 14:47","0","Finish","1",1,"","xiJE82h77RiEIdibwh61",1,"e3",3,3,"veridical","0"
"1800","c2","10/6/21 14:30","three_pos_9_3_3_9.csv",0,2,"10/6/21 14:47","0","Finish","1",1,"","xiJE82h77RiEIdibwh61",1,"e3",2,3,"nonVeridical","1"
"1801","c1","10/6/21 14:30","three_pos_8_4_0_12.csv",0,2,"10/6/21 14:52","0","Finish","0",1,"","rvDnVI2taejxHn2zTifN",2,"e1",1,1,"veridical","2"
"1802","c2","10/6/21 14:30","three_pos_8_4_0_12.csv",0,1,"10/6/21 14:52","0","Finish","0",1,"","rvDnVI2taejxHn2zTifN",2,"e1",2,1,"nonVeridical","1"
"1803","c3","10/6/21 14:30","three_pos_8_4_0_12.csv",0,1,"10/6/21 14:52","0","Finish","0",1,"","rvDnVI2taejxHn2zTifN",2,"e1",3,1,"nonVeridical","0"
"1804","c1","10/6/21 14:30","three_pos_8_4_0_12.csv",0,1,"10/6/21 14:52","0","Finish","0",1,"","rvDnVI2taejxHn2zTifN",2,"e2",1,2,"nonVeridical","2"
"1805","c2","10/6/21 14:30","three_pos_8_4_0_12.csv",0,6,"10/6/21 14:52","0","Finish","0",1,"","rvDnVI2taejxHn2zTifN",2,"e2",2,2,"veridical","1"
"1806","c3","10/6/21 14:30","three_pos_8_4_0_12.csv",0,1,"10/6/21 14:52","0","Finish","0",1,"","rvDnVI2taejxHn2zTifN",2,"e2",3,2,"nonVeridical","0"
"1807","c1","10/6/21 14:30","three_pos_8_4_0_12.csv",0,1,"10/6/21 14:52","0","Finish","0",1,"","rvDnVI2taejxHn2zTifN",2,"e3",1,3,"nonVeridical","2"
"1808","c2","10/6/21 14:30","three_pos_8_4_0_12.csv",0,2,"10/6/21 14:52","0","Finish","0",1,"","rvDnVI2taejxHn2zTifN",2,"e3",2,3,"nonVeridical","1"
"1809","c3","10/6/21 14:30","three_pos_8_4_0_12.csv",0,8,"10/6/21 14:52","0","Finish","0",1,"","rvDnVI2taejxHn2zTifN",2,"e3",3,3,"veridical","0"
"1810","c1","10/6/21 14:31","three_pos_8_4_0_12.csv",0,6,"10/6/21 14:47","0","Finish","0",0,"","TRoSnS3hoiRKxrj1Mnd8",3,"e1",1,1,"veridical","2"
"1811","c3","10/6/21 14:31","three_pos_8_4_0_12.csv",0,4,"10/6/21 14:47","0","Finish","0",0,"","TRoSnS3hoiRKxrj1Mnd8",3,"e1",3,1,"nonVeridical","0"
"1812","c2","10/6/21 14:31","three_pos_8_4_0_12.csv",0,6,"10/6/21 14:47","0","Finish","0",0,"","TRoSnS3hoiRKxrj1Mnd8",3,"e1",2,1,"nonVeridical","1"
"1813","c1","10/6/21 14:31","three_pos_8_4_0_12.csv",0,4,"10/6/21 14:47","0","Finish","0",0,"","TRoSnS3hoiRKxrj1Mnd8",3,"e2",1,2,"nonVeridical","2"
"1814","c3","10/6/21 14:31","three_pos_8_4_0_12.csv",0,2,"10/6/21 14:47","0","Finish","0",0,"","TRoSnS3hoiRKxrj1Mnd8",3,"e2",3,2,"nonVeridical","0"
"1815","c2","10/6/21 14:31","three_pos_8_4_0_12.csv",0,4,"10/6/21 14:47","0","Finish","0",0,"","TRoSnS3hoiRKxrj1Mnd8",3,"e2",2,2,"veridical","1"
"1816","c1","10/6/21 14:31","three_pos_8_4_0_12.csv",0,3,"10/6/21 14:47","0","Finish","0",0,"","TRoSnS3hoiRKxrj1Mnd8",3,"e3",1,3,"nonVeridical","2"
"1817","c3","10/6/21 14:31","three_pos_8_4_0_12.csv",0,5,"10/6/21 14:47","0","Finish","0",0,"","TRoSnS3hoiRKxrj1Mnd8",3,"e3",3,3,"veridical","0"
"1818","c2","10/6/21 14:31","three_pos_8_4_0_12.csv",0,3,"10/6/21 14:47","0","Finish","0",0,"","TRoSnS3hoiRKxrj1Mnd8",3,"e3",2,3,"nonVeridical","1"
"1819","c3","10/6/21 14:31","three_pos_10_2_0_12.csv",0,9,"10/6/21 14:43","1","Finish","0",0,"","2ivj6ToWQZMlXOjW7HQ3",3,"e1",3,1,"nonVeridical","0"
"1820","c1","10/6/21 14:31","three_pos_10_2_0_12.csv",0,9,"10/6/21 14:43","1","Finish","0",0,"","2ivj6ToWQZMlXOjW7HQ3",3,"e1",1,1,"veridical","2"
"1821","c2","10/6/21 14:31","three_pos_10_2_0_12.csv",0,9,"10/6/21 14:43","1","Finish","0",0,"","2ivj6ToWQZMlXOjW7HQ3",3,"e1",2,1,"nonVeridical","1"
"1822","c3","10/6/21 14:31","three_pos_10_2_0_12.csv",0,8,"10/6/21 14:43","1","Finish","0",0,"","2ivj6ToWQZMlXOjW7HQ3",3,"e2",3,2,"nonVeridical","0"
"1823","c1","10/6/21 14:31","three_pos_10_2_0_12.csv",0,10,"10/6/21 14:43","1","Finish","0",0,"","2ivj6ToWQZMlXOjW7HQ3",3,"e2",1,2,"nonVeridical","2"
"1824","c2","10/6/21 14:31","three_pos_10_2_0_12.csv",0,8,"10/6/21 14:43","1","Finish","0",0,"","2ivj6ToWQZMlXOjW7HQ3",3,"e2",2,2,"veridical","1"
"1825","c3","10/6/21 14:31","three_pos_10_2_0_12.csv",0,9,"10/6/21 14:43","1","Finish","0",0,"","2ivj6ToWQZMlXOjW7HQ3",3,"e3",3,3,"veridical","0"
"1826","c1","10/6/21 14:31","three_pos_10_2_0_12.csv",0,10,"10/6/21 14:43","1","Finish","0",0,"","2ivj6ToWQZMlXOjW7HQ3",3,"e3",1,3,"nonVeridical","2"
"1827","c2","10/6/21 14:31","three_pos_10_2_0_12.csv",0,9,"10/6/21 14:43","1","Finish","0",0,"","2ivj6ToWQZMlXOjW7HQ3",3,"e3",2,3,"nonVeridical","1"
"1828","c1","10/6/21 14:31","three_pos_10_2_0_12.csv",0,5,"10/6/21 14:46","0","Finish","0",1,"","h0qHHRZrilv25kIXDq2i",1,"e1",1,1,"veridical","2"
"1829","c3","10/6/21 14:31","three_pos_10_2_0_12.csv",0,5,"10/6/21 14:46","0","Finish","0",1,"","h0qHHRZrilv25kIXDq2i",1,"e1",3,1,"nonVeridical","0"
"1830","c2","10/6/21 14:31","three_pos_10_2_0_12.csv",0,5,"10/6/21 14:46","0","Finish","0",1,"","h0qHHRZrilv25kIXDq2i",1,"e1",2,1,"nonVeridical","1"
"1831","c1","10/6/21 14:31","three_pos_10_2_0_12.csv",0,5,"10/6/21 14:46","0","Finish","0",1,"","h0qHHRZrilv25kIXDq2i",1,"e2",1,2,"nonVeridical","2"
"1832","c3","10/6/21 14:31","three_pos_10_2_0_12.csv",0,5,"10/6/21 14:46","0","Finish","0",1,"","h0qHHRZrilv25kIXDq2i",1,"e2",3,2,"nonVeridical","0"
"1833","c2","10/6/21 14:31","three_pos_10_2_0_12.csv",0,5,"10/6/21 14:46","0","Finish","0",1,"","h0qHHRZrilv25kIXDq2i",1,"e2",2,2,"veridical","1"
"1834","c1","10/6/21 14:31","three_pos_10_2_0_12.csv",0,5,"10/6/21 14:46","0","Finish","0",1,"","h0qHHRZrilv25kIXDq2i",1,"e3",1,3,"nonVeridical","2"
"1835","c3","10/6/21 14:31","three_pos_10_2_0_12.csv",0,5,"10/6/21 14:46","0","Finish","0",1,"","h0qHHRZrilv25kIXDq2i",1,"e3",3,3,"veridical","0"
"1836","c2","10/6/21 14:31","three_pos_10_2_0_12.csv",0,5,"10/6/21 14:46","0","Finish","0",1,"","h0qHHRZrilv25kIXDq2i",1,"e3",2,3,"nonVeridical","1"
"1837","c1","10/6/21 14:32","three_pos_10_2_0_12.csv",0,9,"10/6/21 14:45","0","Finish","0",0,"running","sOyRUoGTFbG6QeCy23ok",2,"e1",1,1,"veridical","2"
"1838","c3","10/6/21 14:32","three_pos_10_2_0_12.csv",0,8,"10/6/21 14:45","0","Finish","0",0,"running","sOyRUoGTFbG6QeCy23ok",2,"e1",3,1,"nonVeridical","0"
"1839","c2","10/6/21 14:32","three_pos_10_2_0_12.csv",0,8,"10/6/21 14:45","0","Finish","0",0,"running","sOyRUoGTFbG6QeCy23ok",2,"e1",2,1,"nonVeridical","1"
"1840","c1","10/6/21 14:32","three_pos_10_2_0_12.csv",0,8,"10/6/21 14:45","0","Finish","0",0,"running","sOyRUoGTFbG6QeCy23ok",2,"e2",1,2,"nonVeridical","2"
"1841","c3","10/6/21 14:32","three_pos_10_2_0_12.csv",0,9,"10/6/21 14:45","0","Finish","0",0,"running","sOyRUoGTFbG6QeCy23ok",2,"e2",3,2,"nonVeridical","0"
"1842","c2","10/6/21 14:32","three_pos_10_2_0_12.csv",0,9,"10/6/21 14:45","0","Finish","0",0,"running","sOyRUoGTFbG6QeCy23ok",2,"e2",2,2,"veridical","1"
"1843","c1","10/6/21 14:32","three_pos_10_2_0_12.csv",0,9,"10/6/21 14:45","0","Finish","0",0,"running","sOyRUoGTFbG6QeCy23ok",2,"e3",1,3,"nonVeridical","2"
"1844","c3","10/6/21 14:32","three_pos_10_2_0_12.csv",0,9,"10/6/21 14:45","0","Finish","0",0,"running","sOyRUoGTFbG6QeCy23ok",2,"e3",3,3,"veridical","0"
"1845","c2","10/6/21 14:32","three_pos_10_2_0_12.csv",0,9,"10/6/21 14:45","0","Finish","0",0,"running","sOyRUoGTFbG6QeCy23ok",2,"e3",2,3,"nonVeridical","1"
"1846","c1","10/6/21 14:33","three_pos_9_3_3_9.csv",0,9,"10/6/21 14:47","0","Finish","0",1,"","5K5Avbx7FHzsTSPEhMvF",1,"e1",1,1,"veridical","2"
"1847","c2","10/6/21 14:33","three_pos_9_3_3_9.csv",0,6,"10/6/21 14:47","0","Finish","0",1,"","5K5Avbx7FHzsTSPEhMvF",1,"e1",2,1,"nonVeridical","1"
"1848","c3","10/6/21 14:33","three_pos_9_3_3_9.csv",0,9,"10/6/21 14:47","0","Finish","0",1,"","5K5Avbx7FHzsTSPEhMvF",1,"e1",3,1,"nonVeridical","0"
"1849","c1","10/6/21 14:33","three_pos_9_3_3_9.csv",0,7,"10/6/21 14:47","0","Finish","0",1,"","5K5Avbx7FHzsTSPEhMvF",1,"e2",1,2,"nonVeridical","2"
"1850","c2","10/6/21 14:33","three_pos_9_3_3_9.csv",0,8,"10/6/21 14:47","0","Finish","0",1,"","5K5Avbx7FHzsTSPEhMvF",1,"e2",2,2,"veridical","1"
"1851","c3","10/6/21 14:33","three_pos_9_3_3_9.csv",0,5,"10/6/21 14:47","0","Finish","0",1,"","5K5Avbx7FHzsTSPEhMvF",1,"e2",3,2,"nonVeridical","0"
"1852","c1","10/6/21 14:33","three_pos_9_3_3_9.csv",0,8,"10/6/21 14:47","0","Finish","0",1,"","5K5Avbx7FHzsTSPEhMvF",1,"e3",1,3,"nonVeridical","2"
"1853","c2","10/6/21 14:33","three_pos_9_3_3_9.csv",0,6,"10/6/21 14:47","0","Finish","0",1,"","5K5Avbx7FHzsTSPEhMvF",1,"e3",2,3,"nonVeridical","1"
"1854","c3","10/6/21 14:33","three_pos_9_3_3_9.csv",0,8,"10/6/21 14:47","0","Finish","0",1,"","5K5Avbx7FHzsTSPEhMvF",1,"e3",3,3,"veridical","0"
"1855","c1","10/6/21 14:33","three_pos_10_2_0_12.csv",0,3,"10/6/21 14:47","0","Finish","0",1,"","f1VW5kQSCZWKvgkw4ggt",3,"e1",1,1,"veridical","2"
"1856","c2","10/6/21 14:33","three_pos_10_2_0_12.csv",0,4,"10/6/21 14:47","0","Finish","0",1,"","f1VW5kQSCZWKvgkw4ggt",3,"e1",2,1,"nonVeridical","1"
"1857","c3","10/6/21 14:33","three_pos_10_2_0_12.csv",0,8,"10/6/21 14:47","0","Finish","0",1,"","f1VW5kQSCZWKvgkw4ggt",3,"e1",3,1,"nonVeridical","0"
"1858","c1","10/6/21 14:33","three_pos_10_2_0_12.csv",0,4,"10/6/21 14:47","0","Finish","0",1,"","f1VW5kQSCZWKvgkw4ggt",3,"e2",1,2,"nonVeridical","2"
"1859","c2","10/6/21 14:33","three_pos_10_2_0_12.csv",0,5,"10/6/21 14:47","0","Finish","0",1,"","f1VW5kQSCZWKvgkw4ggt",3,"e2",2,2,"veridical","1"
"1860","c3","10/6/21 14:33","three_pos_10_2_0_12.csv",0,5,"10/6/21 14:47","0","Finish","0",1,"","f1VW5kQSCZWKvgkw4ggt",3,"e2",3,2,"nonVeridical","0"
"1861","c1","10/6/21 14:33","three_pos_10_2_0_12.csv",0,5,"10/6/21 14:47","0","Finish","0",1,"","f1VW5kQSCZWKvgkw4ggt",3,"e3",1,3,"nonVeridical","2"
"1862","c2","10/6/21 14:33","three_pos_10_2_0_12.csv",0,4,"10/6/21 14:47","0","Finish","0",1,"","f1VW5kQSCZWKvgkw4ggt",3,"e3",2,3,"nonVeridical","1"
"1863","c3","10/6/21 14:33","three_pos_10_2_0_12.csv",0,3,"10/6/21 14:47","0","Finish","0",1,"","f1VW5kQSCZWKvgkw4ggt",3,"e3",3,3,"veridical","0"
"1864","c3","10/6/21 14:33","three_pos_9_3_3_9.csv",0,8,"10/6/21 14:41","0","Finish","0",1,"","QB9B4gUW3PHUpaCwCG0w",3,"e1",3,1,"nonVeridical","0"
"1865","c1","10/6/21 14:33","three_pos_9_3_3_9.csv",0,7,"10/6/21 14:41","0","Finish","0",1,"","QB9B4gUW3PHUpaCwCG0w",3,"e1",1,1,"veridical","2"
"1866","c2","10/6/21 14:33","three_pos_9_3_3_9.csv",0,3,"10/6/21 14:41","0","Finish","0",1,"","QB9B4gUW3PHUpaCwCG0w",3,"e1",2,1,"nonVeridical","1"
"1867","c3","10/6/21 14:33","three_pos_9_3_3_9.csv",0,6,"10/6/21 14:41","0","Finish","0",1,"","QB9B4gUW3PHUpaCwCG0w",3,"e2",3,2,"nonVeridical","0"
"1868","c1","10/6/21 14:33","three_pos_9_3_3_9.csv",0,7,"10/6/21 14:41","0","Finish","0",1,"","QB9B4gUW3PHUpaCwCG0w",3,"e2",1,2,"nonVeridical","2"
"1869","c2","10/6/21 14:33","three_pos_9_3_3_9.csv",0,5,"10/6/21 14:41","0","Finish","0",1,"","QB9B4gUW3PHUpaCwCG0w",3,"e2",2,2,"veridical","1"
"1870","c3","10/6/21 14:33","three_pos_9_3_3_9.csv",0,6,"10/6/21 14:41","0","Finish","0",1,"","QB9B4gUW3PHUpaCwCG0w",3,"e3",3,3,"veridical","0"
"1871","c1","10/6/21 14:33","three_pos_9_3_3_9.csv",0,5,"10/6/21 14:41","0","Finish","0",1,"","QB9B4gUW3PHUpaCwCG0w",3,"e3",1,3,"nonVeridical","2"
"1872","c2","10/6/21 14:33","three_pos_9_3_3_9.csv",0,7,"10/6/21 14:41","0","Finish","0",1,"","QB9B4gUW3PHUpaCwCG0w",3,"e3",2,3,"nonVeridical","1"
"1873","c3","10/6/21 14:33","three_pos_10_2_0_12.csv",0,8,"10/6/21 14:51","0","Finish","0",1,"","639h4LG3yXGcrEA3WUMb",2,"e1",3,1,"nonVeridical","0"
"1874","c2","10/6/21 14:33","three_pos_10_2_0_12.csv",0,1,"10/6/21 14:51","0","Finish","0",1,"","639h4LG3yXGcrEA3WUMb",2,"e1",2,1,"nonVeridical","1"
"1875","c1","10/6/21 14:33","three_pos_10_2_0_12.csv",0,4,"10/6/21 14:51","0","Finish","0",1,"","639h4LG3yXGcrEA3WUMb",2,"e1",1,1,"veridical","2"
"1876","c3","10/6/21 14:33","three_pos_10_2_0_12.csv",0,9,"10/6/21 14:51","0","Finish","0",1,"","639h4LG3yXGcrEA3WUMb",2,"e2",3,2,"nonVeridical","0"
"1877","c2","10/6/21 14:33","three_pos_10_2_0_12.csv",0,3,"10/6/21 14:51","0","Finish","0",1,"","639h4LG3yXGcrEA3WUMb",2,"e2",2,2,"veridical","1"
"1878","c1","10/6/21 14:33","three_pos_10_2_0_12.csv",0,0,"10/6/21 14:51","0","Finish","0",1,"","639h4LG3yXGcrEA3WUMb",2,"e2",1,2,"nonVeridical","2"
"1879","c3","10/6/21 14:33","three_pos_10_2_0_12.csv",0,9,"10/6/21 14:51","0","Finish","0",1,"","639h4LG3yXGcrEA3WUMb",2,"e3",3,3,"veridical","0"
"1880","c2","10/6/21 14:33","three_pos_10_2_0_12.csv",0,0,"10/6/21 14:51","0","Finish","0",1,"","639h4LG3yXGcrEA3WUMb",2,"e3",2,3,"nonVeridical","1"
"1881","c1","10/6/21 14:33","three_pos_10_2_0_12.csv",0,0,"10/6/21 14:51","0","Finish","0",1,"","639h4LG3yXGcrEA3WUMb",2,"e3",1,3,"nonVeridical","2"
"1882","c3","10/6/21 14:33","three_pos_9_3_3_9.csv",0,6,"10/6/21 14:48","0","Finish","0",0,"","ZlHCMJa5Bo0ecAi4dhvX",2,"e1",3,1,"nonVeridical","0"
"1883","c1","10/6/21 14:33","three_pos_9_3_3_9.csv",0,4,"10/6/21 14:48","0","Finish","0",0,"","ZlHCMJa5Bo0ecAi4dhvX",2,"e1",1,1,"veridical","2"
"1884","c2","10/6/21 14:33","three_pos_9_3_3_9.csv",0,4,"10/6/21 14:48","0","Finish","0",0,"","ZlHCMJa5Bo0ecAi4dhvX",2,"e1",2,1,"nonVeridical","1"
"1885","c3","10/6/21 14:33","three_pos_9_3_3_9.csv",0,5,"10/6/21 14:48","0","Finish","0",0,"","ZlHCMJa5Bo0ecAi4dhvX",2,"e2",3,2,"nonVeridical","0"
"1886","c1","10/6/21 14:33","three_pos_9_3_3_9.csv",0,6,"10/6/21 14:48","0","Finish","0",0,"","ZlHCMJa5Bo0ecAi4dhvX",2,"e2",1,2,"nonVeridical","2"
"1887","c2","10/6/21 14:33","three_pos_9_3_3_9.csv",0,4,"10/6/21 14:48","0","Finish","0",0,"","ZlHCMJa5Bo0ecAi4dhvX",2,"e2",2,2,"veridical","1"
"1888","c3","10/6/21 14:33","three_pos_9_3_3_9.csv",0,5,"10/6/21 14:48","0","Finish","0",0,"","ZlHCMJa5Bo0ecAi4dhvX",2,"e3",3,3,"veridical","0"
"1889","c1","10/6/21 14:33","three_pos_9_3_3_9.csv",0,6,"10/6/21 14:48","0","Finish","0",0,"","ZlHCMJa5Bo0ecAi4dhvX",2,"e3",1,3,"nonVeridical","2"
"1890","c2","10/6/21 14:33","three_pos_9_3_3_9.csv",0,4,"10/6/21 14:48","0","Finish","0",0,"","ZlHCMJa5Bo0ecAi4dhvX",2,"e3",2,3,"nonVeridical","1"
"1891","c3","10/6/21 14:35","three_pos_10_2_0_12.csv",0,10,"10/6/21 14:44","0","Finish","0",1,"","8iD869AbCyCcBCaJFAca",1,"e1",3,1,"nonVeridical","0"
"1892","c1","10/6/21 14:35","three_pos_10_2_0_12.csv",0,1,"10/6/21 14:44","0","Finish","0",1,"","8iD869AbCyCcBCaJFAca",1,"e1",1,1,"veridical","2"
"1893","c2","10/6/21 14:35","three_pos_10_2_0_12.csv",0,2,"10/6/21 14:44","0","Finish","0",1,"","8iD869AbCyCcBCaJFAca",1,"e1",2,1,"nonVeridical","1"
"1894","c3","10/6/21 14:35","three_pos_10_2_0_12.csv",0,10,"10/6/21 14:44","0","Finish","0",1,"","8iD869AbCyCcBCaJFAca",1,"e2",3,2,"nonVeridical","0"
"1895","c1","10/6/21 14:35","three_pos_10_2_0_12.csv",0,10,"10/6/21 14:44","0","Finish","0",1,"","8iD869AbCyCcBCaJFAca",1,"e2",1,2,"nonVeridical","2"
"1896","c2","10/6/21 14:35","three_pos_10_2_0_12.csv",0,0,"10/6/21 14:44","0","Finish","0",1,"","8iD869AbCyCcBCaJFAca",1,"e2",2,2,"veridical","1"
"1897","c3","10/6/21 14:35","three_pos_10_2_0_12.csv",0,10,"10/6/21 14:44","0","Finish","0",1,"","8iD869AbCyCcBCaJFAca",1,"e3",3,3,"veridical","0"
"1898","c1","10/6/21 14:35","three_pos_10_2_0_12.csv",0,10,"10/6/21 14:44","0","Finish","0",1,"","8iD869AbCyCcBCaJFAca",1,"e3",1,3,"nonVeridical","2"
"1899","c2","10/6/21 14:35","three_pos_10_2_0_12.csv",0,0,"10/6/21 14:44","0","Finish","0",1,"","8iD869AbCyCcBCaJFAca",1,"e3",2,3,"nonVeridical","1"
"1900","c2","10/6/21 14:35","three_pos_8_4_0_12.csv",0,0,"10/6/21 14:44","0","Finish","0",1,"","BblcBjo3znZ6ndXtNJJ1",1,"e1",2,1,"nonVeridical","1"
"1901","c3","10/6/21 14:35","three_pos_8_4_0_12.csv",0,0,"10/6/21 14:44","0","Finish","0",1,"","BblcBjo3znZ6ndXtNJJ1",1,"e1",3,1,"nonVeridical","0"
"1902","c1","10/6/21 14:35","three_pos_8_4_0_12.csv",0,7,"10/6/21 14:44","0","Finish","0",1,"","BblcBjo3znZ6ndXtNJJ1",1,"e1",1,1,"veridical","2"
"1903","c2","10/6/21 14:35","three_pos_8_4_0_12.csv",0,5,"10/6/21 14:44","0","Finish","0",1,"","BblcBjo3znZ6ndXtNJJ1",1,"e2",2,2,"veridical","1"
"1904","c3","10/6/21 14:35","three_pos_8_4_0_12.csv",0,0,"10/6/21 14:44","0","Finish","0",1,"","BblcBjo3znZ6ndXtNJJ1",1,"e2",3,2,"nonVeridical","0"
"1905","c1","10/6/21 14:35","three_pos_8_4_0_12.csv",0,0,"10/6/21 14:44","0","Finish","0",1,"","BblcBjo3znZ6ndXtNJJ1",1,"e2",1,2,"nonVeridical","2"
"1906","c2","10/6/21 14:35","three_pos_8_4_0_12.csv",0,0,"10/6/21 14:44","0","Finish","0",1,"","BblcBjo3znZ6ndXtNJJ1",1,"e3",2,3,"nonVeridical","1"
"1907","c3","10/6/21 14:35","three_pos_8_4_0_12.csv",0,7,"10/6/21 14:44","0","Finish","0",1,"","BblcBjo3znZ6ndXtNJJ1",1,"e3",3,3,"veridical","0"
"1908","c1","10/6/21 14:35","three_pos_8_4_0_12.csv",0,0,"10/6/21 14:44","0","Finish","0",1,"","BblcBjo3znZ6ndXtNJJ1",1,"e3",1,3,"nonVeridical","2"
"1909","c1","10/6/21 14:35","three_pos_8_4_0_12.csv",0,10,"10/6/21 14:43","0","Finish","0",1,"","zC6q1x4OZeT1WQpDGMky",2,"e1",1,1,"veridical","2"
"1910","c3","10/6/21 14:35","three_pos_8_4_0_12.csv",0,0,"10/6/21 14:43","0","Finish","0",1,"","zC6q1x4OZeT1WQpDGMky",2,"e1",3,1,"nonVeridical","0"
"1911","c2","10/6/21 14:35","three_pos_8_4_0_12.csv",0,0,"10/6/21 14:43","0","Finish","0",1,"","zC6q1x4OZeT1WQpDGMky",2,"e1",2,1,"nonVeridical","1"
"1912","c1","10/6/21 14:35","three_pos_8_4_0_12.csv",0,0,"10/6/21 14:43","0","Finish","0",1,"","zC6q1x4OZeT1WQpDGMky",2,"e2",1,2,"nonVeridical","2"
"1913","c3","10/6/21 14:35","three_pos_8_4_0_12.csv",0,0,"10/6/21 14:43","0","Finish","0",1,"","zC6q1x4OZeT1WQpDGMky",2,"e2",3,2,"nonVeridical","0"
"1914","c2","10/6/21 14:35","three_pos_8_4_0_12.csv",0,10,"10/6/21 14:43","0","Finish","0",1,"","zC6q1x4OZeT1WQpDGMky",2,"e2",2,2,"veridical","1"
"1915","c1","10/6/21 14:35","three_pos_8_4_0_12.csv",0,0,"10/6/21 14:43","0","Finish","0",1,"","zC6q1x4OZeT1WQpDGMky",2,"e3",1,3,"nonVeridical","2"
"1916","c3","10/6/21 14:35","three_pos_8_4_0_12.csv",0,10,"10/6/21 14:43","0","Finish","0",1,"","zC6q1x4OZeT1WQpDGMky",2,"e3",3,3,"veridical","0"
"1917","c2","10/6/21 14:35","three_pos_8_4_0_12.csv",0,1,"10/6/21 14:43","0","Finish","0",1,"","zC6q1x4OZeT1WQpDGMky",2,"e3",2,3,"nonVeridical","1"
"1918","c2","10/6/21 14:36","three_pos_8_4_0_12.csv",0,5,"10/6/21 14:47","0","Finish","0",0,"","TH0vkVAJT36BuQtjk6m5",3,"e1",2,1,"nonVeridical","1"
"1919","c1","10/6/21 14:36","three_pos_8_4_0_12.csv",0,5,"10/6/21 14:47","0","Finish","0",0,"","TH0vkVAJT36BuQtjk6m5",3,"e1",1,1,"veridical","2"
"1920","c3","10/6/21 14:36","three_pos_8_4_0_12.csv",0,7,"10/6/21 14:47","0","Finish","0",0,"","TH0vkVAJT36BuQtjk6m5",3,"e1",3,1,"nonVeridical","0"
"1921","c2","10/6/21 14:36","three_pos_8_4_0_12.csv",0,6,"10/6/21 14:47","0","Finish","0",0,"","TH0vkVAJT36BuQtjk6m5",3,"e2",2,2,"veridical","1"
"1922","c1","10/6/21 14:36","three_pos_8_4_0_12.csv",0,7,"10/6/21 14:47","0","Finish","0",0,"","TH0vkVAJT36BuQtjk6m5",3,"e2",1,2,"nonVeridical","2"
"1923","c3","10/6/21 14:36","three_pos_8_4_0_12.csv",0,6,"10/6/21 14:47","0","Finish","0",0,"","TH0vkVAJT36BuQtjk6m5",3,"e2",3,2,"nonVeridical","0"
"1924","c2","10/6/21 14:36","three_pos_8_4_0_12.csv",0,3,"10/6/21 14:47","0","Finish","0",0,"","TH0vkVAJT36BuQtjk6m5",3,"e3",2,3,"nonVeridical","1"
"1925","c1","10/6/21 14:36","three_pos_8_4_0_12.csv",0,6,"10/6/21 14:47","0","Finish","0",0,"","TH0vkVAJT36BuQtjk6m5",3,"e3",1,3,"nonVeridical","2"
"1926","c3","10/6/21 14:36","three_pos_8_4_0_12.csv",0,5,"10/6/21 14:47","0","Finish","0",0,"","TH0vkVAJT36BuQtjk6m5",3,"e3",3,3,"veridical","0"
"1927","c2","10/6/21 14:36","three_pos_9_3_3_9.csv",0,5,"10/6/21 14:44","0","Finish","0",1,"","sPKBxhuz79Il4eu3yBbe",2,"e1",2,1,"nonVeridical","1"
"1928","c3","10/6/21 14:36","three_pos_9_3_3_9.csv",0,9,"10/6/21 14:44","0","Finish","0",1,"","sPKBxhuz79Il4eu3yBbe",2,"e1",3,1,"nonVeridical","0"
"1929","c1","10/6/21 14:36","three_pos_9_3_3_9.csv",0,5,"10/6/21 14:44","0","Finish","0",1,"","sPKBxhuz79Il4eu3yBbe",2,"e1",1,1,"veridical","2"
"1930","c2","10/6/21 14:36","three_pos_9_3_3_9.csv",0,5,"10/6/21 14:44","0","Finish","0",1,"","sPKBxhuz79Il4eu3yBbe",2,"e2",2,2,"veridical","1"
"1931","c3","10/6/21 14:36","three_pos_9_3_3_9.csv",0,4,"10/6/21 14:44","0","Finish","0",1,"","sPKBxhuz79Il4eu3yBbe",2,"e2",3,2,"nonVeridical","0"
"1932","c1","10/6/21 14:36","three_pos_9_3_3_9.csv",0,3,"10/6/21 14:44","0","Finish","0",1,"","sPKBxhuz79Il4eu3yBbe",2,"e2",1,2,"nonVeridical","2"
"1933","c2","10/6/21 14:36","three_pos_9_3_3_9.csv",0,5,"10/6/21 14:44","0","Finish","0",1,"","sPKBxhuz79Il4eu3yBbe",2,"e3",2,3,"nonVeridical","1"
"1934","c3","10/6/21 14:36","three_pos_9_3_3_9.csv",0,7,"10/6/21 14:44","0","Finish","0",1,"","sPKBxhuz79Il4eu3yBbe",2,"e3",3,3,"veridical","0"
"1935","c1","10/6/21 14:36","three_pos_9_3_3_9.csv",0,8,"10/6/21 14:44","0","Finish","0",1,"","sPKBxhuz79Il4eu3yBbe",2,"e3",1,3,"nonVeridical","2"
"1936","c1","10/6/21 14:36","three_pos_9_3_3_9.csv",0,4,"10/6/21 15:07","0","Finish","0",0,"football_skiing_tennis_soccer_snowboarding_basketball_cycling_running_hockey","lEFyQcZsT1hBhaUfc8pI",1,"e1",1,1,"veridical","2"
"1937","c2","10/6/21 14:36","three_pos_9_3_3_9.csv",0,6,"10/6/21 15:07","0","Finish","0",0,"football_skiing_tennis_soccer_snowboarding_basketball_cycling_running_hockey","lEFyQcZsT1hBhaUfc8pI",1,"e1",2,1,"nonVeridical","1"
"1938","c3","10/6/21 14:36","three_pos_9_3_3_9.csv",0,4,"10/6/21 15:07","0","Finish","0",0,"football_skiing_tennis_soccer_snowboarding_basketball_cycling_running_hockey","lEFyQcZsT1hBhaUfc8pI",1,"e1",3,1,"nonVeridical","0"
"1939","c1","10/6/21 14:36","three_pos_9_3_3_9.csv",0,4,"10/6/21 15:07","0","Finish","0",0,"football_skiing_tennis_soccer_snowboarding_basketball_cycling_running_hockey","lEFyQcZsT1hBhaUfc8pI",1,"e2",1,2,"nonVeridical","2"
"1940","c2","10/6/21 14:36","three_pos_9_3_3_9.csv",0,8,"10/6/21 15:07","0","Finish","0",0,"football_skiing_tennis_soccer_snowboarding_basketball_cycling_running_hockey","lEFyQcZsT1hBhaUfc8pI",1,"e2",2,2,"veridical","1"
"1941","c3","10/6/21 14:36","three_pos_9_3_3_9.csv",0,5,"10/6/21 15:07","0","Finish","0",0,"football_skiing_tennis_soccer_snowboarding_basketball_cycling_running_hockey","lEFyQcZsT1hBhaUfc8pI",1,"e2",3,2,"nonVeridical","0"
"1942","c1","10/6/21 14:36","three_pos_9_3_3_9.csv",0,6,"10/6/21 15:07","0","Finish","0",0,"football_skiing_tennis_soccer_snowboarding_basketball_cycling_running_hockey","lEFyQcZsT1hBhaUfc8pI",1,"e3",1,3,"nonVeridical","2"
"1943","c2","10/6/21 14:36","three_pos_9_3_3_9.csv",0,2,"10/6/21 15:07","0","Finish","0",0,"football_skiing_tennis_soccer_snowboarding_basketball_cycling_running_hockey","lEFyQcZsT1hBhaUfc8pI",1,"e3",2,3,"nonVeridical","1"
"1944","c3","10/6/21 14:36","three_pos_9_3_3_9.csv",0,6,"10/6/21 15:07","0","Finish","0",0,"football_skiing_tennis_soccer_snowboarding_basketball_cycling_running_hockey","lEFyQcZsT1hBhaUfc8pI",1,"e3",3,3,"veridical","0"
"1945","c2","10/6/21 14:36","three_pos_10_2_0_12.csv",0,3,"10/6/21 14:54","1","Finish","0",0,"skiing_football_tennis_soccer_snowboarding_basketball_cycling_running_hockey","42S7Wzc7oXS8l565nrUS",1,"e1",2,1,"nonVeridical","1"
"1946","c3","10/6/21 14:36","three_pos_10_2_0_12.csv",0,4,"10/6/21 14:54","1","Finish","0",0,"skiing_football_tennis_soccer_snowboarding_basketball_cycling_running_hockey","42S7Wzc7oXS8l565nrUS",1,"e1",3,1,"nonVeridical","0"
"1947","c1","10/6/21 14:36","three_pos_10_2_0_12.csv",0,5,"10/6/21 14:54","1","Finish","0",0,"skiing_football_tennis_soccer_snowboarding_basketball_cycling_running_hockey","42S7Wzc7oXS8l565nrUS",1,"e1",1,1,"veridical","2"
"1948","c2","10/6/21 14:36","three_pos_10_2_0_12.csv",0,8,"10/6/21 14:54","1","Finish","0",0,"skiing_football_tennis_soccer_snowboarding_basketball_cycling_running_hockey","42S7Wzc7oXS8l565nrUS",1,"e2",2,2,"veridical","1"
"1949","c3","10/6/21 14:36","three_pos_10_2_0_12.csv",0,5,"10/6/21 14:54","1","Finish","0",0,"skiing_football_tennis_soccer_snowboarding_basketball_cycling_running_hockey","42S7Wzc7oXS8l565nrUS",1,"e2",3,2,"nonVeridical","0"
"1950","c1","10/6/21 14:36","three_pos_10_2_0_12.csv",0,4,"10/6/21 14:54","1","Finish","0",0,"skiing_football_tennis_soccer_snowboarding_basketball_cycling_running_hockey","42S7Wzc7oXS8l565nrUS",1,"e2",1,2,"nonVeridical","2"
"1951","c2","10/6/21 14:36","three_pos_10_2_0_12.csv",0,2,"10/6/21 14:54","1","Finish","0",0,"skiing_football_tennis_soccer_snowboarding_basketball_cycling_running_hockey","42S7Wzc7oXS8l565nrUS",1,"e3",2,3,"nonVeridical","1"
"1952","c3","10/6/21 14:36","three_pos_10_2_0_12.csv",0,6,"10/6/21 14:54","1","Finish","0",0,"skiing_football_tennis_soccer_snowboarding_basketball_cycling_running_hockey","42S7Wzc7oXS8l565nrUS",1,"e3",3,3,"veridical","0"
"1953","c1","10/6/21 14:36","three_pos_10_2_0_12.csv",0,6,"10/6/21 14:54","1","Finish","0",0,"skiing_football_tennis_soccer_snowboarding_basketball_cycling_running_hockey","42S7Wzc7oXS8l565nrUS",1,"e3",1,3,"nonVeridical","2"
"1954","c2","10/6/21 14:37","three_pos_10_2_0_12.csv",0,1,"10/6/21 14:49","0","Finish","0",0,"","ZOqv4UXnWsL8T2cIkwed",2,"e1",2,1,"nonVeridical","1"
"1955","c1","10/6/21 14:37","three_pos_10_2_0_12.csv",0,2,"10/6/21 14:49","0","Finish","0",0,"","ZOqv4UXnWsL8T2cIkwed",2,"e1",1,1,"veridical","2"
"1956","c3","10/6/21 14:37","three_pos_10_2_0_12.csv",0,9,"10/6/21 14:49","0","Finish","0",0,"","ZOqv4UXnWsL8T2cIkwed",2,"e1",3,1,"nonVeridical","0"
"1957","c2","10/6/21 14:37","three_pos_10_2_0_12.csv",0,9,"10/6/21 14:49","0","Finish","0",0,"","ZOqv4UXnWsL8T2cIkwed",2,"e2",2,2,"veridical","1"
"1958","c1","10/6/21 14:37","three_pos_10_2_0_12.csv",0,2,"10/6/21 14:49","0","Finish","0",0,"","ZOqv4UXnWsL8T2cIkwed",2,"e2",1,2,"nonVeridical","2"
"1959","c3","10/6/21 14:37","three_pos_10_2_0_12.csv",0,0,"10/6/21 14:49","0","Finish","0",0,"","ZOqv4UXnWsL8T2cIkwed",2,"e2",3,2,"nonVeridical","0"
"1960","c2","10/6/21 14:37","three_pos_10_2_0_12.csv",0,1,"10/6/21 14:49","0","Finish","0",0,"","ZOqv4UXnWsL8T2cIkwed",2,"e3",2,3,"nonVeridical","1"
"1961","c1","10/6/21 14:37","three_pos_10_2_0_12.csv",0,10,"10/6/21 14:49","0","Finish","0",0,"","ZOqv4UXnWsL8T2cIkwed",2,"e3",1,3,"nonVeridical","2"
"1962","c3","10/6/21 14:37","three_pos_10_2_0_12.csv",0,1,"10/6/21 14:49","0","Finish","0",0,"","ZOqv4UXnWsL8T2cIkwed",2,"e3",3,3,"veridical","0"
"1963","c2","10/6/21 14:37","three_pos_8_4_0_12.csv",0,3,"10/6/21 14:50","0","Finish","0",0,"","hMA7ppDN2DdYcZJboJoE",3,"e1",2,1,"nonVeridical","1"
"1964","c1","10/6/21 14:37","three_pos_8_4_0_12.csv",0,7,"10/6/21 14:50","0","Finish","0",0,"","hMA7ppDN2DdYcZJboJoE",3,"e1",1,1,"veridical","2"
"1965","c3","10/6/21 14:37","three_pos_8_4_0_12.csv",0,4,"10/6/21 14:50","0","Finish","0",0,"","hMA7ppDN2DdYcZJboJoE",3,"e1",3,1,"nonVeridical","0"
"1966","c2","10/6/21 14:37","three_pos_8_4_0_12.csv",0,9,"10/6/21 14:50","0","Finish","0",0,"","hMA7ppDN2DdYcZJboJoE",3,"e2",2,2,"veridical","1"
"1967","c1","10/6/21 14:37","three_pos_8_4_0_12.csv",0,8,"10/6/21 14:50","0","Finish","0",0,"","hMA7ppDN2DdYcZJboJoE",3,"e2",1,2,"nonVeridical","2"
"1968","c3","10/6/21 14:37","three_pos_8_4_0_12.csv",0,9,"10/6/21 14:50","0","Finish","0",0,"","hMA7ppDN2DdYcZJboJoE",3,"e2",3,2,"nonVeridical","0"
"1969","c2","10/6/21 14:37","three_pos_8_4_0_12.csv",0,7,"10/6/21 14:50","0","Finish","0",0,"","hMA7ppDN2DdYcZJboJoE",3,"e3",2,3,"nonVeridical","1"
"1970","c1","10/6/21 14:37","three_pos_8_4_0_12.csv",0,7,"10/6/21 14:50","0","Finish","0",0,"","hMA7ppDN2DdYcZJboJoE",3,"e3",1,3,"nonVeridical","2"
"1971","c3","10/6/21 14:37","three_pos_8_4_0_12.csv",0,8,"10/6/21 14:50","0","Finish","0",0,"","hMA7ppDN2DdYcZJboJoE",3,"e3",3,3,"veridical","0"
"1972","c2","10/6/21 14:37","three_pos_8_4_0_12.csv",0,7,"10/6/21 14:49","1","Finish","1",0,"","dVOjjRjf7zg5sTQ5YZ00",2,"e1",2,1,"nonVeridical","1"
"1973","c1","10/6/21 14:37","three_pos_8_4_0_12.csv",0,8,"10/6/21 14:49","1","Finish","1",0,"","dVOjjRjf7zg5sTQ5YZ00",2,"e1",1,1,"veridical","2"
"1974","c3","10/6/21 14:37","three_pos_8_4_0_12.csv",0,8,"10/6/21 14:49","1","Finish","1",0,"","dVOjjRjf7zg5sTQ5YZ00",2,"e1",3,1,"nonVeridical","0"
"1975","c2","10/6/21 14:37","three_pos_8_4_0_12.csv",0,7,"10/6/21 14:49","1","Finish","1",0,"","dVOjjRjf7zg5sTQ5YZ00",2,"e2",2,2,"veridical","1"
"1976","c1","10/6/21 14:37","three_pos_8_4_0_12.csv",0,1,"10/6/21 14:49","1","Finish","1",0,"","dVOjjRjf7zg5sTQ5YZ00",2,"e2",1,2,"nonVeridical","2"
"1977","c3","10/6/21 14:37","three_pos_8_4_0_12.csv",0,7,"10/6/21 14:49","1","Finish","1",0,"","dVOjjRjf7zg5sTQ5YZ00",2,"e2",3,2,"nonVeridical","0"
"1978","c2","10/6/21 14:37","three_pos_8_4_0_12.csv",0,5,"10/6/21 14:49","1","Finish","1",0,"","dVOjjRjf7zg5sTQ5YZ00",2,"e3",2,3,"nonVeridical","1"
"1979","c1","10/6/21 14:37","three_pos_8_4_0_12.csv",0,2,"10/6/21 14:49","1","Finish","1",0,"","dVOjjRjf7zg5sTQ5YZ00",2,"e3",1,3,"nonVeridical","2"
"1980","c3","10/6/21 14:37","three_pos_8_4_0_12.csv",0,4,"10/6/21 14:49","1","Finish","1",0,"","dVOjjRjf7zg5sTQ5YZ00",2,"e3",3,3,"veridical","0"
"1981","c3","10/6/21 14:38","three_pos_10_2_0_12.csv",0,8,"10/6/21 14:58","0","Finish","0",0,"","U7hX2vY7mmn2qtXvpqfS",3,"e1",3,1,"nonVeridical","0"
"1982","c2","10/6/21 14:38","three_pos_10_2_0_12.csv",0,7,"10/6/21 14:58","0","Finish","0",0,"","U7hX2vY7mmn2qtXvpqfS",3,"e1",2,1,"nonVeridical","1"
"1983","c1","10/6/21 14:38","three_pos_10_2_0_12.csv",0,4,"10/6/21 14:58","0","Finish","0",0,"","U7hX2vY7mmn2qtXvpqfS",3,"e1",1,1,"veridical","2"
"1984","c3","10/6/21 14:38","three_pos_10_2_0_12.csv",0,8,"10/6/21 14:58","0","Finish","0",0,"","U7hX2vY7mmn2qtXvpqfS",3,"e2",3,2,"nonVeridical","0"
"1985","c2","10/6/21 14:38","three_pos_10_2_0_12.csv",0,8,"10/6/21 14:58","0","Finish","0",0,"","U7hX2vY7mmn2qtXvpqfS",3,"e2",2,2,"veridical","1"
"1986","c1","10/6/21 14:38","three_pos_10_2_0_12.csv",0,8,"10/6/21 14:58","0","Finish","0",0,"","U7hX2vY7mmn2qtXvpqfS",3,"e2",1,2,"nonVeridical","2"
"1987","c3","10/6/21 14:38","three_pos_10_2_0_12.csv",0,7,"10/6/21 14:58","0","Finish","0",0,"","U7hX2vY7mmn2qtXvpqfS",3,"e3",3,3,"veridical","0"
"1988","c2","10/6/21 14:38","three_pos_10_2_0_12.csv",0,8,"10/6/21 14:58","0","Finish","0",0,"","U7hX2vY7mmn2qtXvpqfS",3,"e3",2,3,"nonVeridical","1"
"1989","c1","10/6/21 14:38","three_pos_10_2_0_12.csv",0,8,"10/6/21 14:58","0","Finish","0",0,"","U7hX2vY7mmn2qtXvpqfS",3,"e3",1,3,"nonVeridical","2"
"1990","c2","10/6/21 14:40","three_pos_8_4_0_12.csv",0,10,"10/6/21 14:48","0","Finish","0",1,"","fjs82xUYK32tGzmWpZ8v",1,"e1",2,1,"nonVeridical","1"
"1991","c3","10/6/21 14:40","three_pos_8_4_0_12.csv",0,10,"10/6/21 14:48","0","Finish","0",1,"","fjs82xUYK32tGzmWpZ8v",1,"e1",3,1,"nonVeridical","0"
"1992","c1","10/6/21 14:40","three_pos_8_4_0_12.csv",0,0,"10/6/21 14:48","0","Finish","0",1,"","fjs82xUYK32tGzmWpZ8v",1,"e1",1,1,"veridical","2"
"1993","c2","10/6/21 14:40","three_pos_8_4_0_12.csv",0,3,"10/6/21 14:48","0","Finish","0",1,"","fjs82xUYK32tGzmWpZ8v",1,"e2",2,2,"veridical","1"
"1994","c3","10/6/21 14:40","three_pos_8_4_0_12.csv",0,4,"10/6/21 14:48","0","Finish","0",1,"","fjs82xUYK32tGzmWpZ8v",1,"e2",3,2,"nonVeridical","0"
"1995","c1","10/6/21 14:40","three_pos_8_4_0_12.csv",0,7,"10/6/21 14:48","0","Finish","0",1,"","fjs82xUYK32tGzmWpZ8v",1,"e2",1,2,"nonVeridical","2"
"1996","c2","10/6/21 14:40","three_pos_8_4_0_12.csv",0,7,"10/6/21 14:48","0","Finish","0",1,"","fjs82xUYK32tGzmWpZ8v",1,"e3",2,3,"nonVeridical","1"
"1997","c3","10/6/21 14:40","three_pos_8_4_0_12.csv",0,5,"10/6/21 14:48","0","Finish","0",1,"","fjs82xUYK32tGzmWpZ8v",1,"e3",3,3,"veridical","0"
"1998","c1","10/6/21 14:40","three_pos_8_4_0_12.csv",0,4,"10/6/21 14:48","0","Finish","0",1,"","fjs82xUYK32tGzmWpZ8v",1,"e3",1,3,"nonVeridical","2"
"1999","c2","10/6/21 14:40","three_pos_10_2_0_12.csv",0,6,"10/6/21 14:57","0","Finish","0",0,"","XNGzkDjdd22oQMZDekDM",1,"e1",2,1,"nonVeridical","1"
"2000","c3","10/6/21 14:40","three_pos_10_2_0_12.csv",0,6,"10/6/21 14:57","0","Finish","0",0,"","XNGzkDjdd22oQMZDekDM",1,"e1",3,1,"nonVeridical","0"
"2001","c1","10/6/21 14:40","three_pos_10_2_0_12.csv",0,7,"10/6/21 14:57","0","Finish","0",0,"","XNGzkDjdd22oQMZDekDM",1,"e1",1,1,"veridical","2"
"2002","c2","10/6/21 14:40","three_pos_10_2_0_12.csv",0,5,"10/6/21 14:57","0","Finish","0",0,"","XNGzkDjdd22oQMZDekDM",1,"e2",2,2,"veridical","1"
"2003","c3","10/6/21 14:40","three_pos_10_2_0_12.csv",0,8,"10/6/21 14:57","0","Finish","0",0,"","XNGzkDjdd22oQMZDekDM",1,"e2",3,2,"nonVeridical","0"
"2004","c1","10/6/21 14:40","three_pos_10_2_0_12.csv",0,6,"10/6/21 14:57","0","Finish","0",0,"","XNGzkDjdd22oQMZDekDM",1,"e2",1,2,"nonVeridical","2"
"2005","c2","10/6/21 14:40","three_pos_10_2_0_12.csv",0,6,"10/6/21 14:57","0","Finish","0",0,"","XNGzkDjdd22oQMZDekDM",1,"e3",2,3,"nonVeridical","1"
"2006","c3","10/6/21 14:40","three_pos_10_2_0_12.csv",0,7,"10/6/21 14:57","0","Finish","0",0,"","XNGzkDjdd22oQMZDekDM",1,"e3",3,3,"veridical","0"
"2007","c1","10/6/21 14:40","three_pos_10_2_0_12.csv",0,6,"10/6/21 14:57","0","Finish","0",0,"","XNGzkDjdd22oQMZDekDM",1,"e3",1,3,"nonVeridical","2"
"2008","c1","10/6/21 14:41","three_pos_8_4_0_12.csv",0,6,"10/6/21 14:55","0","Finish","0",0,"","RK9YdUQQg6O7iNH9Hpwt",1,"e1",1,1,"veridical","2"
"2009","c2","10/6/21 14:41","three_pos_8_4_0_12.csv",0,4,"10/6/21 14:55","0","Finish","0",0,"","RK9YdUQQg6O7iNH9Hpwt",1,"e1",2,1,"nonVeridical","1"
"2010","c3","10/6/21 14:41","three_pos_8_4_0_12.csv",0,4,"10/6/21 14:55","0","Finish","0",0,"","RK9YdUQQg6O7iNH9Hpwt",1,"e1",3,1,"nonVeridical","0"
"2011","c1","10/6/21 14:41","three_pos_8_4_0_12.csv",0,5,"10/6/21 14:55","0","Finish","0",0,"","RK9YdUQQg6O7iNH9Hpwt",1,"e2",1,2,"nonVeridical","2"
"2012","c2","10/6/21 14:41","three_pos_8_4_0_12.csv",0,4,"10/6/21 14:55","0","Finish","0",0,"","RK9YdUQQg6O7iNH9Hpwt",1,"e2",2,2,"veridical","1"
"2013","c3","10/6/21 14:41","three_pos_8_4_0_12.csv",0,4,"10/6/21 14:55","0","Finish","0",0,"","RK9YdUQQg6O7iNH9Hpwt",1,"e2",3,2,"nonVeridical","0"
"2014","c1","10/6/21 14:41","three_pos_8_4_0_12.csv",0,6,"10/6/21 14:55","0","Finish","0",0,"","RK9YdUQQg6O7iNH9Hpwt",1,"e3",1,3,"nonVeridical","2"
"2015","c2","10/6/21 14:41","three_pos_8_4_0_12.csv",0,5,"10/6/21 14:55","0","Finish","0",0,"","RK9YdUQQg6O7iNH9Hpwt",1,"e3",2,3,"nonVeridical","1"
"2016","c3","10/6/21 14:41","three_pos_8_4_0_12.csv",0,5,"10/6/21 14:55","0","Finish","0",0,"","RK9YdUQQg6O7iNH9Hpwt",1,"e3",3,3,"veridical","0"
"2017","c3","10/6/21 14:41","three_pos_10_2_0_12.csv",0,3,"10/6/21 14:51","0","Finish","0",1,"","CrhFSTM03kwLJlB5X7VZ",2,"e1",3,1,"nonVeridical","0"
"2018","c2","10/6/21 14:41","three_pos_10_2_0_12.csv",0,2,"10/6/21 14:51","0","Finish","0",1,"","CrhFSTM03kwLJlB5X7VZ",2,"e1",2,1,"nonVeridical","1"
"2019","c1","10/6/21 14:41","three_pos_10_2_0_12.csv",0,7,"10/6/21 14:51","0","Finish","0",1,"","CrhFSTM03kwLJlB5X7VZ",2,"e1",1,1,"veridical","2"
"2020","c3","10/6/21 14:41","three_pos_10_2_0_12.csv",0,7,"10/6/21 14:51","0","Finish","0",1,"","CrhFSTM03kwLJlB5X7VZ",2,"e2",3,2,"nonVeridical","0"
"2021","c2","10/6/21 14:41","three_pos_10_2_0_12.csv",0,7,"10/6/21 14:51","0","Finish","0",1,"","CrhFSTM03kwLJlB5X7VZ",2,"e2",2,2,"veridical","1"
"2022","c1","10/6/21 14:41","three_pos_10_2_0_12.csv",0,2,"10/6/21 14:51","0","Finish","0",1,"","CrhFSTM03kwLJlB5X7VZ",2,"e2",1,2,"nonVeridical","2"
"2023","c3","10/6/21 14:41","three_pos_10_2_0_12.csv",0,4,"10/6/21 14:51","0","Finish","0",1,"","CrhFSTM03kwLJlB5X7VZ",2,"e3",3,3,"veridical","0"
"2024","c2","10/6/21 14:41","three_pos_10_2_0_12.csv",0,5,"10/6/21 14:51","0","Finish","0",1,"","CrhFSTM03kwLJlB5X7VZ",2,"e3",2,3,"nonVeridical","1"
"2025","c1","10/6/21 14:41","three_pos_10_2_0_12.csv",0,5,"10/6/21 14:51","0","Finish","0",1,"","CrhFSTM03kwLJlB5X7VZ",2,"e3",1,3,"nonVeridical","2"
"2026","c2","10/6/21 14:42","three_pos_8_4_0_12.csv",0,8,"10/6/21 14:50","0","Finish","0",1,"","4DdT6LJw9HQBXH5Oyp7u",2,"e1",2,1,"nonVeridical","1"
"2027","c1","10/6/21 14:42","three_pos_8_4_0_12.csv",0,7,"10/6/21 14:50","0","Finish","0",1,"","4DdT6LJw9HQBXH5Oyp7u",2,"e1",1,1,"veridical","2"
"2028","c3","10/6/21 14:42","three_pos_8_4_0_12.csv",0,8,"10/6/21 14:50","0","Finish","0",1,"","4DdT6LJw9HQBXH5Oyp7u",2,"e1",3,1,"nonVeridical","0"
"2029","c2","10/6/21 14:42","three_pos_8_4_0_12.csv",0,8,"10/6/21 14:50","0","Finish","0",1,"","4DdT6LJw9HQBXH5Oyp7u",2,"e2",2,2,"veridical","1"
"2030","c1","10/6/21 14:42","three_pos_8_4_0_12.csv",0,8,"10/6/21 14:50","0","Finish","0",1,"","4DdT6LJw9HQBXH5Oyp7u",2,"e2",1,2,"nonVeridical","2"
"2031","c3","10/6/21 14:42","three_pos_8_4_0_12.csv",0,7,"10/6/21 14:50","0","Finish","0",1,"","4DdT6LJw9HQBXH5Oyp7u",2,"e2",3,2,"nonVeridical","0"
"2032","c2","10/6/21 14:42","three_pos_8_4_0_12.csv",0,8,"10/6/21 14:50","0","Finish","0",1,"","4DdT6LJw9HQBXH5Oyp7u",2,"e3",2,3,"nonVeridical","1"
"2033","c1","10/6/21 14:42","three_pos_8_4_0_12.csv",0,9,"10/6/21 14:50","0","Finish","0",1,"","4DdT6LJw9HQBXH5Oyp7u",2,"e3",1,3,"nonVeridical","2"
"2034","c3","10/6/21 14:42","three_pos_8_4_0_12.csv",0,8,"10/6/21 14:50","0","Finish","0",1,"","4DdT6LJw9HQBXH5Oyp7u",2,"e3",3,3,"veridical","0"
"2035","c3","10/6/21 14:43","three_pos_8_4_0_12.csv",0,1,"10/6/21 15:01","0","Finish","0",1,"","E4Vgsxo73U88psLhJikK",3,"e1",3,1,"nonVeridical","0"
"2036","c1","10/6/21 14:43","three_pos_8_4_0_12.csv",0,2,"10/6/21 15:01","0","Finish","0",1,"","E4Vgsxo73U88psLhJikK",3,"e1",1,1,"veridical","2"
"2037","c2","10/6/21 14:43","three_pos_8_4_0_12.csv",0,6,"10/6/21 15:01","0","Finish","0",1,"","E4Vgsxo73U88psLhJikK",3,"e1",2,1,"nonVeridical","1"
"2038","c3","10/6/21 14:43","three_pos_8_4_0_12.csv",0,2,"10/6/21 15:01","0","Finish","0",1,"","E4Vgsxo73U88psLhJikK",3,"e2",3,2,"nonVeridical","0"
"2039","c1","10/6/21 14:43","three_pos_8_4_0_12.csv",0,1,"10/6/21 15:01","0","Finish","0",1,"","E4Vgsxo73U88psLhJikK",3,"e2",1,2,"nonVeridical","2"
"2040","c2","10/6/21 14:43","three_pos_8_4_0_12.csv",0,6,"10/6/21 15:01","0","Finish","0",1,"","E4Vgsxo73U88psLhJikK",3,"e2",2,2,"veridical","1"
"2041","c3","10/6/21 14:43","three_pos_8_4_0_12.csv",0,2,"10/6/21 15:01","0","Finish","0",1,"","E4Vgsxo73U88psLhJikK",3,"e3",3,3,"veridical","0"
"2042","c1","10/6/21 14:43","three_pos_8_4_0_12.csv",0,3,"10/6/21 15:01","0","Finish","0",1,"","E4Vgsxo73U88psLhJikK",3,"e3",1,3,"nonVeridical","2"
"2043","c2","10/6/21 14:43","three_pos_8_4_0_12.csv",0,4,"10/6/21 15:01","0","Finish","0",1,"","E4Vgsxo73U88psLhJikK",3,"e3",2,3,"nonVeridical","1"
"2044","c2","10/6/21 14:43","three_pos_10_2_0_12.csv",0,6,"10/6/21 14:55","0","Finish","0",1,"","h17wtdv9g13YG6PgTmGI",3,"e1",2,1,"nonVeridical","1"
"2045","c1","10/6/21 14:43","three_pos_10_2_0_12.csv",0,7,"10/6/21 14:55","0","Finish","0",1,"","h17wtdv9g13YG6PgTmGI",3,"e1",1,1,"veridical","2"
"2046","c3","10/6/21 14:43","three_pos_10_2_0_12.csv",0,6,"10/6/21 14:55","0","Finish","0",1,"","h17wtdv9g13YG6PgTmGI",3,"e1",3,1,"nonVeridical","0"
"2047","c2","10/6/21 14:43","three_pos_10_2_0_12.csv",0,4,"10/6/21 14:55","0","Finish","0",1,"","h17wtdv9g13YG6PgTmGI",3,"e2",2,2,"veridical","1"
"2048","c1","10/6/21 14:43","three_pos_10_2_0_12.csv",0,4,"10/6/21 14:55","0","Finish","0",1,"","h17wtdv9g13YG6PgTmGI",3,"e2",1,2,"nonVeridical","2"
"2049","c3","10/6/21 14:43","three_pos_10_2_0_12.csv",0,4,"10/6/21 14:55","0","Finish","0",1,"","h17wtdv9g13YG6PgTmGI",3,"e2",3,2,"nonVeridical","0"
"2050","c2","10/6/21 14:43","three_pos_10_2_0_12.csv",0,8,"10/6/21 14:55","0","Finish","0",1,"","h17wtdv9g13YG6PgTmGI",3,"e3",2,3,"nonVeridical","1"
"2051","c1","10/6/21 14:43","three_pos_10_2_0_12.csv",0,8,"10/6/21 14:55","0","Finish","0",1,"","h17wtdv9g13YG6PgTmGI",3,"e3",1,3,"nonVeridical","2"
"2052","c3","10/6/21 14:43","three_pos_10_2_0_12.csv",0,8,"10/6/21 14:55","0","Finish","0",1,"","h17wtdv9g13YG6PgTmGI",3,"e3",3,3,"veridical","0"
"2053","c3","10/6/21 14:44","three_pos_8_4_0_12.csv",0,7,"10/6/21 15:01","0","Finish","0",0,"","0Ngzbcr2iRpacUBranS9",3,"e1",3,1,"nonVeridical","0"
"2054","c2","10/6/21 14:44","three_pos_8_4_0_12.csv",0,3,"10/6/21 15:01","0","Finish","0",0,"","0Ngzbcr2iRpacUBranS9",3,"e1",2,1,"nonVeridical","1"
"2055","c1","10/6/21 14:44","three_pos_8_4_0_12.csv",0,4,"10/6/21 15:01","0","Finish","0",0,"","0Ngzbcr2iRpacUBranS9",3,"e1",1,1,"veridical","2"
"2056","c3","10/6/21 14:44","three_pos_8_4_0_12.csv",0,8,"10/6/21 15:01","0","Finish","0",0,"","0Ngzbcr2iRpacUBranS9",3,"e2",3,2,"nonVeridical","0"
"2057","c2","10/6/21 14:44","three_pos_8_4_0_12.csv",0,7,"10/6/21 15:01","0","Finish","0",0,"","0Ngzbcr2iRpacUBranS9",3,"e2",2,2,"veridical","1"
"2058","c1","10/6/21 14:44","three_pos_8_4_0_12.csv",0,1,"10/6/21 15:01","0","Finish","0",0,"","0Ngzbcr2iRpacUBranS9",3,"e2",1,2,"nonVeridical","2"
"2059","c3","10/6/21 14:44","three_pos_8_4_0_12.csv",0,9,"10/6/21 15:01","0","Finish","0",0,"","0Ngzbcr2iRpacUBranS9",3,"e3",3,3,"veridical","0"
"2060","c2","10/6/21 14:44","three_pos_8_4_0_12.csv",0,7,"10/6/21 15:01","0","Finish","0",0,"","0Ngzbcr2iRpacUBranS9",3,"e3",2,3,"nonVeridical","1"
"2061","c1","10/6/21 14:44","three_pos_8_4_0_12.csv",0,6,"10/6/21 15:01","0","Finish","0",0,"","0Ngzbcr2iRpacUBranS9",3,"e3",1,3,"nonVeridical","2"
"2062","c2","10/6/21 14:44","three_pos_9_3_3_9.csv",0,7,"10/6/21 14:58","0","Finish","0",1,"","lkPCYOF2rH5QonjaeyJc",1,"e1",2,1,"nonVeridical","1"
"2063","c3","10/6/21 14:44","three_pos_9_3_3_9.csv",0,6,"10/6/21 14:58","0","Finish","0",1,"","lkPCYOF2rH5QonjaeyJc",1,"e1",3,1,"nonVeridical","0"
"2064","c1","10/6/21 14:44","three_pos_9_3_3_9.csv",0,5,"10/6/21 14:58","0","Finish","0",1,"","lkPCYOF2rH5QonjaeyJc",1,"e1",1,1,"veridical","2"
"2065","c2","10/6/21 14:44","three_pos_9_3_3_9.csv",0,6,"10/6/21 14:58","0","Finish","0",1,"","lkPCYOF2rH5QonjaeyJc",1,"e2",2,2,"veridical","1"
"2066","c3","10/6/21 14:44","three_pos_9_3_3_9.csv",0,8,"10/6/21 14:58","0","Finish","0",1,"","lkPCYOF2rH5QonjaeyJc",1,"e2",3,2,"nonVeridical","0"
"2067","c1","10/6/21 14:44","three_pos_9_3_3_9.csv",0,8,"10/6/21 14:58","0","Finish","0",1,"","lkPCYOF2rH5QonjaeyJc",1,"e2",1,2,"nonVeridical","2"
"2068","c2","10/6/21 14:44","three_pos_9_3_3_9.csv",0,7,"10/6/21 14:58","0","Finish","0",1,"","lkPCYOF2rH5QonjaeyJc",1,"e3",2,3,"nonVeridical","1"
"2069","c3","10/6/21 14:44","three_pos_9_3_3_9.csv",0,8,"10/6/21 14:58","0","Finish","0",1,"","lkPCYOF2rH5QonjaeyJc",1,"e3",3,3,"veridical","0"
"2070","c1","10/6/21 14:44","three_pos_9_3_3_9.csv",0,5,"10/6/21 14:58","0","Finish","0",1,"","lkPCYOF2rH5QonjaeyJc",1,"e3",1,3,"nonVeridical","2"
"2071","c2","10/6/21 14:44","three_pos_10_2_0_12.csv",0,4,"10/6/21 14:58","0","Finish","0",1,"","Y1khjg0dPp7v8pvBMvZT",2,"e1",2,1,"nonVeridical","1"
"2072","c3","10/6/21 14:44","three_pos_10_2_0_12.csv",0,4,"10/6/21 14:58","0","Finish","0",1,"","Y1khjg0dPp7v8pvBMvZT",2,"e1",3,1,"nonVeridical","0"
"2073","c1","10/6/21 14:44","three_pos_10_2_0_12.csv",0,6,"10/6/21 14:58","0","Finish","0",1,"","Y1khjg0dPp7v8pvBMvZT",2,"e1",1,1,"veridical","2"
"2074","c2","10/6/21 14:44","three_pos_10_2_0_12.csv",0,4,"10/6/21 14:58","0","Finish","0",1,"","Y1khjg0dPp7v8pvBMvZT",2,"e2",2,2,"veridical","1"
"2075","c3","10/6/21 14:44","three_pos_10_2_0_12.csv",0,5,"10/6/21 14:58","0","Finish","0",1,"","Y1khjg0dPp7v8pvBMvZT",2,"e2",3,2,"nonVeridical","0"
"2076","c1","10/6/21 14:44","three_pos_10_2_0_12.csv",0,5,"10/6/21 14:58","0","Finish","0",1,"","Y1khjg0dPp7v8pvBMvZT",2,"e2",1,2,"nonVeridical","2"
"2077","c2","10/6/21 14:44","three_pos_10_2_0_12.csv",0,6,"10/6/21 14:58","0","Finish","0",1,"","Y1khjg0dPp7v8pvBMvZT",2,"e3",2,3,"nonVeridical","1"
"2078","c3","10/6/21 14:44","three_pos_10_2_0_12.csv",0,5,"10/6/21 14:58","0","Finish","0",1,"","Y1khjg0dPp7v8pvBMvZT",2,"e3",3,3,"veridical","0"
"2079","c1","10/6/21 14:44","three_pos_10_2_0_12.csv",0,3,"10/6/21 14:58","0","Finish","0",1,"","Y1khjg0dPp7v8pvBMvZT",2,"e3",1,3,"nonVeridical","2"
"2080","c3","10/6/21 14:44","three_pos_8_4_0_12.csv",0,4,"10/6/21 14:55","0","Finish","0",0,"soccer_snowboarding_running_cycling","2JlZPTOK4bIWzCL6HMEM",2,"e1",3,1,"nonVeridical","0"
"2081","c1","10/6/21 14:44","three_pos_8_4_0_12.csv",0,6,"10/6/21 14:55","0","Finish","0",0,"soccer_snowboarding_running_cycling","2JlZPTOK4bIWzCL6HMEM",2,"e1",1,1,"veridical","2"
"2082","c2","10/6/21 14:44","three_pos_8_4_0_12.csv",0,4,"10/6/21 14:55","0","Finish","0",0,"soccer_snowboarding_running_cycling","2JlZPTOK4bIWzCL6HMEM",2,"e1",2,1,"nonVeridical","1"
"2083","c3","10/6/21 14:44","three_pos_8_4_0_12.csv",0,2,"10/6/21 14:55","0","Finish","0",0,"soccer_snowboarding_running_cycling","2JlZPTOK4bIWzCL6HMEM",2,"e2",3,2,"nonVeridical","0"
"2084","c1","10/6/21 14:44","three_pos_8_4_0_12.csv",0,3,"10/6/21 14:55","0","Finish","0",0,"soccer_snowboarding_running_cycling","2JlZPTOK4bIWzCL6HMEM",2,"e2",1,2,"nonVeridical","2"
"2085","c2","10/6/21 14:44","three_pos_8_4_0_12.csv",0,8,"10/6/21 14:55","0","Finish","0",0,"soccer_snowboarding_running_cycling","2JlZPTOK4bIWzCL6HMEM",2,"e2",2,2,"veridical","1"
"2086","c3","10/6/21 14:44","three_pos_8_4_0_12.csv",0,7,"10/6/21 14:55","0","Finish","0",0,"soccer_snowboarding_running_cycling","2JlZPTOK4bIWzCL6HMEM",2,"e3",3,3,"veridical","0"
"2087","c1","10/6/21 14:44","three_pos_8_4_0_12.csv",0,3,"10/6/21 14:55","0","Finish","0",0,"soccer_snowboarding_running_cycling","2JlZPTOK4bIWzCL6HMEM",2,"e3",1,3,"nonVeridical","2"
"2088","c2","10/6/21 14:44","three_pos_8_4_0_12.csv",0,8,"10/6/21 14:55","0","Finish","0",0,"soccer_snowboarding_running_cycling","2JlZPTOK4bIWzCL6HMEM",2,"e3",2,3,"nonVeridical","1"
"2089","c2","10/6/21 14:44","three_pos_10_2_0_12.csv",0,10,"10/6/21 15:09","0","Finish","0",0,"skiing_football_tennis_soccer_snowboarding_basketball_running_cycling_notlist_hockey","yORd4dCySV8VIYrhaw95",3,"e1",2,1,"nonVeridical","1"
"2090","c1","10/6/21 14:44","three_pos_10_2_0_12.csv",0,10,"10/6/21 15:09","0","Finish","0",0,"skiing_football_tennis_soccer_snowboarding_basketball_running_cycling_notlist_hockey","yORd4dCySV8VIYrhaw95",3,"e1",1,1,"veridical","2"
"2091","c3","10/6/21 14:44","three_pos_10_2_0_12.csv",0,10,"10/6/21 15:09","0","Finish","0",0,"skiing_football_tennis_soccer_snowboarding_basketball_running_cycling_notlist_hockey","yORd4dCySV8VIYrhaw95",3,"e1",3,1,"nonVeridical","0"
"2092","c2","10/6/21 14:44","three_pos_10_2_0_12.csv",0,10,"10/6/21 15:09","0","Finish","0",0,"skiing_football_tennis_soccer_snowboarding_basketball_running_cycling_notlist_hockey","yORd4dCySV8VIYrhaw95",3,"e2",2,2,"veridical","1"
"2093","c1","10/6/21 14:44","three_pos_10_2_0_12.csv",0,10,"10/6/21 15:09","0","Finish","0",0,"skiing_football_tennis_soccer_snowboarding_basketball_running_cycling_notlist_hockey","yORd4dCySV8VIYrhaw95",3,"e2",1,2,"nonVeridical","2"
"2094","c3","10/6/21 14:44","three_pos_10_2_0_12.csv",0,10,"10/6/21 15:09","0","Finish","0",0,"skiing_football_tennis_soccer_snowboarding_basketball_running_cycling_notlist_hockey","yORd4dCySV8VIYrhaw95",3,"e2",3,2,"nonVeridical","0"
"2095","c2","10/6/21 14:44","three_pos_10_2_0_12.csv",0,10,"10/6/21 15:09","0","Finish","0",0,"skiing_football_tennis_soccer_snowboarding_basketball_running_cycling_notlist_hockey","yORd4dCySV8VIYrhaw95",3,"e3",2,3,"nonVeridical","1"
"2096","c1","10/6/21 14:44","three_pos_10_2_0_12.csv",0,10,"10/6/21 15:09","0","Finish","0",0,"skiing_football_tennis_soccer_snowboarding_basketball_running_cycling_notlist_hockey","yORd4dCySV8VIYrhaw95",3,"e3",1,3,"nonVeridical","2"
"2097","c3","10/6/21 14:44","three_pos_10_2_0_12.csv",0,10,"10/6/21 15:09","0","Finish","0",0,"skiing_football_tennis_soccer_snowboarding_basketball_running_cycling_notlist_hockey","yORd4dCySV8VIYrhaw95",3,"e3",3,3,"veridical","0"
"2098","c1","10/6/21 14:45","three_pos_10_2_0_12.csv",0,10,"10/6/21 14:53","0","Finish","0",1,"","oEkov5eJEHv3ZC2ZoYT2",1,"e1",1,1,"veridical","2"
"2099","c2","10/6/21 14:45","three_pos_10_2_0_12.csv",0,0,"10/6/21 14:53","0","Finish","0",1,"","oEkov5eJEHv3ZC2ZoYT2",1,"e1",2,1,"nonVeridical","1"
"2100","c3","10/6/21 14:45","three_pos_10_2_0_12.csv",0,0,"10/6/21 14:53","0","Finish","0",1,"","oEkov5eJEHv3ZC2ZoYT2",1,"e1",3,1,"nonVeridical","0"
"2101","c1","10/6/21 14:45","three_pos_10_2_0_12.csv",0,0,"10/6/21 14:53","0","Finish","0",1,"","oEkov5eJEHv3ZC2ZoYT2",1,"e2",1,2,"nonVeridical","2"
"2102","c2","10/6/21 14:45","three_pos_10_2_0_12.csv",0,10,"10/6/21 14:53","0","Finish","0",1,"","oEkov5eJEHv3ZC2ZoYT2",1,"e2",2,2,"veridical","1"
"2103","c3","10/6/21 14:45","three_pos_10_2_0_12.csv",0,0,"10/6/21 14:53","0","Finish","0",1,"","oEkov5eJEHv3ZC2ZoYT2",1,"e2",3,2,"nonVeridical","0"
"2104","c1","10/6/21 14:45","three_pos_10_2_0_12.csv",0,0,"10/6/21 14:53","0","Finish","0",1,"","oEkov5eJEHv3ZC2ZoYT2",1,"e3",1,3,"nonVeridical","2"
"2105","c2","10/6/21 14:45","three_pos_10_2_0_12.csv",0,0,"10/6/21 14:53","0","Finish","0",1,"","oEkov5eJEHv3ZC2ZoYT2",1,"e3",2,3,"nonVeridical","1"
"2106","c3","10/6/21 14:45","three_pos_10_2_0_12.csv",0,10,"10/6/21 14:53","0","Finish","0",1,"","oEkov5eJEHv3ZC2ZoYT2",1,"e3",3,3,"veridical","0"
"2107","c1","10/6/21 14:45","three_pos_9_3_3_9.csv",0,5,"10/6/21 14:55","0","Finish","0",1,"","EUY0TGLWkKZU7xjbZUl0",2,"e1",1,1,"veridical","2"
"2108","c3","10/6/21 14:45","three_pos_9_3_3_9.csv",0,1,"10/6/21 14:55","0","Finish","0",1,"","EUY0TGLWkKZU7xjbZUl0",2,"e1",3,1,"nonVeridical","0"
"2109","c2","10/6/21 14:45","three_pos_9_3_3_9.csv",0,6,"10/6/21 14:55","0","Finish","0",1,"","EUY0TGLWkKZU7xjbZUl0",2,"e1",2,1,"nonVeridical","1"
"2110","c1","10/6/21 14:45","three_pos_9_3_3_9.csv",0,8,"10/6/21 14:55","0","Finish","0",1,"","EUY0TGLWkKZU7xjbZUl0",2,"e2",1,2,"nonVeridical","2"
"2111","c3","10/6/21 14:45","three_pos_9_3_3_9.csv",0,1,"10/6/21 14:55","0","Finish","0",1,"","EUY0TGLWkKZU7xjbZUl0",2,"e2",3,2,"nonVeridical","0"
"2112","c2","10/6/21 14:45","three_pos_9_3_3_9.csv",0,5,"10/6/21 14:55","0","Finish","0",1,"","EUY0TGLWkKZU7xjbZUl0",2,"e2",2,2,"veridical","1"
"2113","c1","10/6/21 14:45","three_pos_9_3_3_9.csv",0,1,"10/6/21 14:55","0","Finish","0",1,"","EUY0TGLWkKZU7xjbZUl0",2,"e3",1,3,"nonVeridical","2"
"2114","c3","10/6/21 14:45","three_pos_9_3_3_9.csv",0,4,"10/6/21 14:55","0","Finish","0",1,"","EUY0TGLWkKZU7xjbZUl0",2,"e3",3,3,"veridical","0"
"2115","c2","10/6/21 14:45","three_pos_9_3_3_9.csv",0,7,"10/6/21 14:55","0","Finish","0",1,"","EUY0TGLWkKZU7xjbZUl0",2,"e3",2,3,"nonVeridical","1"
"2116","c3","10/6/21 14:45","three_pos_9_3_3_9.csv",0,0,"10/6/21 14:57","0","Finish","0",1,"","cpEcfSgLJgWLIZ8N2B6j",3,"e1",3,1,"nonVeridical","0"
"2117","c1","10/6/21 14:45","three_pos_9_3_3_9.csv",0,8,"10/6/21 14:57","0","Finish","0",1,"","cpEcfSgLJgWLIZ8N2B6j",3,"e1",1,1,"veridical","2"
"2118","c2","10/6/21 14:45","three_pos_9_3_3_9.csv",0,0,"10/6/21 14:57","0","Finish","0",1,"","cpEcfSgLJgWLIZ8N2B6j",3,"e1",2,1,"nonVeridical","1"
"2119","c3","10/6/21 14:45","three_pos_9_3_3_9.csv",0,3,"10/6/21 14:57","0","Finish","0",1,"","cpEcfSgLJgWLIZ8N2B6j",3,"e2",3,2,"nonVeridical","0"
"2120","c1","10/6/21 14:45","three_pos_9_3_3_9.csv",0,2,"10/6/21 14:57","0","Finish","0",1,"","cpEcfSgLJgWLIZ8N2B6j",3,"e2",1,2,"nonVeridical","2"
"2121","c2","10/6/21 14:45","three_pos_9_3_3_9.csv",0,5,"10/6/21 14:57","0","Finish","0",1,"","cpEcfSgLJgWLIZ8N2B6j",3,"e2",2,2,"veridical","1"
"2122","c3","10/6/21 14:45","three_pos_9_3_3_9.csv",0,8,"10/6/21 14:57","0","Finish","0",1,"","cpEcfSgLJgWLIZ8N2B6j",3,"e3",3,3,"veridical","0"
"2123","c1","10/6/21 14:45","three_pos_9_3_3_9.csv",0,0,"10/6/21 14:57","0","Finish","0",1,"","cpEcfSgLJgWLIZ8N2B6j",3,"e3",1,3,"nonVeridical","2"
"2124","c2","10/6/21 14:45","three_pos_9_3_3_9.csv",0,2,"10/6/21 14:57","0","Finish","0",1,"","cpEcfSgLJgWLIZ8N2B6j",3,"e3",2,3,"nonVeridical","1"
"2125","c3","10/6/21 14:45","three_pos_8_4_0_12.csv",0,6,"10/6/21 14:55","0","Finish","1",0,"","fRLVW4MiVvUEntB8OsNW",1,"e1",3,1,"nonVeridical","0"
"2126","c2","10/6/21 14:45","three_pos_8_4_0_12.csv",0,5,"10/6/21 14:55","0","Finish","1",0,"","fRLVW4MiVvUEntB8OsNW",1,"e1",2,1,"nonVeridical","1"
"2127","c1","10/6/21 14:45","three_pos_8_4_0_12.csv",0,7,"10/6/21 14:55","0","Finish","1",0,"","fRLVW4MiVvUEntB8OsNW",1,"e1",1,1,"veridical","2"
"2128","c3","10/6/21 14:45","three_pos_8_4_0_12.csv",0,7,"10/6/21 14:55","0","Finish","1",0,"","fRLVW4MiVvUEntB8OsNW",1,"e2",3,2,"nonVeridical","0"
"2129","c2","10/6/21 14:45","three_pos_8_4_0_12.csv",0,3,"10/6/21 14:55","0","Finish","1",0,"","fRLVW4MiVvUEntB8OsNW",1,"e2",2,2,"veridical","1"
"2130","c1","10/6/21 14:45","three_pos_8_4_0_12.csv",0,7,"10/6/21 14:55","0","Finish","1",0,"","fRLVW4MiVvUEntB8OsNW",1,"e2",1,2,"nonVeridical","2"
"2131","c3","10/6/21 14:45","three_pos_8_4_0_12.csv",0,4,"10/6/21 14:55","0","Finish","1",0,"","fRLVW4MiVvUEntB8OsNW",1,"e3",3,3,"veridical","0"
"2132","c2","10/6/21 14:45","three_pos_8_4_0_12.csv",0,4,"10/6/21 14:55","0","Finish","1",0,"","fRLVW4MiVvUEntB8OsNW",1,"e3",2,3,"nonVeridical","1"
"2133","c1","10/6/21 14:45","three_pos_8_4_0_12.csv",0,3,"10/6/21 14:55","0","Finish","1",0,"","fRLVW4MiVvUEntB8OsNW",1,"e3",1,3,"nonVeridical","2"
"2134","c3","10/6/21 14:46","three_pos_10_2_0_12.csv",0,5,"10/6/21 15:00","0","Finish","0",0,"","MusNedwqEqgs0uyhf0QM",1,"e1",3,1,"nonVeridical","0"
"2135","c2","10/6/21 14:46","three_pos_10_2_0_12.csv",0,6,"10/6/21 15:00","0","Finish","0",0,"","MusNedwqEqgs0uyhf0QM",1,"e1",2,1,"nonVeridical","1"
"2136","c1","10/6/21 14:46","three_pos_10_2_0_12.csv",0,5,"10/6/21 15:00","0","Finish","0",0,"","MusNedwqEqgs0uyhf0QM",1,"e1",1,1,"veridical","2"
"2137","c3","10/6/21 14:46","three_pos_10_2_0_12.csv",0,7,"10/6/21 15:00","0","Finish","0",0,"","MusNedwqEqgs0uyhf0QM",1,"e2",3,2,"nonVeridical","0"
"2138","c2","10/6/21 14:46","three_pos_10_2_0_12.csv",0,5,"10/6/21 15:00","0","Finish","0",0,"","MusNedwqEqgs0uyhf0QM",1,"e2",2,2,"veridical","1"
"2139","c1","10/6/21 14:46","three_pos_10_2_0_12.csv",0,4,"10/6/21 15:00","0","Finish","0",0,"","MusNedwqEqgs0uyhf0QM",1,"e2",1,2,"nonVeridical","2"
"2140","c3","10/6/21 14:46","three_pos_10_2_0_12.csv",0,8,"10/6/21 15:00","0","Finish","0",0,"","MusNedwqEqgs0uyhf0QM",1,"e3",3,3,"veridical","0"
"2141","c2","10/6/21 14:46","three_pos_10_2_0_12.csv",0,3,"10/6/21 15:00","0","Finish","0",0,"","MusNedwqEqgs0uyhf0QM",1,"e3",2,3,"nonVeridical","1"
"2142","c1","10/6/21 14:46","three_pos_10_2_0_12.csv",0,6,"10/6/21 15:00","0","Finish","0",0,"","MusNedwqEqgs0uyhf0QM",1,"e3",1,3,"nonVeridical","2"
"2143","c1","10/6/21 14:46","three_pos_10_2_0_12.csv",0,7,"10/6/21 15:01","0","Finish","0",1,"","gv02whyXBF5a6f35quKa",2,"e1",1,1,"veridical","2"
"2144","c3","10/6/21 14:46","three_pos_10_2_0_12.csv",0,0,"10/6/21 15:01","0","Finish","0",1,"","gv02whyXBF5a6f35quKa",2,"e1",3,1,"nonVeridical","0"
"2145","c2","10/6/21 14:46","three_pos_10_2_0_12.csv",0,0,"10/6/21 15:01","0","Finish","0",1,"","gv02whyXBF5a6f35quKa",2,"e1",2,1,"nonVeridical","1"
"2146","c1","10/6/21 14:46","three_pos_10_2_0_12.csv",0,0,"10/6/21 15:01","0","Finish","0",1,"","gv02whyXBF5a6f35quKa",2,"e2",1,2,"nonVeridical","2"
"2147","c3","10/6/21 14:46","three_pos_10_2_0_12.csv",0,8,"10/6/21 15:01","0","Finish","0",1,"","gv02whyXBF5a6f35quKa",2,"e2",3,2,"nonVeridical","0"
"2148","c2","10/6/21 14:46","three_pos_10_2_0_12.csv",0,8,"10/6/21 15:01","0","Finish","0",1,"","gv02whyXBF5a6f35quKa",2,"e2",2,2,"veridical","1"
"2149","c1","10/6/21 14:46","three_pos_10_2_0_12.csv",0,0,"10/6/21 15:01","0","Finish","0",1,"","gv02whyXBF5a6f35quKa",2,"e3",1,3,"nonVeridical","2"
"2150","c3","10/6/21 14:46","three_pos_10_2_0_12.csv",0,3,"10/6/21 15:01","0","Finish","0",1,"","gv02whyXBF5a6f35quKa",2,"e3",3,3,"veridical","0"
"2151","c2","10/6/21 14:46","three_pos_10_2_0_12.csv",0,1,"10/6/21 15:01","0","Finish","0",1,"","gv02whyXBF5a6f35quKa",2,"e3",2,3,"nonVeridical","1"
"2152","c1","10/6/21 14:47","three_pos_9_3_3_9.csv",0,6,"10/6/21 15:02","0","Finish","0",1,"","y6ncM0dRzLrRgC1xRGaX",2,"e1",1,1,"veridical","2"
"2153","c2","10/6/21 14:47","three_pos_9_3_3_9.csv",0,7,"10/6/21 15:02","0","Finish","0",1,"","y6ncM0dRzLrRgC1xRGaX",2,"e1",2,1,"nonVeridical","1"
"2154","c3","10/6/21 14:47","three_pos_9_3_3_9.csv",0,8,"10/6/21 15:02","0","Finish","0",1,"","y6ncM0dRzLrRgC1xRGaX",2,"e1",3,1,"nonVeridical","0"
"2155","c1","10/6/21 14:47","three_pos_9_3_3_9.csv",0,3,"10/6/21 15:02","0","Finish","0",1,"","y6ncM0dRzLrRgC1xRGaX",2,"e2",1,2,"nonVeridical","2"
"2156","c2","10/6/21 14:47","three_pos_9_3_3_9.csv",0,8,"10/6/21 15:02","0","Finish","0",1,"","y6ncM0dRzLrRgC1xRGaX",2,"e2",2,2,"veridical","1"
"2157","c3","10/6/21 14:47","three_pos_9_3_3_9.csv",0,8,"10/6/21 15:02","0","Finish","0",1,"","y6ncM0dRzLrRgC1xRGaX",2,"e2",3,2,"nonVeridical","0"
"2158","c1","10/6/21 14:47","three_pos_9_3_3_9.csv",0,6,"10/6/21 15:02","0","Finish","0",1,"","y6ncM0dRzLrRgC1xRGaX",2,"e3",1,3,"nonVeridical","2"
"2159","c2","10/6/21 14:47","three_pos_9_3_3_9.csv",0,5,"10/6/21 15:02","0","Finish","0",1,"","y6ncM0dRzLrRgC1xRGaX",2,"e3",2,3,"nonVeridical","1"
"2160","c3","10/6/21 14:47","three_pos_9_3_3_9.csv",0,2,"10/6/21 15:02","0","Finish","0",1,"","y6ncM0dRzLrRgC1xRGaX",2,"e3",3,3,"veridical","0"
"2161","c1","10/6/21 14:47","three_pos_8_4_0_12.csv",0,10,"10/6/21 15:00","0","Finish","0",0,"running","6rctf6YkdjwzmJhE1RD9",3,"e1",1,1,"veridical","2"
"2162","c3","10/6/21 14:47","three_pos_8_4_0_12.csv",0,10,"10/6/21 15:00","0","Finish","0",0,"running","6rctf6YkdjwzmJhE1RD9",3,"e1",3,1,"nonVeridical","0"
"2163","c2","10/6/21 14:47","three_pos_8_4_0_12.csv",0,10,"10/6/21 15:00","0","Finish","0",0,"running","6rctf6YkdjwzmJhE1RD9",3,"e1",2,1,"nonVeridical","1"
"2164","c1","10/6/21 14:47","three_pos_8_4_0_12.csv",0,10,"10/6/21 15:00","0","Finish","0",0,"running","6rctf6YkdjwzmJhE1RD9",3,"e2",1,2,"nonVeridical","2"
"2165","c3","10/6/21 14:47","three_pos_8_4_0_12.csv",0,9,"10/6/21 15:00","0","Finish","0",0,"running","6rctf6YkdjwzmJhE1RD9",3,"e2",3,2,"nonVeridical","0"
"2166","c2","10/6/21 14:47","three_pos_8_4_0_12.csv",0,10,"10/6/21 15:00","0","Finish","0",0,"running","6rctf6YkdjwzmJhE1RD9",3,"e2",2,2,"veridical","1"
"2167","c1","10/6/21 14:47","three_pos_8_4_0_12.csv",0,9,"10/6/21 15:00","0","Finish","0",0,"running","6rctf6YkdjwzmJhE1RD9",3,"e3",1,3,"nonVeridical","2"
"2168","c3","10/6/21 14:47","three_pos_8_4_0_12.csv",0,10,"10/6/21 15:00","0","Finish","0",0,"running","6rctf6YkdjwzmJhE1RD9",3,"e3",3,3,"veridical","0"
"2169","c2","10/6/21 14:47","three_pos_8_4_0_12.csv",0,9,"10/6/21 15:00","0","Finish","0",0,"running","6rctf6YkdjwzmJhE1RD9",3,"e3",2,3,"nonVeridical","1"
"2170","c1","10/6/21 14:48","three_pos_10_2_0_12.csv",0,7,"10/6/21 15:05","0","Finish","0",1,"","2RRQ8mZEph3zLgM6PkR8",3,"e1",1,1,"veridical","2"
"2171","c3","10/6/21 14:48","three_pos_10_2_0_12.csv",0,5,"10/6/21 15:05","0","Finish","0",1,"","2RRQ8mZEph3zLgM6PkR8",3,"e1",3,1,"nonVeridical","0"
"2172","c2","10/6/21 14:48","three_pos_10_2_0_12.csv",0,5,"10/6/21 15:05","0","Finish","0",1,"","2RRQ8mZEph3zLgM6PkR8",3,"e1",2,1,"nonVeridical","1"
"2173","c1","10/6/21 14:48","three_pos_10_2_0_12.csv",0,5,"10/6/21 15:05","0","Finish","0",1,"","2RRQ8mZEph3zLgM6PkR8",3,"e2",1,2,"nonVeridical","2"
"2174","c3","10/6/21 14:48","three_pos_10_2_0_12.csv",0,5,"10/6/21 15:05","0","Finish","0",1,"","2RRQ8mZEph3zLgM6PkR8",3,"e2",3,2,"nonVeridical","0"
"2175","c2","10/6/21 14:48","three_pos_10_2_0_12.csv",0,4,"10/6/21 15:05","0","Finish","0",1,"","2RRQ8mZEph3zLgM6PkR8",3,"e2",2,2,"veridical","1"
"2176","c1","10/6/21 14:48","three_pos_10_2_0_12.csv",0,5,"10/6/21 15:05","0","Finish","0",1,"","2RRQ8mZEph3zLgM6PkR8",3,"e3",1,3,"nonVeridical","2"
"2177","c3","10/6/21 14:48","three_pos_10_2_0_12.csv",0,5,"10/6/21 15:05","0","Finish","0",1,"","2RRQ8mZEph3zLgM6PkR8",3,"e3",3,3,"veridical","0"
"2178","c2","10/6/21 14:48","three_pos_10_2_0_12.csv",0,5,"10/6/21 15:05","0","Finish","0",1,"","2RRQ8mZEph3zLgM6PkR8",3,"e3",2,3,"nonVeridical","1"
"2179","c3","10/6/21 14:49","three_pos_8_4_0_12.csv",0,6,"10/6/21 15:00","0","Finish","0",0,"","9EmqBoZKhOrVUQAtaTBS",2,"e1",3,1,"nonVeridical","0"
"2180","c1","10/6/21 14:49","three_pos_8_4_0_12.csv",0,7,"10/6/21 15:00","0","Finish","0",0,"","9EmqBoZKhOrVUQAtaTBS",2,"e1",1,1,"veridical","2"
"2181","c2","10/6/21 14:49","three_pos_8_4_0_12.csv",0,8,"10/6/21 15:00","0","Finish","0",0,"","9EmqBoZKhOrVUQAtaTBS",2,"e1",2,1,"nonVeridical","1"
"2182","c3","10/6/21 14:49","three_pos_8_4_0_12.csv",0,6,"10/6/21 15:00","0","Finish","0",0,"","9EmqBoZKhOrVUQAtaTBS",2,"e2",3,2,"nonVeridical","0"
"2183","c1","10/6/21 14:49","three_pos_8_4_0_12.csv",0,5,"10/6/21 15:00","0","Finish","0",0,"","9EmqBoZKhOrVUQAtaTBS",2,"e2",1,2,"nonVeridical","2"
"2184","c2","10/6/21 14:49","three_pos_8_4_0_12.csv",0,5,"10/6/21 15:00","0","Finish","0",0,"","9EmqBoZKhOrVUQAtaTBS",2,"e2",2,2,"veridical","1"
"2185","c3","10/6/21 14:49","three_pos_8_4_0_12.csv",0,6,"10/6/21 15:00","0","Finish","0",0,"","9EmqBoZKhOrVUQAtaTBS",2,"e3",3,3,"veridical","0"
"2186","c1","10/6/21 14:49","three_pos_8_4_0_12.csv",0,6,"10/6/21 15:00","0","Finish","0",0,"","9EmqBoZKhOrVUQAtaTBS",2,"e3",1,3,"nonVeridical","2"
"2187","c2","10/6/21 14:49","three_pos_8_4_0_12.csv",0,6,"10/6/21 15:00","0","Finish","0",0,"","9EmqBoZKhOrVUQAtaTBS",2,"e3",2,3,"nonVeridical","1"
"2188","c2","10/6/21 14:49","three_pos_9_3_3_9.csv",0,7,"10/6/21 14:58","0","Finish","0",1,"","9jwat8lmabZpgVeELXgQ",3,"e1",2,1,"nonVeridical","1"
"2189","c1","10/6/21 14:49","three_pos_9_3_3_9.csv",0,6,"10/6/21 14:58","0","Finish","0",1,"","9jwat8lmabZpgVeELXgQ",3,"e1",1,1,"veridical","2"
"2190","c3","10/6/21 14:49","three_pos_9_3_3_9.csv",0,4,"10/6/21 14:58","0","Finish","0",1,"","9jwat8lmabZpgVeELXgQ",3,"e1",3,1,"nonVeridical","0"
"2191","c2","10/6/21 14:49","three_pos_9_3_3_9.csv",0,4,"10/6/21 14:58","0","Finish","0",1,"","9jwat8lmabZpgVeELXgQ",3,"e2",2,2,"veridical","1"
"2192","c1","10/6/21 14:49","three_pos_9_3_3_9.csv",0,3,"10/6/21 14:58","0","Finish","0",1,"","9jwat8lmabZpgVeELXgQ",3,"e2",1,2,"nonVeridical","2"
"2193","c3","10/6/21 14:49","three_pos_9_3_3_9.csv",0,5,"10/6/21 14:58","0","Finish","0",1,"","9jwat8lmabZpgVeELXgQ",3,"e2",3,2,"nonVeridical","0"
"2194","c2","10/6/21 14:49","three_pos_9_3_3_9.csv",0,5,"10/6/21 14:58","0","Finish","0",1,"","9jwat8lmabZpgVeELXgQ",3,"e3",2,3,"nonVeridical","1"
"2195","c1","10/6/21 14:49","three_pos_9_3_3_9.csv",0,4,"10/6/21 14:58","0","Finish","0",1,"","9jwat8lmabZpgVeELXgQ",3,"e3",1,3,"nonVeridical","2"
"2196","c3","10/6/21 14:49","three_pos_9_3_3_9.csv",0,3,"10/6/21 14:58","0","Finish","0",1,"","9jwat8lmabZpgVeELXgQ",3,"e3",3,3,"veridical","0"
"2197","c2","10/6/21 14:50","three_pos_8_4_0_12.csv",0,2,"10/6/21 15:02","0","Finish","1",0,"football","n1fUOOcHRo3cFQxlWgr2",1,"e1",2,1,"nonVeridical","1"
"2198","c3","10/6/21 14:50","three_pos_8_4_0_12.csv",0,2,"10/6/21 15:02","0","Finish","1",0,"football","n1fUOOcHRo3cFQxlWgr2",1,"e1",3,1,"nonVeridical","0"
"2199","c1","10/6/21 14:50","three_pos_8_4_0_12.csv",0,2,"10/6/21 15:02","0","Finish","1",0,"football","n1fUOOcHRo3cFQxlWgr2",1,"e1",1,1,"veridical","2"
"2200","c2","10/6/21 14:50","three_pos_8_4_0_12.csv",0,7,"10/6/21 15:02","0","Finish","1",0,"football","n1fUOOcHRo3cFQxlWgr2",1,"e2",2,2,"veridical","1"
"2201","c3","10/6/21 14:50","three_pos_8_4_0_12.csv",0,4,"10/6/21 15:02","0","Finish","1",0,"football","n1fUOOcHRo3cFQxlWgr2",1,"e2",3,2,"nonVeridical","0"
"2202","c1","10/6/21 14:50","three_pos_8_4_0_12.csv",0,7,"10/6/21 15:02","0","Finish","1",0,"football","n1fUOOcHRo3cFQxlWgr2",1,"e2",1,2,"nonVeridical","2"
"2203","c2","10/6/21 14:50","three_pos_8_4_0_12.csv",0,4,"10/6/21 15:02","0","Finish","1",0,"football","n1fUOOcHRo3cFQxlWgr2",1,"e3",2,3,"nonVeridical","1"
"2204","c3","10/6/21 14:50","three_pos_8_4_0_12.csv",0,9,"10/6/21 15:02","0","Finish","1",0,"football","n1fUOOcHRo3cFQxlWgr2",1,"e3",3,3,"veridical","0"
"2205","c1","10/6/21 14:50","three_pos_8_4_0_12.csv",0,7,"10/6/21 15:02","0","Finish","1",0,"football","n1fUOOcHRo3cFQxlWgr2",1,"e3",1,3,"nonVeridical","2"
"2206","c3","10/6/21 14:52","three_pos_9_3_3_9.csv",0,7,"10/6/21 15:03","0","Finish","0",0,"","8EstqVmuwnZjpPCjKgNg",1,"e1",3,1,"nonVeridical","0"
"2207","c2","10/6/21 14:52","three_pos_9_3_3_9.csv",0,4,"10/6/21 15:03","0","Finish","0",0,"","8EstqVmuwnZjpPCjKgNg",1,"e1",2,1,"nonVeridical","1"
"2208","c1","10/6/21 14:52","three_pos_9_3_3_9.csv",0,5,"10/6/21 15:03","0","Finish","0",0,"","8EstqVmuwnZjpPCjKgNg",1,"e1",1,1,"veridical","2"
"2209","c3","10/6/21 14:52","three_pos_9_3_3_9.csv",0,6,"10/6/21 15:03","0","Finish","0",0,"","8EstqVmuwnZjpPCjKgNg",1,"e2",3,2,"nonVeridical","0"
"2210","c2","10/6/21 14:52","three_pos_9_3_3_9.csv",0,8,"10/6/21 15:03","0","Finish","0",0,"","8EstqVmuwnZjpPCjKgNg",1,"e2",2,2,"veridical","1"
"2211","c1","10/6/21 14:52","three_pos_9_3_3_9.csv",0,8,"10/6/21 15:03","0","Finish","0",0,"","8EstqVmuwnZjpPCjKgNg",1,"e2",1,2,"nonVeridical","2"
"2212","c3","10/6/21 14:52","three_pos_9_3_3_9.csv",0,6,"10/6/21 15:03","0","Finish","0",0,"","8EstqVmuwnZjpPCjKgNg",1,"e3",3,3,"veridical","0"
"2213","c2","10/6/21 14:52","three_pos_9_3_3_9.csv",0,7,"10/6/21 15:03","0","Finish","0",0,"","8EstqVmuwnZjpPCjKgNg",1,"e3",2,3,"nonVeridical","1"
"2214","c1","10/6/21 14:52","three_pos_9_3_3_9.csv",0,7,"10/6/21 15:03","0","Finish","0",0,"","8EstqVmuwnZjpPCjKgNg",1,"e3",1,3,"nonVeridical","2"
"2215","c2","10/6/21 14:53","three_pos_8_4_0_12.csv",0,2,"10/6/21 15:03","0","Finish","0",1,"","FoFkLiU23xGS3XOSowXD",3,"e1",2,1,"nonVeridical","1"
"2216","c1","10/6/21 14:53","three_pos_8_4_0_12.csv",0,6,"10/6/21 15:03","0","Finish","0",1,"","FoFkLiU23xGS3XOSowXD",3,"e1",1,1,"veridical","2"
"2217","c3","10/6/21 14:53","three_pos_8_4_0_12.csv",0,3,"10/6/21 15:03","0","Finish","0",1,"","FoFkLiU23xGS3XOSowXD",3,"e1",3,1,"nonVeridical","0"
"2218","c2","10/6/21 14:53","three_pos_8_4_0_12.csv",0,5,"10/6/21 15:03","0","Finish","0",1,"","FoFkLiU23xGS3XOSowXD",3,"e2",2,2,"veridical","1"
"2219","c1","10/6/21 14:53","three_pos_8_4_0_12.csv",0,3,"10/6/21 15:03","0","Finish","0",1,"","FoFkLiU23xGS3XOSowXD",3,"e2",1,2,"nonVeridical","2"
"2220","c3","10/6/21 14:53","three_pos_8_4_0_12.csv",0,5,"10/6/21 15:03","0","Finish","0",1,"","FoFkLiU23xGS3XOSowXD",3,"e2",3,2,"nonVeridical","0"
"2221","c2","10/6/21 14:53","three_pos_8_4_0_12.csv",0,0,"10/6/21 15:03","0","Finish","0",1,"","FoFkLiU23xGS3XOSowXD",3,"e3",2,3,"nonVeridical","1"
"2222","c1","10/6/21 14:53","three_pos_8_4_0_12.csv",0,0,"10/6/21 15:03","0","Finish","0",1,"","FoFkLiU23xGS3XOSowXD",3,"e3",1,3,"nonVeridical","2"
"2223","c3","10/6/21 14:53","three_pos_8_4_0_12.csv",0,9,"10/6/21 15:03","0","Finish","0",1,"","FoFkLiU23xGS3XOSowXD",3,"e3",3,3,"veridical","0"
"2224","c1","10/6/21 14:53","three_pos_10_2_0_12.csv",0,4,"10/6/21 15:07","0","Finish","0",1,"","nwjHhFqUeBIZcystk5aQ",1,"e1",1,1,"veridical","2"
"2225","c3","10/6/21 14:53","three_pos_10_2_0_12.csv",0,8,"10/6/21 15:07","0","Finish","0",1,"","nwjHhFqUeBIZcystk5aQ",1,"e1",3,1,"nonVeridical","0"
"2226","c2","10/6/21 14:53","three_pos_10_2_0_12.csv",0,7,"10/6/21 15:07","0","Finish","0",1,"","nwjHhFqUeBIZcystk5aQ",1,"e1",2,1,"nonVeridical","1"
"2227","c1","10/6/21 14:53","three_pos_10_2_0_12.csv",0,3,"10/6/21 15:07","0","Finish","0",1,"","nwjHhFqUeBIZcystk5aQ",1,"e2",1,2,"nonVeridical","2"
"2228","c3","10/6/21 14:53","three_pos_10_2_0_12.csv",0,6,"10/6/21 15:07","0","Finish","0",1,"","nwjHhFqUeBIZcystk5aQ",1,"e2",3,2,"nonVeridical","0"
"2229","c2","10/6/21 14:53","three_pos_10_2_0_12.csv",0,7,"10/6/21 15:07","0","Finish","0",1,"","nwjHhFqUeBIZcystk5aQ",1,"e2",2,2,"veridical","1"
"2230","c1","10/6/21 14:53","three_pos_10_2_0_12.csv",0,7,"10/6/21 15:07","0","Finish","0",1,"","nwjHhFqUeBIZcystk5aQ",1,"e3",1,3,"nonVeridical","2"
"2231","c3","10/6/21 14:53","three_pos_10_2_0_12.csv",0,2,"10/6/21 15:07","0","Finish","0",1,"","nwjHhFqUeBIZcystk5aQ",1,"e3",3,3,"veridical","0"
"2232","c2","10/6/21 14:53","three_pos_10_2_0_12.csv",0,6,"10/6/21 15:07","0","Finish","0",1,"","nwjHhFqUeBIZcystk5aQ",1,"e3",2,3,"nonVeridical","1"
"2233","c2","10/6/21 14:54","three_pos_10_2_0_12.csv",0,8,"10/6/21 15:09","0","Finish","0",0,"soccer_cycling","Mp99yjKdWOZAmN4UKqrn",3,"e1",2,1,"nonVeridical","1"
"2234","c1","10/6/21 14:54","three_pos_10_2_0_12.csv",0,7,"10/6/21 15:09","0","Finish","0",0,"soccer_cycling","Mp99yjKdWOZAmN4UKqrn",3,"e1",1,1,"veridical","2"
"2235","c3","10/6/21 14:54","three_pos_10_2_0_12.csv",0,8,"10/6/21 15:09","0","Finish","0",0,"soccer_cycling","Mp99yjKdWOZAmN4UKqrn",3,"e1",3,1,"nonVeridical","0"
"2236","c2","10/6/21 14:54","three_pos_10_2_0_12.csv",0,7,"10/6/21 15:09","0","Finish","0",0,"soccer_cycling","Mp99yjKdWOZAmN4UKqrn",3,"e2",2,2,"veridical","1"
"2237","c1","10/6/21 14:54","three_pos_10_2_0_12.csv",0,8,"10/6/21 15:09","0","Finish","0",0,"soccer_cycling","Mp99yjKdWOZAmN4UKqrn",3,"e2",1,2,"nonVeridical","2"
"2238","c3","10/6/21 14:54","three_pos_10_2_0_12.csv",0,8,"10/6/21 15:09","0","Finish","0",0,"soccer_cycling","Mp99yjKdWOZAmN4UKqrn",3,"e2",3,2,"nonVeridical","0"
"2239","c2","10/6/21 14:54","three_pos_10_2_0_12.csv",0,7,"10/6/21 15:09","0","Finish","0",0,"soccer_cycling","Mp99yjKdWOZAmN4UKqrn",3,"e3",2,3,"nonVeridical","1"
"2240","c1","10/6/21 14:54","three_pos_10_2_0_12.csv",0,8,"10/6/21 15:09","0","Finish","0",0,"soccer_cycling","Mp99yjKdWOZAmN4UKqrn",3,"e3",1,3,"nonVeridical","2"
"2241","c3","10/6/21 14:54","three_pos_10_2_0_12.csv",0,8,"10/6/21 15:09","0","Finish","0",0,"soccer_cycling","Mp99yjKdWOZAmN4UKqrn",3,"e3",3,3,"veridical","0"
"2242","c1","10/6/21 14:55","three_pos_9_3_3_9.csv",0,5,"10/6/21 15:04","0","Finish","0",1,"","UJAolPwyMTUnwy4j5cAc",1,"e1",1,1,"veridical","2"
"2243","c3","10/6/21 14:55","three_pos_9_3_3_9.csv",0,6,"10/6/21 15:04","0","Finish","0",1,"","UJAolPwyMTUnwy4j5cAc",1,"e1",3,1,"nonVeridical","0"
"2244","c2","10/6/21 14:55","three_pos_9_3_3_9.csv",0,4,"10/6/21 15:04","0","Finish","0",1,"","UJAolPwyMTUnwy4j5cAc",1,"e1",2,1,"nonVeridical","1"
"2245","c1","10/6/21 14:55","three_pos_9_3_3_9.csv",0,1,"10/6/21 15:04","0","Finish","0",1,"","UJAolPwyMTUnwy4j5cAc",1,"e2",1,2,"nonVeridical","2"
"2246","c3","10/6/21 14:55","three_pos_9_3_3_9.csv",0,2,"10/6/21 15:04","0","Finish","0",1,"","UJAolPwyMTUnwy4j5cAc",1,"e2",3,2,"nonVeridical","0"
"2247","c2","10/6/21 14:55","three_pos_9_3_3_9.csv",0,7,"10/6/21 15:04","0","Finish","0",1,"","UJAolPwyMTUnwy4j5cAc",1,"e2",2,2,"veridical","1"
"2248","c1","10/6/21 14:55","three_pos_9_3_3_9.csv",0,3,"10/6/21 15:04","0","Finish","0",1,"","UJAolPwyMTUnwy4j5cAc",1,"e3",1,3,"nonVeridical","2"
"2249","c3","10/6/21 14:55","three_pos_9_3_3_9.csv",0,6,"10/6/21 15:04","0","Finish","0",1,"","UJAolPwyMTUnwy4j5cAc",1,"e3",3,3,"veridical","0"
"2250","c2","10/6/21 14:55","three_pos_9_3_3_9.csv",0,7,"10/6/21 15:04","0","Finish","0",1,"","UJAolPwyMTUnwy4j5cAc",1,"e3",2,3,"nonVeridical","1"
"2251","c3","10/6/21 14:56","three_pos_10_2_0_12.csv",0,1,"10/6/21 15:07","0","Finish","0",0,"","U36CmAwduE0j3qC8cjli",1,"e1",3,1,"nonVeridical","0"
"2252","c2","10/6/21 14:56","three_pos_10_2_0_12.csv",0,4,"10/6/21 15:07","0","Finish","0",0,"","U36CmAwduE0j3qC8cjli",1,"e1",2,1,"nonVeridical","1"
"2253","c1","10/6/21 14:56","three_pos_10_2_0_12.csv",0,2,"10/6/21 15:07","0","Finish","0",0,"","U36CmAwduE0j3qC8cjli",1,"e1",1,1,"veridical","2"
"2254","c3","10/6/21 14:56","three_pos_10_2_0_12.csv",0,7,"10/6/21 15:07","0","Finish","0",0,"","U36CmAwduE0j3qC8cjli",1,"e2",3,2,"nonVeridical","0"
"2255","c2","10/6/21 14:56","three_pos_10_2_0_12.csv",0,7,"10/6/21 15:07","0","Finish","0",0,"","U36CmAwduE0j3qC8cjli",1,"e2",2,2,"veridical","1"
"2256","c1","10/6/21 14:56","three_pos_10_2_0_12.csv",0,4,"10/6/21 15:07","0","Finish","0",0,"","U36CmAwduE0j3qC8cjli",1,"e2",1,2,"nonVeridical","2"
"2257","c3","10/6/21 14:56","three_pos_10_2_0_12.csv",0,7,"10/6/21 15:07","0","Finish","0",0,"","U36CmAwduE0j3qC8cjli",1,"e3",3,3,"veridical","0"
"2258","c2","10/6/21 14:56","three_pos_10_2_0_12.csv",0,7,"10/6/21 15:07","0","Finish","0",0,"","U36CmAwduE0j3qC8cjli",1,"e3",2,3,"nonVeridical","1"
"2259","c1","10/6/21 14:56","three_pos_10_2_0_12.csv",0,7,"10/6/21 15:07","0","Finish","0",0,"","U36CmAwduE0j3qC8cjli",1,"e3",1,3,"nonVeridical","2"
"2260","c1","10/6/21 14:57","three_pos_8_4_0_12.csv",0,9,"10/6/21 15:06","0","Finish","0",0,"","AT4WSHM7TmHyVC4csnXA",1,"e1",1,1,"veridical","2"
"2261","c3","10/6/21 14:57","three_pos_8_4_0_12.csv",0,8,"10/6/21 15:06","0","Finish","0",0,"","AT4WSHM7TmHyVC4csnXA",1,"e1",3,1,"nonVeridical","0"
"2262","c2","10/6/21 14:57","three_pos_8_4_0_12.csv",0,8,"10/6/21 15:06","0","Finish","0",0,"","AT4WSHM7TmHyVC4csnXA",1,"e1",2,1,"nonVeridical","1"
"2263","c1","10/6/21 14:57","three_pos_8_4_0_12.csv",0,6,"10/6/21 15:06","0","Finish","0",0,"","AT4WSHM7TmHyVC4csnXA",1,"e2",1,2,"nonVeridical","2"
"2264","c3","10/6/21 14:57","three_pos_8_4_0_12.csv",0,2,"10/6/21 15:06","0","Finish","0",0,"","AT4WSHM7TmHyVC4csnXA",1,"e2",3,2,"nonVeridical","0"
"2265","c2","10/6/21 14:57","three_pos_8_4_0_12.csv",0,2,"10/6/21 15:06","0","Finish","0",0,"","AT4WSHM7TmHyVC4csnXA",1,"e2",2,2,"veridical","1"
"2266","c1","10/6/21 14:57","three_pos_8_4_0_12.csv",0,8,"10/6/21 15:06","0","Finish","0",0,"","AT4WSHM7TmHyVC4csnXA",1,"e3",1,3,"nonVeridical","2"
"2267","c3","10/6/21 14:57","three_pos_8_4_0_12.csv",0,7,"10/6/21 15:06","0","Finish","0",0,"","AT4WSHM7TmHyVC4csnXA",1,"e3",3,3,"veridical","0"
"2268","c2","10/6/21 14:57","three_pos_8_4_0_12.csv",0,7,"10/6/21 15:06","0","Finish","0",0,"","AT4WSHM7TmHyVC4csnXA",1,"e3",2,3,"nonVeridical","1"
"2269","c1","10/6/21 15:00","three_pos_10_2_0_12.csv",0,8,"10/6/21 15:09","0","Finish","0",1,"","ILrFQOZoqG7mI0m8suTR",3,"e1",1,1,"veridical","2"
"2270","c3","10/6/21 15:00","three_pos_10_2_0_12.csv",0,2,"10/6/21 15:09","0","Finish","0",1,"","ILrFQOZoqG7mI0m8suTR",3,"e1",3,1,"nonVeridical","0"
"2271","c2","10/6/21 15:00","three_pos_10_2_0_12.csv",0,2,"10/6/21 15:09","0","Finish","0",1,"","ILrFQOZoqG7mI0m8suTR",3,"e1",2,1,"nonVeridical","1"
"2272","c1","10/6/21 15:00","three_pos_10_2_0_12.csv",0,5,"10/6/21 15:09","0","Finish","0",1,"","ILrFQOZoqG7mI0m8suTR",3,"e2",1,2,"nonVeridical","2"
"2273","c3","10/6/21 15:00","three_pos_10_2_0_12.csv",0,3,"10/6/21 15:09","0","Finish","0",1,"","ILrFQOZoqG7mI0m8suTR",3,"e2",3,2,"nonVeridical","0"
"2274","c2","10/6/21 15:00","three_pos_10_2_0_12.csv",0,9,"10/6/21 15:09","0","Finish","0",1,"","ILrFQOZoqG7mI0m8suTR",3,"e2",2,2,"veridical","1"
"2275","c1","10/6/21 15:00","three_pos_10_2_0_12.csv",0,1,"10/6/21 15:09","0","Finish","0",1,"","ILrFQOZoqG7mI0m8suTR",3,"e3",1,3,"nonVeridical","2"
"2276","c3","10/6/21 15:00","three_pos_10_2_0_12.csv",0,8,"10/6/21 15:09","0","Finish","0",1,"","ILrFQOZoqG7mI0m8suTR",3,"e3",3,3,"veridical","0"
"2277","c2","10/6/21 15:00","three_pos_10_2_0_12.csv",0,4,"10/6/21 15:09","0","Finish","0",1,"","ILrFQOZoqG7mI0m8suTR",3,"e3",2,3,"nonVeridical","1"
"2278","c3","10/6/21 15:00","three_pos_8_4_0_12.csv",0,2,"10/6/21 15:12","0","Finish","0",1,"","dhJRhJafzcefbVPSryL2",3,"e1",3,1,"nonVeridical","0"
"2279","c2","10/6/21 15:00","three_pos_8_4_0_12.csv",0,4,"10/6/21 15:12","0","Finish","0",1,"","dhJRhJafzcefbVPSryL2",3,"e1",2,1,"nonVeridical","1"
"2280","c1","10/6/21 15:00","three_pos_8_4_0_12.csv",0,1,"10/6/21 15:12","0","Finish","0",1,"","dhJRhJafzcefbVPSryL2",3,"e1",1,1,"veridical","2"
"2281","c3","10/6/21 15:00","three_pos_8_4_0_12.csv",0,2,"10/6/21 15:12","0","Finish","0",1,"","dhJRhJafzcefbVPSryL2",3,"e2",3,2,"nonVeridical","0"
"2282","c2","10/6/21 15:00","three_pos_8_4_0_12.csv",0,6,"10/6/21 15:12","0","Finish","0",1,"","dhJRhJafzcefbVPSryL2",3,"e2",2,2,"veridical","1"
"2283","c1","10/6/21 15:00","three_pos_8_4_0_12.csv",0,5,"10/6/21 15:12","0","Finish","0",1,"","dhJRhJafzcefbVPSryL2",3,"e2",1,2,"nonVeridical","2"
"2284","c3","10/6/21 15:00","three_pos_8_4_0_12.csv",0,7,"10/6/21 15:12","0","Finish","0",1,"","dhJRhJafzcefbVPSryL2",3,"e3",3,3,"veridical","0"
"2285","c2","10/6/21 15:00","three_pos_8_4_0_12.csv",0,6,"10/6/21 15:12","0","Finish","0",1,"","dhJRhJafzcefbVPSryL2",3,"e3",2,3,"nonVeridical","1"
"2286","c1","10/6/21 15:00","three_pos_8_4_0_12.csv",0,5,"10/6/21 15:12","0","Finish","0",1,"","dhJRhJafzcefbVPSryL2",3,"e3",1,3,"nonVeridical","2"
"2287","c1","10/6/21 15:01","three_pos_8_4_0_12.csv",0,9,"10/6/21 15:14","0","Finish","0",0,"running","gbjtenHOJUsBTn6ed5Xy",2,"e1",1,1,"veridical","2"
"2288","c2","10/6/21 15:01","three_pos_8_4_0_12.csv",0,9,"10/6/21 15:14","0","Finish","0",0,"running","gbjtenHOJUsBTn6ed5Xy",2,"e1",2,1,"nonVeridical","1"
"2289","c3","10/6/21 15:01","three_pos_8_4_0_12.csv",0,9,"10/6/21 15:14","0","Finish","0",0,"running","gbjtenHOJUsBTn6ed5Xy",2,"e1",3,1,"nonVeridical","0"
"2290","c1","10/6/21 15:01","three_pos_8_4_0_12.csv",0,9,"10/6/21 15:14","0","Finish","0",0,"running","gbjtenHOJUsBTn6ed5Xy",2,"e2",1,2,"nonVeridical","2"
"2291","c2","10/6/21 15:01","three_pos_8_4_0_12.csv",0,9,"10/6/21 15:14","0","Finish","0",0,"running","gbjtenHOJUsBTn6ed5Xy",2,"e2",2,2,"veridical","1"
"2292","c3","10/6/21 15:01","three_pos_8_4_0_12.csv",0,9,"10/6/21 15:14","0","Finish","0",0,"running","gbjtenHOJUsBTn6ed5Xy",2,"e2",3,2,"nonVeridical","0"
"2293","c1","10/6/21 15:01","three_pos_8_4_0_12.csv",0,9,"10/6/21 15:14","0","Finish","0",0,"running","gbjtenHOJUsBTn6ed5Xy",2,"e3",1,3,"nonVeridical","2"
"2294","c2","10/6/21 15:01","three_pos_8_4_0_12.csv",0,8,"10/6/21 15:14","0","Finish","0",0,"running","gbjtenHOJUsBTn6ed5Xy",2,"e3",2,3,"nonVeridical","1"
"2295","c3","10/6/21 15:01","three_pos_8_4_0_12.csv",0,9,"10/6/21 15:14","0","Finish","0",0,"running","gbjtenHOJUsBTn6ed5Xy",2,"e3",3,3,"veridical","0"
"2296","c3","10/6/21 15:03","three_pos_9_3_3_9.csv",0,10,"10/6/21 15:15","1","Finish","1",0,"running_cycling","TL4NAaeHudnfdJ19yEoZ",2,"e1",3,1,"nonVeridical","0"
"2297","c2","10/6/21 15:03","three_pos_9_3_3_9.csv",0,9,"10/6/21 15:15","1","Finish","1",0,"running_cycling","TL4NAaeHudnfdJ19yEoZ",2,"e1",2,1,"nonVeridical","1"
"2298","c1","10/6/21 15:03","three_pos_9_3_3_9.csv",0,9,"10/6/21 15:15","1","Finish","1",0,"running_cycling","TL4NAaeHudnfdJ19yEoZ",2,"e1",1,1,"veridical","2"
"2299","c3","10/6/21 15:03","three_pos_9_3_3_9.csv",0,10,"10/6/21 15:15","1","Finish","1",0,"running_cycling","TL4NAaeHudnfdJ19yEoZ",2,"e2",3,2,"nonVeridical","0"
"2300","c2","10/6/21 15:03","three_pos_9_3_3_9.csv",0,9,"10/6/21 15:15","1","Finish","1",0,"running_cycling","TL4NAaeHudnfdJ19yEoZ",2,"e2",2,2,"veridical","1"
"2301","c1","10/6/21 15:03","three_pos_9_3_3_9.csv",0,10,"10/6/21 15:15","1","Finish","1",0,"running_cycling","TL4NAaeHudnfdJ19yEoZ",2,"e2",1,2,"nonVeridical","2"
"2302","c3","10/6/21 15:03","three_pos_9_3_3_9.csv",0,10,"10/6/21 15:15","1","Finish","1",0,"running_cycling","TL4NAaeHudnfdJ19yEoZ",2,"e3",3,3,"veridical","0"
"2303","c2","10/6/21 15:03","three_pos_9_3_3_9.csv",0,10,"10/6/21 15:15","1","Finish","1",0,"running_cycling","TL4NAaeHudnfdJ19yEoZ",2,"e3",2,3,"nonVeridical","1"
"2304","c1","10/6/21 15:03","three_pos_9_3_3_9.csv",0,10,"10/6/21 15:15","1","Finish","1",0,"running_cycling","TL4NAaeHudnfdJ19yEoZ",2,"e3",1,3,"nonVeridical","2"
"2305","c1","10/6/21 15:03","three_pos_10_2_0_12.csv",0,6,"10/6/21 15:24","0","Finish","0",1,"","YdxlFPhzXNct0hzIZoFb",1,"e1",1,1,"veridical","2"
"2306","c2","10/6/21 15:03","three_pos_10_2_0_12.csv",0,6,"10/6/21 15:24","0","Finish","0",1,"","YdxlFPhzXNct0hzIZoFb",1,"e1",2,1,"nonVeridical","1"
"2307","c3","10/6/21 15:03","three_pos_10_2_0_12.csv",0,7,"10/6/21 15:24","0","Finish","0",1,"","YdxlFPhzXNct0hzIZoFb",1,"e1",3,1,"nonVeridical","0"
"2308","c1","10/6/21 15:03","three_pos_10_2_0_12.csv",0,7,"10/6/21 15:24","0","Finish","0",1,"","YdxlFPhzXNct0hzIZoFb",1,"e2",1,2,"nonVeridical","2"
"2309","c2","10/6/21 15:03","three_pos_10_2_0_12.csv",0,8,"10/6/21 15:24","0","Finish","0",1,"","YdxlFPhzXNct0hzIZoFb",1,"e2",2,2,"veridical","1"
"2310","c3","10/6/21 15:03","three_pos_10_2_0_12.csv",0,8,"10/6/21 15:24","0","Finish","0",1,"","YdxlFPhzXNct0hzIZoFb",1,"e2",3,2,"nonVeridical","0"
"2311","c1","10/6/21 15:03","three_pos_10_2_0_12.csv",0,6,"10/6/21 15:24","0","Finish","0",1,"","YdxlFPhzXNct0hzIZoFb",1,"e3",1,3,"nonVeridical","2"
"2312","c2","10/6/21 15:03","three_pos_10_2_0_12.csv",0,5,"10/6/21 15:24","0","Finish","0",1,"","YdxlFPhzXNct0hzIZoFb",1,"e3",2,3,"nonVeridical","1"
"2313","c3","10/6/21 15:03","three_pos_10_2_0_12.csv",0,8,"10/6/21 15:24","0","Finish","0",1,"","YdxlFPhzXNct0hzIZoFb",1,"e3",3,3,"veridical","0"
"2314","c1","10/6/21 15:05","three_pos_9_3_3_9.csv",0,1,"10/6/21 15:14","0","Finish","0",1,"","UAV8LqLyaOvY199aPio0",2,"e1",1,1,"veridical","2"
"2315","c2","10/6/21 15:05","three_pos_9_3_3_9.csv",0,1,"10/6/21 15:14","0","Finish","0",1,"","UAV8LqLyaOvY199aPio0",2,"e1",2,1,"nonVeridical","1"
"2316","c3","10/6/21 15:05","three_pos_9_3_3_9.csv",0,1,"10/6/21 15:14","0","Finish","0",1,"","UAV8LqLyaOvY199aPio0",2,"e1",3,1,"nonVeridical","0"
"2317","c1","10/6/21 15:05","three_pos_9_3_3_9.csv",0,1,"10/6/21 15:14","0","Finish","0",1,"","UAV8LqLyaOvY199aPio0",2,"e2",1,2,"nonVeridical","2"
"2318","c2","10/6/21 15:05","three_pos_9_3_3_9.csv",0,1,"10/6/21 15:14","0","Finish","0",1,"","UAV8LqLyaOvY199aPio0",2,"e2",2,2,"veridical","1"
"2319","c3","10/6/21 15:05","three_pos_9_3_3_9.csv",0,1,"10/6/21 15:14","0","Finish","0",1,"","UAV8LqLyaOvY199aPio0",2,"e2",3,2,"nonVeridical","0"
"2320","c1","10/6/21 15:05","three_pos_9_3_3_9.csv",0,1,"10/6/21 15:14","0","Finish","0",1,"","UAV8LqLyaOvY199aPio0",2,"e3",1,3,"nonVeridical","2"
"2321","c2","10/6/21 15:05","three_pos_9_3_3_9.csv",0,1,"10/6/21 15:14","0","Finish","0",1,"","UAV8LqLyaOvY199aPio0",2,"e3",2,3,"nonVeridical","1"
"2322","c3","10/6/21 15:05","three_pos_9_3_3_9.csv",0,1,"10/6/21 15:14","0","Finish","0",1,"","UAV8LqLyaOvY199aPio0",2,"e3",3,3,"veridical","0"
"2323","c1","10/6/21 15:06","three_pos_10_2_0_12.csv",0,2,"10/6/21 15:19","0","Finish","0",1,"","GIgkddiTDFfE5oj0mmGL",2,"e1",1,1,"veridical","2"
"2324","c3","10/6/21 15:06","three_pos_10_2_0_12.csv",0,9,"10/6/21 15:19","0","Finish","0",1,"","GIgkddiTDFfE5oj0mmGL",2,"e1",3,1,"nonVeridical","0"
"2325","c2","10/6/21 15:06","three_pos_10_2_0_12.csv",0,2,"10/6/21 15:19","0","Finish","0",1,"","GIgkddiTDFfE5oj0mmGL",2,"e1",2,1,"nonVeridical","1"
"2326","c1","10/6/21 15:06","three_pos_10_2_0_12.csv",0,7,"10/6/21 15:19","0","Finish","0",1,"","GIgkddiTDFfE5oj0mmGL",2,"e2",1,2,"nonVeridical","2"
"2327","c3","10/6/21 15:06","three_pos_10_2_0_12.csv",0,5,"10/6/21 15:19","0","Finish","0",1,"","GIgkddiTDFfE5oj0mmGL",2,"e2",3,2,"nonVeridical","0"
"2328","c2","10/6/21 15:06","three_pos_10_2_0_12.csv",0,8,"10/6/21 15:19","0","Finish","0",1,"","GIgkddiTDFfE5oj0mmGL",2,"e2",2,2,"veridical","1"
"2329","c1","10/6/21 15:06","three_pos_10_2_0_12.csv",0,8,"10/6/21 15:19","0","Finish","0",1,"","GIgkddiTDFfE5oj0mmGL",2,"e3",1,3,"nonVeridical","2"
"2330","c3","10/6/21 15:06","three_pos_10_2_0_12.csv",0,4,"10/6/21 15:19","0","Finish","0",1,"","GIgkddiTDFfE5oj0mmGL",2,"e3",3,3,"veridical","0"
"2331","c2","10/6/21 15:06","three_pos_10_2_0_12.csv",0,7,"10/6/21 15:19","0","Finish","0",1,"","GIgkddiTDFfE5oj0mmGL",2,"e3",2,3,"nonVeridical","1"
"2332","c1","10/6/21 15:07","three_pos_10_2_0_12.csv",0,5,"10/6/21 15:18","0","Finish","0",0,"","npBcyTXgiaxIsHuKF6v5",3,"e1",1,1,"veridical","2"
"2333","c3","10/6/21 15:07","three_pos_10_2_0_12.csv",0,7,"10/6/21 15:18","0","Finish","0",0,"","npBcyTXgiaxIsHuKF6v5",3,"e1",3,1,"nonVeridical","0"
"2334","c2","10/6/21 15:07","three_pos_10_2_0_12.csv",0,4,"10/6/21 15:18","0","Finish","0",0,"","npBcyTXgiaxIsHuKF6v5",3,"e1",2,1,"nonVeridical","1"
"2335","c1","10/6/21 15:07","three_pos_10_2_0_12.csv",0,4,"10/6/21 15:18","0","Finish","0",0,"","npBcyTXgiaxIsHuKF6v5",3,"e2",1,2,"nonVeridical","2"
"2336","c3","10/6/21 15:07","three_pos_10_2_0_12.csv",0,6,"10/6/21 15:18","0","Finish","0",0,"","npBcyTXgiaxIsHuKF6v5",3,"e2",3,2,"nonVeridical","0"
"2337","c2","10/6/21 15:07","three_pos_10_2_0_12.csv",0,5,"10/6/21 15:18","0","Finish","0",0,"","npBcyTXgiaxIsHuKF6v5",3,"e2",2,2,"veridical","1"
"2338","c1","10/6/21 15:07","three_pos_10_2_0_12.csv",0,5,"10/6/21 15:18","0","Finish","0",0,"","npBcyTXgiaxIsHuKF6v5",3,"e3",1,3,"nonVeridical","2"
"2339","c3","10/6/21 15:07","three_pos_10_2_0_12.csv",0,2,"10/6/21 15:18","0","Finish","0",0,"","npBcyTXgiaxIsHuKF6v5",3,"e3",3,3,"veridical","0"
"2340","c2","10/6/21 15:07","three_pos_10_2_0_12.csv",0,3,"10/6/21 15:18","0","Finish","0",0,"","npBcyTXgiaxIsHuKF6v5",3,"e3",2,3,"nonVeridical","1"
"2341","c1","10/6/21 15:09","three_pos_8_4_0_12.csv",0,6,"10/6/21 15:37","0","Finish","0",0,"cycling_running_skiing","d4hYMgyD2mZlEVyRVw1v",1,"e1",1,1,"veridical","2"
"2342","c2","10/6/21 15:09","three_pos_8_4_0_12.csv",0,7,"10/6/21 15:37","0","Finish","0",0,"cycling_running_skiing","d4hYMgyD2mZlEVyRVw1v",1,"e1",2,1,"nonVeridical","1"
"2343","c3","10/6/21 15:09","three_pos_8_4_0_12.csv",0,2,"10/6/21 15:37","0","Finish","0",0,"cycling_running_skiing","d4hYMgyD2mZlEVyRVw1v",1,"e1",3,1,"nonVeridical","0"
"2344","c1","10/6/21 15:09","three_pos_8_4_0_12.csv",0,6,"10/6/21 15:37","0","Finish","0",0,"cycling_running_skiing","d4hYMgyD2mZlEVyRVw1v",1,"e2",1,2,"nonVeridical","2"
"2345","c2","10/6/21 15:09","three_pos_8_4_0_12.csv",0,7,"10/6/21 15:37","0","Finish","0",0,"cycling_running_skiing","d4hYMgyD2mZlEVyRVw1v",1,"e2",2,2,"veridical","1"
"2346","c3","10/6/21 15:09","three_pos_8_4_0_12.csv",0,7,"10/6/21 15:37","0","Finish","0",0,"cycling_running_skiing","d4hYMgyD2mZlEVyRVw1v",1,"e2",3,2,"nonVeridical","0"
"2347","c1","10/6/21 15:09","three_pos_8_4_0_12.csv",0,7,"10/6/21 15:37","0","Finish","0",0,"cycling_running_skiing","d4hYMgyD2mZlEVyRVw1v",1,"e3",1,3,"nonVeridical","2"
"2348","c2","10/6/21 15:09","three_pos_8_4_0_12.csv",0,4,"10/6/21 15:37","0","Finish","0",0,"cycling_running_skiing","d4hYMgyD2mZlEVyRVw1v",1,"e3",2,3,"nonVeridical","1"
"2349","c3","10/6/21 15:09","three_pos_8_4_0_12.csv",0,5,"10/6/21 15:37","0","Finish","0",0,"cycling_running_skiing","d4hYMgyD2mZlEVyRVw1v",1,"e3",3,3,"veridical","0"
"2350","c2","10/6/21 15:09","three_pos_8_4_0_12.csv",0,1,"10/6/21 15:22","0","Finish","0",0,"running_cycling_tennis","S1UwK9S2xhxBZXbxRZ0V",3,"e1",2,1,"nonVeridical","1"
"2351","c3","10/6/21 15:09","three_pos_8_4_0_12.csv",0,2,"10/6/21 15:22","0","Finish","0",0,"running_cycling_tennis","S1UwK9S2xhxBZXbxRZ0V",3,"e1",3,1,"nonVeridical","0"
"2352","c1","10/6/21 15:09","three_pos_8_4_0_12.csv",0,5,"10/6/21 15:22","0","Finish","0",0,"running_cycling_tennis","S1UwK9S2xhxBZXbxRZ0V",3,"e1",1,1,"veridical","2"
"2353","c2","10/6/21 15:09","three_pos_8_4_0_12.csv",0,8,"10/6/21 15:22","0","Finish","0",0,"running_cycling_tennis","S1UwK9S2xhxBZXbxRZ0V",3,"e2",2,2,"veridical","1"
"2354","c3","10/6/21 15:09","three_pos_8_4_0_12.csv",0,5,"10/6/21 15:22","0","Finish","0",0,"running_cycling_tennis","S1UwK9S2xhxBZXbxRZ0V",3,"e2",3,2,"nonVeridical","0"
"2355","c1","10/6/21 15:09","three_pos_8_4_0_12.csv",0,6,"10/6/21 15:22","0","Finish","0",0,"running_cycling_tennis","S1UwK9S2xhxBZXbxRZ0V",3,"e2",1,2,"nonVeridical","2"
"2356","c2","10/6/21 15:09","three_pos_8_4_0_12.csv",0,4,"10/6/21 15:22","0","Finish","0",0,"running_cycling_tennis","S1UwK9S2xhxBZXbxRZ0V",3,"e3",2,3,"nonVeridical","1"
"2357","c3","10/6/21 15:09","three_pos_8_4_0_12.csv",0,8,"10/6/21 15:22","0","Finish","0",0,"running_cycling_tennis","S1UwK9S2xhxBZXbxRZ0V",3,"e3",3,3,"veridical","0"
"2358","c1","10/6/21 15:09","three_pos_8_4_0_12.csv",0,8,"10/6/21 15:22","0","Finish","0",0,"running_cycling_tennis","S1UwK9S2xhxBZXbxRZ0V",3,"e3",1,3,"nonVeridical","2"
"2359","c3","10/6/21 15:11","three_pos_9_3_3_9.csv",0,8,"10/6/21 15:24","0","Finish","0",0,"soccer_basketball","HDKw053QE2EDx1EoMrMh",3,"e1",3,1,"nonVeridical","0"
"2360","c2","10/6/21 15:11","three_pos_9_3_3_9.csv",0,8,"10/6/21 15:24","0","Finish","0",0,"soccer_basketball","HDKw053QE2EDx1EoMrMh",3,"e1",2,1,"nonVeridical","1"
"2361","c1","10/6/21 15:11","three_pos_9_3_3_9.csv",0,8,"10/6/21 15:24","0","Finish","0",0,"soccer_basketball","HDKw053QE2EDx1EoMrMh",3,"e1",1,1,"veridical","2"
"2362","c3","10/6/21 15:11","three_pos_9_3_3_9.csv",0,8,"10/6/21 15:24","0","Finish","0",0,"soccer_basketball","HDKw053QE2EDx1EoMrMh",3,"e2",3,2,"nonVeridical","0"
"2363","c2","10/6/21 15:11","three_pos_9_3_3_9.csv",0,7,"10/6/21 15:24","0","Finish","0",0,"soccer_basketball","HDKw053QE2EDx1EoMrMh",3,"e2",2,2,"veridical","1"
"2364","c1","10/6/21 15:11","three_pos_9_3_3_9.csv",0,9,"10/6/21 15:24","0","Finish","0",0,"soccer_basketball","HDKw053QE2EDx1EoMrMh",3,"e2",1,2,"nonVeridical","2"
"2365","c3","10/6/21 15:11","three_pos_9_3_3_9.csv",0,7,"10/6/21 15:24","0","Finish","0",0,"soccer_basketball","HDKw053QE2EDx1EoMrMh",3,"e3",3,3,"veridical","0"
"2366","c2","10/6/21 15:11","three_pos_9_3_3_9.csv",0,9,"10/6/21 15:24","0","Finish","0",0,"soccer_basketball","HDKw053QE2EDx1EoMrMh",3,"e3",2,3,"nonVeridical","1"
"2367","c1","10/6/21 15:11","three_pos_9_3_3_9.csv",0,7,"10/6/21 15:24","0","Finish","0",0,"soccer_basketball","HDKw053QE2EDx1EoMrMh",3,"e3",1,3,"nonVeridical","2"
"2368","c2","10/6/21 15:12","three_pos_8_4_0_12.csv",0,0,"10/6/21 15:22","0","Finish","0",1,"","DdjNwdFWotn0X8hYzZOM",2,"e1",2,1,"nonVeridical","1"
"2369","c1","10/6/21 15:12","three_pos_8_4_0_12.csv",0,0,"10/6/21 15:22","0","Finish","0",1,"","DdjNwdFWotn0X8hYzZOM",2,"e1",1,1,"veridical","2"
"2370","c3","10/6/21 15:12","three_pos_8_4_0_12.csv",0,8,"10/6/21 15:22","0","Finish","0",1,"","DdjNwdFWotn0X8hYzZOM",2,"e1",3,1,"nonVeridical","0"
"2371","c2","10/6/21 15:12","three_pos_8_4_0_12.csv",0,10,"10/6/21 15:22","0","Finish","0",1,"","DdjNwdFWotn0X8hYzZOM",2,"e2",2,2,"veridical","1"
"2372","c1","10/6/21 15:12","three_pos_8_4_0_12.csv",0,8,"10/6/21 15:22","0","Finish","0",1,"","DdjNwdFWotn0X8hYzZOM",2,"e2",1,2,"nonVeridical","2"
"2373","c3","10/6/21 15:12","three_pos_8_4_0_12.csv",0,0,"10/6/21 15:22","0","Finish","0",1,"","DdjNwdFWotn0X8hYzZOM",2,"e2",3,2,"nonVeridical","0"
"2374","c2","10/6/21 15:12","three_pos_8_4_0_12.csv",0,8,"10/6/21 15:22","0","Finish","0",1,"","DdjNwdFWotn0X8hYzZOM",2,"e3",2,3,"nonVeridical","1"
"2375","c1","10/6/21 15:12","three_pos_8_4_0_12.csv",0,10,"10/6/21 15:22","0","Finish","0",1,"","DdjNwdFWotn0X8hYzZOM",2,"e3",1,3,"nonVeridical","2"
"2376","c3","10/6/21 15:12","three_pos_8_4_0_12.csv",0,2,"10/6/21 15:22","0","Finish","0",1,"","DdjNwdFWotn0X8hYzZOM",2,"e3",3,3,"veridical","0"
"2377","c2","10/6/21 15:12","three_pos_10_2_0_12.csv",0,4,"10/6/21 15:31","0","Finish","0",1,"","6RFmnsuOMS3ywn4ypwxn",3,"e1",2,1,"nonVeridical","1"
"2378","c3","10/6/21 15:12","three_pos_10_2_0_12.csv",0,4,"10/6/21 15:31","0","Finish","0",1,"","6RFmnsuOMS3ywn4ypwxn",3,"e1",3,1,"nonVeridical","0"
"2379","c1","10/6/21 15:12","three_pos_10_2_0_12.csv",0,5,"10/6/21 15:31","0","Finish","0",1,"","6RFmnsuOMS3ywn4ypwxn",3,"e1",1,1,"veridical","2"
"2380","c2","10/6/21 15:12","three_pos_10_2_0_12.csv",0,6,"10/6/21 15:31","0","Finish","0",1,"","6RFmnsuOMS3ywn4ypwxn",3,"e2",2,2,"veridical","1"
"2381","c3","10/6/21 15:12","three_pos_10_2_0_12.csv",0,6,"10/6/21 15:31","0","Finish","0",1,"","6RFmnsuOMS3ywn4ypwxn",3,"e2",3,2,"nonVeridical","0"
"2382","c1","10/6/21 15:12","three_pos_10_2_0_12.csv",0,3,"10/6/21 15:31","0","Finish","0",1,"","6RFmnsuOMS3ywn4ypwxn",3,"e2",1,2,"nonVeridical","2"
"2383","c2","10/6/21 15:12","three_pos_10_2_0_12.csv",0,2,"10/6/21 15:31","0","Finish","0",1,"","6RFmnsuOMS3ywn4ypwxn",3,"e3",2,3,"nonVeridical","1"
"2384","c3","10/6/21 15:12","three_pos_10_2_0_12.csv",0,3,"10/6/21 15:31","0","Finish","0",1,"","6RFmnsuOMS3ywn4ypwxn",3,"e3",3,3,"veridical","0"
"2385","c1","10/6/21 15:12","three_pos_10_2_0_12.csv",0,8,"10/6/21 15:31","0","Finish","0",1,"","6RFmnsuOMS3ywn4ypwxn",3,"e3",1,3,"nonVeridical","2"
"2386","c2","10/6/21 15:15","three_pos_8_4_0_12.csv",0,9,"10/6/21 15:33","0","Finish","0",1,"","g5zSTFkthxvQp5Mmo5SU",3,"e1",2,1,"nonVeridical","1"
"2387","c3","10/6/21 15:15","three_pos_8_4_0_12.csv",0,1,"10/6/21 15:33","0","Finish","0",1,"","g5zSTFkthxvQp5Mmo5SU",3,"e1",3,1,"nonVeridical","0"
"2388","c1","10/6/21 15:15","three_pos_8_4_0_12.csv",0,9,"10/6/21 15:33","0","Finish","0",1,"","g5zSTFkthxvQp5Mmo5SU",3,"e1",1,1,"veridical","2"
"2389","c2","10/6/21 15:15","three_pos_8_4_0_12.csv",0,9,"10/6/21 15:33","0","Finish","0",1,"","g5zSTFkthxvQp5Mmo5SU",3,"e2",2,2,"veridical","1"
"2390","c3","10/6/21 15:15","three_pos_8_4_0_12.csv",0,3,"10/6/21 15:33","0","Finish","0",1,"","g5zSTFkthxvQp5Mmo5SU",3,"e2",3,2,"nonVeridical","0"
"2391","c1","10/6/21 15:15","three_pos_8_4_0_12.csv",0,1,"10/6/21 15:33","0","Finish","0",1,"","g5zSTFkthxvQp5Mmo5SU",3,"e2",1,2,"nonVeridical","2"
"2392","c2","10/6/21 15:15","three_pos_8_4_0_12.csv",0,0,"10/6/21 15:33","0","Finish","0",1,"","g5zSTFkthxvQp5Mmo5SU",3,"e3",2,3,"nonVeridical","1"
"2393","c3","10/6/21 15:15","three_pos_8_4_0_12.csv",0,8,"10/6/21 15:33","0","Finish","0",1,"","g5zSTFkthxvQp5Mmo5SU",3,"e3",3,3,"veridical","0"
"2394","c1","10/6/21 15:15","three_pos_8_4_0_12.csv",0,0,"10/6/21 15:33","0","Finish","0",1,"","g5zSTFkthxvQp5Mmo5SU",3,"e3",1,3,"nonVeridical","2"
"2395","c1","10/6/21 15:17","three_pos_10_2_0_12.csv",0,9,"10/6/21 15:34","0","Finish","0",1,"","gfpCxLAWvWJRHIPEELMY",1,"e1",1,1,"veridical","2"
"2396","c2","10/6/21 15:17","three_pos_10_2_0_12.csv",0,10,"10/6/21 15:34","0","Finish","0",1,"","gfpCxLAWvWJRHIPEELMY",1,"e1",2,1,"nonVeridical","1"
"2397","c3","10/6/21 15:17","three_pos_10_2_0_12.csv",0,2,"10/6/21 15:34","0","Finish","0",1,"","gfpCxLAWvWJRHIPEELMY",1,"e1",3,1,"nonVeridical","0"
"2398","c1","10/6/21 15:17","three_pos_10_2_0_12.csv",0,9,"10/6/21 15:34","0","Finish","0",1,"","gfpCxLAWvWJRHIPEELMY",1,"e2",1,2,"nonVeridical","2"
"2399","c2","10/6/21 15:17","three_pos_10_2_0_12.csv",0,4,"10/6/21 15:34","0","Finish","0",1,"","gfpCxLAWvWJRHIPEELMY",1,"e2",2,2,"veridical","1"
"2400","c3","10/6/21 15:17","three_pos_10_2_0_12.csv",0,5,"10/6/21 15:34","0","Finish","0",1,"","gfpCxLAWvWJRHIPEELMY",1,"e2",3,2,"nonVeridical","0"
"2401","c1","10/6/21 15:17","three_pos_10_2_0_12.csv",0,8,"10/6/21 15:34","0","Finish","0",1,"","gfpCxLAWvWJRHIPEELMY",1,"e3",1,3,"nonVeridical","2"
"2402","c2","10/6/21 15:17","three_pos_10_2_0_12.csv",0,5,"10/6/21 15:34","0","Finish","0",1,"","gfpCxLAWvWJRHIPEELMY",1,"e3",2,3,"nonVeridical","1"
"2403","c3","10/6/21 15:17","three_pos_10_2_0_12.csv",0,2,"10/6/21 15:34","0","Finish","0",1,"","gfpCxLAWvWJRHIPEELMY",1,"e3",3,3,"veridical","0"
"2404","c2","10/6/21 15:17","three_pos_9_3_3_9.csv",0,2,"10/6/21 15:46","0","Finish","0",0,"running_cycling_football_basketball_hockey","N58TU3l4NQa5DqIJs3Nq",3,"e1",2,1,"nonVeridical","1"
"2405","c1","10/6/21 15:17","three_pos_9_3_3_9.csv",0,8,"10/6/21 15:46","0","Finish","0",0,"running_cycling_football_basketball_hockey","N58TU3l4NQa5DqIJs3Nq",3,"e1",1,1,"veridical","2"
"2406","c3","10/6/21 15:17","three_pos_9_3_3_9.csv",0,5,"10/6/21 15:46","0","Finish","0",0,"running_cycling_football_basketball_hockey","N58TU3l4NQa5DqIJs3Nq",3,"e1",3,1,"nonVeridical","0"
"2407","c2","10/6/21 15:17","three_pos_9_3_3_9.csv",0,9,"10/6/21 15:46","0","Finish","0",0,"running_cycling_football_basketball_hockey","N58TU3l4NQa5DqIJs3Nq",3,"e2",2,2,"veridical","1"
"2408","c1","10/6/21 15:17","three_pos_9_3_3_9.csv",0,5,"10/6/21 15:46","0","Finish","0",0,"running_cycling_football_basketball_hockey","N58TU3l4NQa5DqIJs3Nq",3,"e2",1,2,"nonVeridical","2"
"2409","c3","10/6/21 15:17","three_pos_9_3_3_9.csv",0,3,"10/6/21 15:46","0","Finish","0",0,"running_cycling_football_basketball_hockey","N58TU3l4NQa5DqIJs3Nq",3,"e2",3,2,"nonVeridical","0"
"2410","c2","10/6/21 15:17","three_pos_9_3_3_9.csv",0,4,"10/6/21 15:46","0","Finish","0",0,"running_cycling_football_basketball_hockey","N58TU3l4NQa5DqIJs3Nq",3,"e3",2,3,"nonVeridical","1"
"2411","c1","10/6/21 15:17","three_pos_9_3_3_9.csv",0,4,"10/6/21 15:46","0","Finish","0",0,"running_cycling_football_basketball_hockey","N58TU3l4NQa5DqIJs3Nq",3,"e3",1,3,"nonVeridical","2"
"2412","c3","10/6/21 15:17","three_pos_9_3_3_9.csv",0,9,"10/6/21 15:46","0","Finish","0",0,"running_cycling_football_basketball_hockey","N58TU3l4NQa5DqIJs3Nq",3,"e3",3,3,"veridical","0"
"2413","c1","10/6/21 15:20","three_pos_8_4_0_12.csv",0,9,"10/6/21 15:43","0","Finish","0",1,"","JVnXAGpaOXIUk9YErNrG",1,"e1",1,1,"veridical","2"
"2414","c2","10/6/21 15:20","three_pos_8_4_0_12.csv",0,8,"10/6/21 15:43","0","Finish","0",1,"","JVnXAGpaOXIUk9YErNrG",1,"e1",2,1,"nonVeridical","1"
"2415","c3","10/6/21 15:20","three_pos_8_4_0_12.csv",0,8,"10/6/21 15:43","0","Finish","0",1,"","JVnXAGpaOXIUk9YErNrG",1,"e1",3,1,"nonVeridical","0"
"2416","c1","10/6/21 15:20","three_pos_8_4_0_12.csv",0,8,"10/6/21 15:43","0","Finish","0",1,"","JVnXAGpaOXIUk9YErNrG",1,"e2",1,2,"nonVeridical","2"
"2417","c2","10/6/21 15:20","three_pos_8_4_0_12.csv",0,10,"10/6/21 15:43","0","Finish","0",1,"","JVnXAGpaOXIUk9YErNrG",1,"e2",2,2,"veridical","1"
"2418","c3","10/6/21 15:20","three_pos_8_4_0_12.csv",0,10,"10/6/21 15:43","0","Finish","0",1,"","JVnXAGpaOXIUk9YErNrG",1,"e2",3,2,"nonVeridical","0"
"2419","c1","10/6/21 15:20","three_pos_8_4_0_12.csv",0,9,"10/6/21 15:43","0","Finish","0",1,"","JVnXAGpaOXIUk9YErNrG",1,"e3",1,3,"nonVeridical","2"
"2420","c2","10/6/21 15:20","three_pos_8_4_0_12.csv",0,8,"10/6/21 15:43","0","Finish","0",1,"","JVnXAGpaOXIUk9YErNrG",1,"e3",2,3,"nonVeridical","1"
"2421","c3","10/6/21 15:20","three_pos_8_4_0_12.csv",0,10,"10/6/21 15:43","0","Finish","0",1,"","JVnXAGpaOXIUk9YErNrG",1,"e3",3,3,"veridical","0"
"2422","c3","10/6/21 15:21","three_pos_9_3_3_9.csv",0,4,"10/6/21 15:40","0","Finish","0",0,"","jTXB64QRU2F1LAGYhOcL",1,"e1",3,1,"nonVeridical","0"
"2423","c2","10/6/21 15:21","three_pos_9_3_3_9.csv",0,4,"10/6/21 15:40","0","Finish","0",0,"","jTXB64QRU2F1LAGYhOcL",1,"e1",2,1,"nonVeridical","1"
"2424","c1","10/6/21 15:21","three_pos_9_3_3_9.csv",0,6,"10/6/21 15:40","0","Finish","0",0,"","jTXB64QRU2F1LAGYhOcL",1,"e1",1,1,"veridical","2"
"2425","c3","10/6/21 15:21","three_pos_9_3_3_9.csv",0,7,"10/6/21 15:40","0","Finish","0",0,"","jTXB64QRU2F1LAGYhOcL",1,"e2",3,2,"nonVeridical","0"
"2426","c2","10/6/21 15:21","three_pos_9_3_3_9.csv",0,3,"10/6/21 15:40","0","Finish","0",0,"","jTXB64QRU2F1LAGYhOcL",1,"e2",2,2,"veridical","1"
"2427","c1","10/6/21 15:21","three_pos_9_3_3_9.csv",0,5,"10/6/21 15:40","0","Finish","0",0,"","jTXB64QRU2F1LAGYhOcL",1,"e2",1,2,"nonVeridical","2"
"2428","c3","10/6/21 15:21","three_pos_9_3_3_9.csv",0,7,"10/6/21 15:40","0","Finish","0",0,"","jTXB64QRU2F1LAGYhOcL",1,"e3",3,3,"veridical","0"
"2429","c2","10/6/21 15:21","three_pos_9_3_3_9.csv",0,3,"10/6/21 15:40","0","Finish","0",0,"","jTXB64QRU2F1LAGYhOcL",1,"e3",2,3,"nonVeridical","1"
"2430","c1","10/6/21 15:21","three_pos_9_3_3_9.csv",0,6,"10/6/21 15:40","0","Finish","0",0,"","jTXB64QRU2F1LAGYhOcL",1,"e3",1,3,"nonVeridical","2"
"2431","c2","10/6/21 15:22","three_pos_9_3_3_9.csv",0,1,"10/6/21 15:30","0","Finish","0",1,"","k6tG913pN75SRwvjv2Ix",2,"e1",2,1,"nonVeridical","1"
"2432","c3","10/6/21 15:22","three_pos_9_3_3_9.csv",0,7,"10/6/21 15:30","0","Finish","0",1,"","k6tG913pN75SRwvjv2Ix",2,"e1",3,1,"nonVeridical","0"
"2433","c1","10/6/21 15:22","three_pos_9_3_3_9.csv",0,4,"10/6/21 15:30","0","Finish","0",1,"","k6tG913pN75SRwvjv2Ix",2,"e1",1,1,"veridical","2"
"2434","c2","10/6/21 15:22","three_pos_9_3_3_9.csv",0,5,"10/6/21 15:30","0","Finish","0",1,"","k6tG913pN75SRwvjv2Ix",2,"e2",2,2,"veridical","1"
"2435","c3","10/6/21 15:22","three_pos_9_3_3_9.csv",0,0,"10/6/21 15:30","0","Finish","0",1,"","k6tG913pN75SRwvjv2Ix",2,"e2",3,2,"nonVeridical","0"
"2436","c1","10/6/21 15:22","three_pos_9_3_3_9.csv",0,2,"10/6/21 15:30","0","Finish","0",1,"","k6tG913pN75SRwvjv2Ix",2,"e2",1,2,"nonVeridical","2"
"2437","c2","10/6/21 15:22","three_pos_9_3_3_9.csv",0,2,"10/6/21 15:30","0","Finish","0",1,"","k6tG913pN75SRwvjv2Ix",2,"e3",2,3,"nonVeridical","1"
"2438","c3","10/6/21 15:22","three_pos_9_3_3_9.csv",0,0,"10/6/21 15:30","0","Finish","0",1,"","k6tG913pN75SRwvjv2Ix",2,"e3",3,3,"veridical","0"
"2439","c1","10/6/21 15:22","three_pos_9_3_3_9.csv",0,1,"10/6/21 15:30","0","Finish","0",1,"","k6tG913pN75SRwvjv2Ix",2,"e3",1,3,"nonVeridical","2"
"2440","c1","10/6/21 15:22","three_pos_10_2_0_12.csv",0,8,"10/6/21 15:46","0","Finish","0",1,"","lJK4CYRZ7tr0Hd57n4iE",3,"e1",1,1,"veridical","2"
"2441","c3","10/6/21 15:22","three_pos_10_2_0_12.csv",0,7,"10/6/21 15:46","0","Finish","0",1,"","lJK4CYRZ7tr0Hd57n4iE",3,"e1",3,1,"nonVeridical","0"
"2442","c2","10/6/21 15:22","three_pos_10_2_0_12.csv",0,7,"10/6/21 15:46","0","Finish","0",1,"","lJK4CYRZ7tr0Hd57n4iE",3,"e1",2,1,"nonVeridical","1"
"2443","c1","10/6/21 15:22","three_pos_10_2_0_12.csv",0,8,"10/6/21 15:46","0","Finish","0",1,"","lJK4CYRZ7tr0Hd57n4iE",3,"e2",1,2,"nonVeridical","2"
"2444","c3","10/6/21 15:22","three_pos_10_2_0_12.csv",0,8,"10/6/21 15:46","0","Finish","0",1,"","lJK4CYRZ7tr0Hd57n4iE",3,"e2",3,2,"nonVeridical","0"
"2445","c2","10/6/21 15:22","three_pos_10_2_0_12.csv",0,8,"10/6/21 15:46","0","Finish","0",1,"","lJK4CYRZ7tr0Hd57n4iE",3,"e2",2,2,"veridical","1"
"2446","c1","10/6/21 15:22","three_pos_10_2_0_12.csv",0,8,"10/6/21 15:46","0","Finish","0",1,"","lJK4CYRZ7tr0Hd57n4iE",3,"e3",1,3,"nonVeridical","2"
"2447","c3","10/6/21 15:22","three_pos_10_2_0_12.csv",0,4,"10/6/21 15:46","0","Finish","0",1,"","lJK4CYRZ7tr0Hd57n4iE",3,"e3",3,3,"veridical","0"
"2448","c2","10/6/21 15:22","three_pos_10_2_0_12.csv",0,7,"10/6/21 15:46","0","Finish","0",1,"","lJK4CYRZ7tr0Hd57n4iE",3,"e3",2,3,"nonVeridical","1"
"2449","c3","10/6/21 15:22","three_pos_8_4_0_12.csv",0,5,"10/6/21 15:35","0","Finish","0",0,"football_soccer_tennis_snowboarding_basketball_running_cycling_notlist_hockey_skiing","xGmBHPZM6NvYIq6arHhp",3,"e1",3,1,"nonVeridical","0"
"2450","c2","10/6/21 15:22","three_pos_8_4_0_12.csv",0,5,"10/6/21 15:35","0","Finish","0",0,"football_soccer_tennis_snowboarding_basketball_running_cycling_notlist_hockey_skiing","xGmBHPZM6NvYIq6arHhp",3,"e1",2,1,"nonVeridical","1"
"2451","c1","10/6/21 15:22","three_pos_8_4_0_12.csv",0,6,"10/6/21 15:35","0","Finish","0",0,"football_soccer_tennis_snowboarding_basketball_running_cycling_notlist_hockey_skiing","xGmBHPZM6NvYIq6arHhp",3,"e1",1,1,"veridical","2"
"2452","c3","10/6/21 15:22","three_pos_8_4_0_12.csv",0,4,"10/6/21 15:35","0","Finish","0",0,"football_soccer_tennis_snowboarding_basketball_running_cycling_notlist_hockey_skiing","xGmBHPZM6NvYIq6arHhp",3,"e2",3,2,"nonVeridical","0"
"2453","c2","10/6/21 15:22","three_pos_8_4_0_12.csv",0,5,"10/6/21 15:35","0","Finish","0",0,"football_soccer_tennis_snowboarding_basketball_running_cycling_notlist_hockey_skiing","xGmBHPZM6NvYIq6arHhp",3,"e2",2,2,"veridical","1"
"2454","c1","10/6/21 15:22","three_pos_8_4_0_12.csv",0,6,"10/6/21 15:35","0","Finish","0",0,"football_soccer_tennis_snowboarding_basketball_running_cycling_notlist_hockey_skiing","xGmBHPZM6NvYIq6arHhp",3,"e2",1,2,"nonVeridical","2"
"2455","c3","10/6/21 15:22","three_pos_8_4_0_12.csv",0,5,"10/6/21 15:35","0","Finish","0",0,"football_soccer_tennis_snowboarding_basketball_running_cycling_notlist_hockey_skiing","xGmBHPZM6NvYIq6arHhp",3,"e3",3,3,"veridical","0"
"2456","c2","10/6/21 15:22","three_pos_8_4_0_12.csv",0,4,"10/6/21 15:35","0","Finish","0",0,"football_soccer_tennis_snowboarding_basketball_running_cycling_notlist_hockey_skiing","xGmBHPZM6NvYIq6arHhp",3,"e3",2,3,"nonVeridical","1"
"2457","c1","10/6/21 15:22","three_pos_8_4_0_12.csv",0,6,"10/6/21 15:35","0","Finish","0",0,"football_soccer_tennis_snowboarding_basketball_running_cycling_notlist_hockey_skiing","xGmBHPZM6NvYIq6arHhp",3,"e3",1,3,"nonVeridical","2"
"2458","c3","10/6/21 15:23","three_pos_10_2_0_12.csv",0,2,"10/6/21 15:47","0","Finish","0",0,"skiing_football_soccer_tennis_snowboarding_basketball_running_cycling_notlist_hockey","BbIT8kISE44HViVEdQfE",1,"e1",3,1,"nonVeridical","0"
"2459","c1","10/6/21 15:23","three_pos_10_2_0_12.csv",0,4,"10/6/21 15:47","0","Finish","0",0,"skiing_football_soccer_tennis_snowboarding_basketball_running_cycling_notlist_hockey","BbIT8kISE44HViVEdQfE",1,"e1",1,1,"veridical","2"
"2460","c2","10/6/21 15:23","three_pos_10_2_0_12.csv",0,3,"10/6/21 15:47","0","Finish","0",0,"skiing_football_soccer_tennis_snowboarding_basketball_running_cycling_notlist_hockey","BbIT8kISE44HViVEdQfE",1,"e1",2,1,"nonVeridical","1"
"2461","c3","10/6/21 15:23","three_pos_10_2_0_12.csv",0,4,"10/6/21 15:47","0","Finish","0",0,"skiing_football_soccer_tennis_snowboarding_basketball_running_cycling_notlist_hockey","BbIT8kISE44HViVEdQfE",1,"e2",3,2,"nonVeridical","0"
"2462","c1","10/6/21 15:23","three_pos_10_2_0_12.csv",0,3,"10/6/21 15:47","0","Finish","0",0,"skiing_football_soccer_tennis_snowboarding_basketball_running_cycling_notlist_hockey","BbIT8kISE44HViVEdQfE",1,"e2",1,2,"nonVeridical","2"
"2463","c2","10/6/21 15:23","three_pos_10_2_0_12.csv",0,4,"10/6/21 15:47","0","Finish","0",0,"skiing_football_soccer_tennis_snowboarding_basketball_running_cycling_notlist_hockey","BbIT8kISE44HViVEdQfE",1,"e2",2,2,"veridical","1"
"2464","c3","10/6/21 15:23","three_pos_10_2_0_12.csv",0,4,"10/6/21 15:47","0","Finish","0",0,"skiing_football_soccer_tennis_snowboarding_basketball_running_cycling_notlist_hockey","BbIT8kISE44HViVEdQfE",1,"e3",3,3,"veridical","0"
"2465","c1","10/6/21 15:23","three_pos_10_2_0_12.csv",0,4,"10/6/21 15:47","0","Finish","0",0,"skiing_football_soccer_tennis_snowboarding_basketball_running_cycling_notlist_hockey","BbIT8kISE44HViVEdQfE",1,"e3",1,3,"nonVeridical","2"
"2466","c2","10/6/21 15:23","three_pos_10_2_0_12.csv",0,6,"10/6/21 15:47","0","Finish","0",0,"skiing_football_soccer_tennis_snowboarding_basketball_running_cycling_notlist_hockey","BbIT8kISE44HViVEdQfE",1,"e3",2,3,"nonVeridical","1"
"2467","c3","10/6/21 15:24","three_pos_9_3_3_9.csv",0,10,"10/6/21 15:55","0","Finish","1",0,"soccer_football","B1tnM3FOFVbcLZYlEs9O",2,"e1",3,1,"nonVeridical","0"
"2468","c2","10/6/21 15:24","three_pos_9_3_3_9.csv",0,8,"10/6/21 15:55","0","Finish","1",0,"soccer_football","B1tnM3FOFVbcLZYlEs9O",2,"e1",2,1,"nonVeridical","1"
"2469","c1","10/6/21 15:24","three_pos_9_3_3_9.csv",0,8,"10/6/21 15:55","0","Finish","1",0,"soccer_football","B1tnM3FOFVbcLZYlEs9O",2,"e1",1,1,"veridical","2"
"2470","c3","10/6/21 15:24","three_pos_9_3_3_9.csv",0,9,"10/6/21 15:55","0","Finish","1",0,"soccer_football","B1tnM3FOFVbcLZYlEs9O",2,"e2",3,2,"nonVeridical","0"
"2471","c2","10/6/21 15:24","three_pos_9_3_3_9.csv",0,9,"10/6/21 15:55","0","Finish","1",0,"soccer_football","B1tnM3FOFVbcLZYlEs9O",2,"e2",2,2,"veridical","1"
"2472","c1","10/6/21 15:24","three_pos_9_3_3_9.csv",0,9,"10/6/21 15:55","0","Finish","1",0,"soccer_football","B1tnM3FOFVbcLZYlEs9O",2,"e2",1,2,"nonVeridical","2"
"2473","c3","10/6/21 15:24","three_pos_9_3_3_9.csv",0,9,"10/6/21 15:55","0","Finish","1",0,"soccer_football","B1tnM3FOFVbcLZYlEs9O",2,"e3",3,3,"veridical","0"
"2474","c2","10/6/21 15:24","three_pos_9_3_3_9.csv",0,9,"10/6/21 15:55","0","Finish","1",0,"soccer_football","B1tnM3FOFVbcLZYlEs9O",2,"e3",2,3,"nonVeridical","1"
"2475","c1","10/6/21 15:24","three_pos_9_3_3_9.csv",0,10,"10/6/21 15:55","0","Finish","1",0,"soccer_football","B1tnM3FOFVbcLZYlEs9O",2,"e3",1,3,"nonVeridical","2"
"2476","c1","10/6/21 15:28","three_pos_9_3_3_9.csv",0,4,"10/6/21 15:45","0","Finish","0",0,"","RvVxtk1jRYHqrv4aJZ5G",3,"e1",1,1,"veridical","2"
"2477","c3","10/6/21 15:28","three_pos_9_3_3_9.csv",0,0,"10/6/21 15:45","0","Finish","0",0,"","RvVxtk1jRYHqrv4aJZ5G",3,"e1",3,1,"nonVeridical","0"
"2478","c2","10/6/21 15:28","three_pos_9_3_3_9.csv",0,2,"10/6/21 15:45","0","Finish","0",0,"","RvVxtk1jRYHqrv4aJZ5G",3,"e1",2,1,"nonVeridical","1"
"2479","c1","10/6/21 15:28","three_pos_9_3_3_9.csv",0,3,"10/6/21 15:45","0","Finish","0",0,"","RvVxtk1jRYHqrv4aJZ5G",3,"e2",1,2,"nonVeridical","2"
"2480","c3","10/6/21 15:28","three_pos_9_3_3_9.csv",0,0,"10/6/21 15:45","0","Finish","0",0,"","RvVxtk1jRYHqrv4aJZ5G",3,"e2",3,2,"nonVeridical","0"
"2481","c2","10/6/21 15:28","three_pos_9_3_3_9.csv",0,10,"10/6/21 15:45","0","Finish","0",0,"","RvVxtk1jRYHqrv4aJZ5G",3,"e2",2,2,"veridical","1"
"2482","c1","10/6/21 15:28","three_pos_9_3_3_9.csv",0,5,"10/6/21 15:45","0","Finish","0",0,"","RvVxtk1jRYHqrv4aJZ5G",3,"e3",1,3,"nonVeridical","2"
"2483","c3","10/6/21 15:28","three_pos_9_3_3_9.csv",0,0,"10/6/21 15:45","0","Finish","0",0,"","RvVxtk1jRYHqrv4aJZ5G",3,"e3",3,3,"veridical","0"
"2484","c2","10/6/21 15:28","three_pos_9_3_3_9.csv",0,5,"10/6/21 15:45","0","Finish","0",0,"","RvVxtk1jRYHqrv4aJZ5G",3,"e3",2,3,"nonVeridical","1"
"2485","c2","10/6/21 15:30","three_pos_9_3_3_9.csv",0,9,"10/6/21 15:47","0","Finish","0",0,"running","knfQDieqUFjjoOLvXeu0",1,"e1",2,1,"nonVeridical","1"
"2486","c3","10/6/21 15:30","three_pos_9_3_3_9.csv",0,9,"10/6/21 15:47","0","Finish","0",0,"running","knfQDieqUFjjoOLvXeu0",1,"e1",3,1,"nonVeridical","0"
"2487","c1","10/6/21 15:30","three_pos_9_3_3_9.csv",0,9,"10/6/21 15:47","0","Finish","0",0,"running","knfQDieqUFjjoOLvXeu0",1,"e1",1,1,"veridical","2"
"2488","c2","10/6/21 15:30","three_pos_9_3_3_9.csv",0,9,"10/6/21 15:47","0","Finish","0",0,"running","knfQDieqUFjjoOLvXeu0",1,"e2",2,2,"veridical","1"
"2489","c3","10/6/21 15:30","three_pos_9_3_3_9.csv",0,9,"10/6/21 15:47","0","Finish","0",0,"running","knfQDieqUFjjoOLvXeu0",1,"e2",3,2,"nonVeridical","0"
"2490","c1","10/6/21 15:30","three_pos_9_3_3_9.csv",0,9,"10/6/21 15:47","0","Finish","0",0,"running","knfQDieqUFjjoOLvXeu0",1,"e2",1,2,"nonVeridical","2"
"2491","c2","10/6/21 15:30","three_pos_9_3_3_9.csv",0,9,"10/6/21 15:47","0","Finish","0",0,"running","knfQDieqUFjjoOLvXeu0",1,"e3",2,3,"nonVeridical","1"
"2492","c3","10/6/21 15:30","three_pos_9_3_3_9.csv",0,9,"10/6/21 15:47","0","Finish","0",0,"running","knfQDieqUFjjoOLvXeu0",1,"e3",3,3,"veridical","0"
"2493","c1","10/6/21 15:30","three_pos_9_3_3_9.csv",0,9,"10/6/21 15:47","0","Finish","0",0,"running","knfQDieqUFjjoOLvXeu0",1,"e3",1,3,"nonVeridical","2"
"2494","c2","10/6/21 15:30","three_pos_8_4_0_12.csv",0,8,"10/6/21 15:46","0","Finish","0",0,"","dtmBbbz6MgD8oI2ZJ9G3",2,"e1",2,1,"nonVeridical","1"
"2495","c3","10/6/21 15:30","three_pos_8_4_0_12.csv",0,9,"10/6/21 15:46","0","Finish","0",0,"","dtmBbbz6MgD8oI2ZJ9G3",2,"e1",3,1,"nonVeridical","0"
"2496","c1","10/6/21 15:30","three_pos_8_4_0_12.csv",0,6,"10/6/21 15:46","0","Finish","0",0,"","dtmBbbz6MgD8oI2ZJ9G3",2,"e1",1,1,"veridical","2"
"2497","c2","10/6/21 15:30","three_pos_8_4_0_12.csv",0,6,"10/6/21 15:46","0","Finish","0",0,"","dtmBbbz6MgD8oI2ZJ9G3",2,"e2",2,2,"veridical","1"
"2498","c3","10/6/21 15:30","three_pos_8_4_0_12.csv",0,7,"10/6/21 15:46","0","Finish","0",0,"","dtmBbbz6MgD8oI2ZJ9G3",2,"e2",3,2,"nonVeridical","0"
"2499","c1","10/6/21 15:30","three_pos_8_4_0_12.csv",0,8,"10/6/21 15:46","0","Finish","0",0,"","dtmBbbz6MgD8oI2ZJ9G3",2,"e2",1,2,"nonVeridical","2"
"2500","c2","10/6/21 15:30","three_pos_8_4_0_12.csv",0,7,"10/6/21 15:46","0","Finish","0",0,"","dtmBbbz6MgD8oI2ZJ9G3",2,"e3",2,3,"nonVeridical","1"
"2501","c3","10/6/21 15:30","three_pos_8_4_0_12.csv",0,8,"10/6/21 15:46","0","Finish","0",0,"","dtmBbbz6MgD8oI2ZJ9G3",2,"e3",3,3,"veridical","0"
"2502","c1","10/6/21 15:30","three_pos_8_4_0_12.csv",0,8,"10/6/21 15:46","0","Finish","0",0,"","dtmBbbz6MgD8oI2ZJ9G3",2,"e3",1,3,"nonVeridical","2"
"2503","c1","10/6/21 15:30","three_pos_10_2_0_12.csv",0,2,"10/6/21 15:42","0","Finish","0",1,"","4w1cGgwEKFEpAFRc97P0",2,"e1",1,1,"veridical","2"
"2504","c3","10/6/21 15:30","three_pos_10_2_0_12.csv",0,3,"10/6/21 15:42","0","Finish","0",1,"","4w1cGgwEKFEpAFRc97P0",2,"e1",3,1,"nonVeridical","0"
"2505","c2","10/6/21 15:30","three_pos_10_2_0_12.csv",0,3,"10/6/21 15:42","0","Finish","0",1,"","4w1cGgwEKFEpAFRc97P0",2,"e1",2,1,"nonVeridical","1"
"2506","c1","10/6/21 15:30","three_pos_10_2_0_12.csv",0,5,"10/6/21 15:42","0","Finish","0",1,"","4w1cGgwEKFEpAFRc97P0",2,"e2",1,2,"nonVeridical","2"
"2507","c3","10/6/21 15:30","three_pos_10_2_0_12.csv",0,4,"10/6/21 15:42","0","Finish","0",1,"","4w1cGgwEKFEpAFRc97P0",2,"e2",3,2,"nonVeridical","0"
"2508","c2","10/6/21 15:30","three_pos_10_2_0_12.csv",0,7,"10/6/21 15:42","0","Finish","0",1,"","4w1cGgwEKFEpAFRc97P0",2,"e2",2,2,"veridical","1"
"2509","c1","10/6/21 15:30","three_pos_10_2_0_12.csv",0,4,"10/6/21 15:42","0","Finish","0",1,"","4w1cGgwEKFEpAFRc97P0",2,"e3",1,3,"nonVeridical","2"
"2510","c3","10/6/21 15:30","three_pos_10_2_0_12.csv",0,6,"10/6/21 15:42","0","Finish","0",1,"","4w1cGgwEKFEpAFRc97P0",2,"e3",3,3,"veridical","0"
"2511","c2","10/6/21 15:30","three_pos_10_2_0_12.csv",0,6,"10/6/21 15:42","0","Finish","0",1,"","4w1cGgwEKFEpAFRc97P0",2,"e3",2,3,"nonVeridical","1"
"2512","c1","10/6/21 15:33","three_pos_8_4_0_12.csv",0,8,"10/6/21 15:48","0","Finish","0",0,"tennis_soccer","2cf7yREWkBr7gfm4aFOe",1,"e1",1,1,"veridical","2"
"2513","c2","10/6/21 15:33","three_pos_8_4_0_12.csv",0,2,"10/6/21 15:48","0","Finish","0",0,"tennis_soccer","2cf7yREWkBr7gfm4aFOe",1,"e1",2,1,"nonVeridical","1"
"2514","c3","10/6/21 15:33","three_pos_8_4_0_12.csv",0,7,"10/6/21 15:48","0","Finish","0",0,"tennis_soccer","2cf7yREWkBr7gfm4aFOe",1,"e1",3,1,"nonVeridical","0"
"2515","c1","10/6/21 15:33","three_pos_8_4_0_12.csv",0,9,"10/6/21 15:48","0","Finish","0",0,"tennis_soccer","2cf7yREWkBr7gfm4aFOe",1,"e2",1,2,"nonVeridical","2"
"2516","c2","10/6/21 15:33","three_pos_8_4_0_12.csv",0,3,"10/6/21 15:48","0","Finish","0",0,"tennis_soccer","2cf7yREWkBr7gfm4aFOe",1,"e2",2,2,"veridical","1"
"2517","c3","10/6/21 15:33","three_pos_8_4_0_12.csv",0,6,"10/6/21 15:48","0","Finish","0",0,"tennis_soccer","2cf7yREWkBr7gfm4aFOe",1,"e2",3,2,"nonVeridical","0"
"2518","c1","10/6/21 15:33","three_pos_8_4_0_12.csv",0,10,"10/6/21 15:48","0","Finish","0",0,"tennis_soccer","2cf7yREWkBr7gfm4aFOe",1,"e3",1,3,"nonVeridical","2"
"2519","c2","10/6/21 15:33","three_pos_8_4_0_12.csv",0,7,"10/6/21 15:48","0","Finish","0",0,"tennis_soccer","2cf7yREWkBr7gfm4aFOe",1,"e3",2,3,"nonVeridical","1"
"2520","c3","10/6/21 15:33","three_pos_8_4_0_12.csv",0,4,"10/6/21 15:48","0","Finish","0",0,"tennis_soccer","2cf7yREWkBr7gfm4aFOe",1,"e3",3,3,"veridical","0"
"2521","c2","10/6/21 15:39","three_pos_8_4_0_12.csv",0,1,"10/6/21 15:51","0","Finish","0",1,"","40bvkVamjRXuLX76Ul28",2,"e1",2,1,"nonVeridical","1"
"2522","c1","10/6/21 15:39","three_pos_8_4_0_12.csv",0,5,"10/6/21 15:51","0","Finish","0",1,"","40bvkVamjRXuLX76Ul28",2,"e1",1,1,"veridical","2"
"2523","c3","10/6/21 15:39","three_pos_8_4_0_12.csv",0,2,"10/6/21 15:51","0","Finish","0",1,"","40bvkVamjRXuLX76Ul28",2,"e1",3,1,"nonVeridical","0"
"2524","c2","10/6/21 15:39","three_pos_8_4_0_12.csv",0,3,"10/6/21 15:51","0","Finish","0",1,"","40bvkVamjRXuLX76Ul28",2,"e2",2,2,"veridical","1"
"2525","c1","10/6/21 15:39","three_pos_8_4_0_12.csv",0,4,"10/6/21 15:51","0","Finish","0",1,"","40bvkVamjRXuLX76Ul28",2,"e2",1,2,"nonVeridical","2"
"2526","c3","10/6/21 15:39","three_pos_8_4_0_12.csv",0,9,"10/6/21 15:51","0","Finish","0",1,"","40bvkVamjRXuLX76Ul28",2,"e2",3,2,"nonVeridical","0"
"2527","c2","10/6/21 15:39","three_pos_8_4_0_12.csv",0,4,"10/6/21 15:51","0","Finish","0",1,"","40bvkVamjRXuLX76Ul28",2,"e3",2,3,"nonVeridical","1"
"2528","c1","10/6/21 15:39","three_pos_8_4_0_12.csv",0,3,"10/6/21 15:51","0","Finish","0",1,"","40bvkVamjRXuLX76Ul28",2,"e3",1,3,"nonVeridical","2"
"2529","c3","10/6/21 15:39","three_pos_8_4_0_12.csv",0,5,"10/6/21 15:51","0","Finish","0",1,"","40bvkVamjRXuLX76Ul28",2,"e3",3,3,"veridical","0"
"2530","c1","10/6/21 15:41","three_pos_8_4_0_12.csv",0,10,"10/6/21 15:57","0","Finish","0",1,"","OkFww0nxEo81uzfr3fIO",1,"e1",1,1,"veridical","2"
"2531","c2","10/6/21 15:41","three_pos_8_4_0_12.csv",0,10,"10/6/21 15:57","0","Finish","0",1,"","OkFww0nxEo81uzfr3fIO",1,"e1",2,1,"nonVeridical","1"
"2532","c3","10/6/21 15:41","three_pos_8_4_0_12.csv",0,4,"10/6/21 15:57","0","Finish","0",1,"","OkFww0nxEo81uzfr3fIO",1,"e1",3,1,"nonVeridical","0"
"2533","c1","10/6/21 15:41","three_pos_8_4_0_12.csv",0,9,"10/6/21 15:57","0","Finish","0",1,"","OkFww0nxEo81uzfr3fIO",1,"e2",1,2,"nonVeridical","2"
"2534","c2","10/6/21 15:41","three_pos_8_4_0_12.csv",0,10,"10/6/21 15:57","0","Finish","0",1,"","OkFww0nxEo81uzfr3fIO",1,"e2",2,2,"veridical","1"
"2535","c3","10/6/21 15:41","three_pos_8_4_0_12.csv",0,6,"10/6/21 15:57","0","Finish","0",1,"","OkFww0nxEo81uzfr3fIO",1,"e2",3,2,"nonVeridical","0"
"2536","c1","10/6/21 15:41","three_pos_8_4_0_12.csv",0,10,"10/6/21 15:57","0","Finish","0",1,"","OkFww0nxEo81uzfr3fIO",1,"e3",1,3,"nonVeridical","2"
"2537","c2","10/6/21 15:41","three_pos_8_4_0_12.csv",0,10,"10/6/21 15:57","0","Finish","0",1,"","OkFww0nxEo81uzfr3fIO",1,"e3",2,3,"nonVeridical","1"
"2538","c3","10/6/21 15:41","three_pos_8_4_0_12.csv",0,0,"10/6/21 15:57","0","Finish","0",1,"","OkFww0nxEo81uzfr3fIO",1,"e3",3,3,"veridical","0"
"2539","c3","10/6/21 15:47","three_pos_9_3_3_9.csv",0,6,"10/6/21 16:13","0","Finish","0",1,"","MJAUx84UkCNdm9q6b6Zh",2,"e1",3,1,"nonVeridical","0"
"2540","c2","10/6/21 15:47","three_pos_9_3_3_9.csv",0,3,"10/6/21 16:13","0","Finish","0",1,"","MJAUx84UkCNdm9q6b6Zh",2,"e1",2,1,"nonVeridical","1"
"2541","c1","10/6/21 15:47","three_pos_9_3_3_9.csv",0,3,"10/6/21 16:13","0","Finish","0",1,"","MJAUx84UkCNdm9q6b6Zh",2,"e1",1,1,"veridical","2"
"2542","c3","10/6/21 15:47","three_pos_9_3_3_9.csv",0,4,"10/6/21 16:13","0","Finish","0",1,"","MJAUx84UkCNdm9q6b6Zh",2,"e2",3,2,"nonVeridical","0"
"2543","c2","10/6/21 15:47","three_pos_9_3_3_9.csv",0,5,"10/6/21 16:13","0","Finish","0",1,"","MJAUx84UkCNdm9q6b6Zh",2,"e2",2,2,"veridical","1"
"2544","c1","10/6/21 15:47","three_pos_9_3_3_9.csv",0,3,"10/6/21 16:13","0","Finish","0",1,"","MJAUx84UkCNdm9q6b6Zh",2,"e2",1,2,"nonVeridical","2"
"2545","c3","10/6/21 15:47","three_pos_9_3_3_9.csv",0,8,"10/6/21 16:13","0","Finish","0",1,"","MJAUx84UkCNdm9q6b6Zh",2,"e3",3,3,"veridical","0"
"2546","c2","10/6/21 15:47","three_pos_9_3_3_9.csv",0,8,"10/6/21 16:13","0","Finish","0",1,"","MJAUx84UkCNdm9q6b6Zh",2,"e3",2,3,"nonVeridical","1"
"2547","c1","10/6/21 15:47","three_pos_9_3_3_9.csv",0,8,"10/6/21 16:13","0","Finish","0",1,"","MJAUx84UkCNdm9q6b6Zh",2,"e3",1,3,"nonVeridical","2"
"2548","c2","10/6/21 15:47","three_pos_10_2_0_12.csv",0,0,"10/6/21 15:55","0","Finish","0",1,"","cZP7CsPvoCUJGpFQQjjB",1,"e1",2,1,"nonVeridical","1"
"2549","c3","10/6/21 15:47","three_pos_10_2_0_12.csv",0,0,"10/6/21 15:55","0","Finish","0",1,"","cZP7CsPvoCUJGpFQQjjB",1,"e1",3,1,"nonVeridical","0"
"2550","c1","10/6/21 15:47","three_pos_10_2_0_12.csv",0,9,"10/6/21 15:55","0","Finish","0",1,"","cZP7CsPvoCUJGpFQQjjB",1,"e1",1,1,"veridical","2"
"2551","c2","10/6/21 15:47","three_pos_10_2_0_12.csv",0,9,"10/6/21 15:55","0","Finish","0",1,"","cZP7CsPvoCUJGpFQQjjB",1,"e2",2,2,"veridical","1"
"2552","c3","10/6/21 15:47","three_pos_10_2_0_12.csv",0,0,"10/6/21 15:55","0","Finish","0",1,"","cZP7CsPvoCUJGpFQQjjB",1,"e2",3,2,"nonVeridical","0"
"2553","c1","10/6/21 15:47","three_pos_10_2_0_12.csv",0,0,"10/6/21 15:55","0","Finish","0",1,"","cZP7CsPvoCUJGpFQQjjB",1,"e2",1,2,"nonVeridical","2"
"2554","c2","10/6/21 15:47","three_pos_10_2_0_12.csv",0,3,"10/6/21 15:55","0","Finish","0",1,"","cZP7CsPvoCUJGpFQQjjB",1,"e3",2,3,"nonVeridical","1"
"2555","c3","10/6/21 15:47","three_pos_10_2_0_12.csv",0,9,"10/6/21 15:55","0","Finish","0",1,"","cZP7CsPvoCUJGpFQQjjB",1,"e3",3,3,"veridical","0"
"2556","c1","10/6/21 15:47","three_pos_10_2_0_12.csv",0,0,"10/6/21 15:55","0","Finish","0",1,"","cZP7CsPvoCUJGpFQQjjB",1,"e3",1,3,"nonVeridical","2"
"2557","c1","10/6/21 15:48","three_pos_10_2_0_12.csv",0,6,"10/6/21 16:03","0","Finish","0",0,"","KeCytQZtnZBamMiCKO5F",3,"e1",1,1,"veridical","2"
"2558","c3","10/6/21 15:48","three_pos_10_2_0_12.csv",0,5,"10/6/21 16:03","0","Finish","0",0,"","KeCytQZtnZBamMiCKO5F",3,"e1",3,1,"nonVeridical","0"
"2559","c2","10/6/21 15:48","three_pos_10_2_0_12.csv",0,5,"10/6/21 16:03","0","Finish","0",0,"","KeCytQZtnZBamMiCKO5F",3,"e1",2,1,"nonVeridical","1"
"2560","c1","10/6/21 15:48","three_pos_10_2_0_12.csv",0,7,"10/6/21 16:03","0","Finish","0",0,"","KeCytQZtnZBamMiCKO5F",3,"e2",1,2,"nonVeridical","2"
"2561","c3","10/6/21 15:48","three_pos_10_2_0_12.csv",0,5,"10/6/21 16:03","0","Finish","0",0,"","KeCytQZtnZBamMiCKO5F",3,"e2",3,2,"nonVeridical","0"
"2562","c2","10/6/21 15:48","three_pos_10_2_0_12.csv",0,3,"10/6/21 16:03","0","Finish","0",0,"","KeCytQZtnZBamMiCKO5F",3,"e2",2,2,"veridical","1"
"2563","c1","10/6/21 15:48","three_pos_10_2_0_12.csv",0,7,"10/6/21 16:03","0","Finish","0",0,"","KeCytQZtnZBamMiCKO5F",3,"e3",1,3,"nonVeridical","2"
"2564","c3","10/6/21 15:48","three_pos_10_2_0_12.csv",0,8,"10/6/21 16:03","0","Finish","0",0,"","KeCytQZtnZBamMiCKO5F",3,"e3",3,3,"veridical","0"
"2565","c2","10/6/21 15:48","three_pos_10_2_0_12.csv",0,6,"10/6/21 16:03","0","Finish","0",0,"","KeCytQZtnZBamMiCKO5F",3,"e3",2,3,"nonVeridical","1"
"2566","c1","10/6/21 15:54","three_pos_10_2_0_12.csv",0,8,"10/6/21 16:04","0","Finish","0",1,"","lYyiUdJnBWTK80BP3Evx",2,"e1",1,1,"veridical","2"
"2567","c3","10/6/21 15:54","three_pos_10_2_0_12.csv",0,9,"10/6/21 16:04","0","Finish","0",1,"","lYyiUdJnBWTK80BP3Evx",2,"e1",3,1,"nonVeridical","0"
"2568","c2","10/6/21 15:54","three_pos_10_2_0_12.csv",0,7,"10/6/21 16:04","0","Finish","0",1,"","lYyiUdJnBWTK80BP3Evx",2,"e1",2,1,"nonVeridical","1"
"2569","c1","10/6/21 15:54","three_pos_10_2_0_12.csv",0,9,"10/6/21 16:04","0","Finish","0",1,"","lYyiUdJnBWTK80BP3Evx",2,"e2",1,2,"nonVeridical","2"
"2570","c3","10/6/21 15:54","three_pos_10_2_0_12.csv",0,6,"10/6/21 16:04","0","Finish","0",1,"","lYyiUdJnBWTK80BP3Evx",2,"e2",3,2,"nonVeridical","0"
"2571","c2","10/6/21 15:54","three_pos_10_2_0_12.csv",0,8,"10/6/21 16:04","0","Finish","0",1,"","lYyiUdJnBWTK80BP3Evx",2,"e2",2,2,"veridical","1"
"2572","c1","10/6/21 15:54","three_pos_10_2_0_12.csv",0,8,"10/6/21 16:04","0","Finish","0",1,"","lYyiUdJnBWTK80BP3Evx",2,"e3",1,3,"nonVeridical","2"
"2573","c3","10/6/21 15:54","three_pos_10_2_0_12.csv",0,7,"10/6/21 16:04","0","Finish","0",1,"","lYyiUdJnBWTK80BP3Evx",2,"e3",3,3,"veridical","0"
"2574","c2","10/6/21 15:54","three_pos_10_2_0_12.csv",0,7,"10/6/21 16:04","0","Finish","0",1,"","lYyiUdJnBWTK80BP3Evx",2,"e3",2,3,"nonVeridical","1"
"2575","c2","10/6/21 15:54","three_pos_9_3_3_9.csv",0,1,"10/6/21 16:12","0","Finish","0",1,"","t7B3btPcvbsFou1dvyfM",3,"e1",2,1,"nonVeridical","1"
"2576","c1","10/6/21 15:54","three_pos_9_3_3_9.csv",0,10,"10/6/21 16:12","0","Finish","0",1,"","t7B3btPcvbsFou1dvyfM",3,"e1",1,1,"veridical","2"
"2577","c3","10/6/21 15:54","three_pos_9_3_3_9.csv",0,1,"10/6/21 16:12","0","Finish","0",1,"","t7B3btPcvbsFou1dvyfM",3,"e1",3,1,"nonVeridical","0"
"2578","c2","10/6/21 15:54","three_pos_9_3_3_9.csv",0,10,"10/6/21 16:12","0","Finish","0",1,"","t7B3btPcvbsFou1dvyfM",3,"e2",2,2,"veridical","1"
"2579","c1","10/6/21 15:54","three_pos_9_3_3_9.csv",0,2,"10/6/21 16:12","0","Finish","0",1,"","t7B3btPcvbsFou1dvyfM",3,"e2",1,2,"nonVeridical","2"
"2580","c3","10/6/21 15:54","three_pos_9_3_3_9.csv",0,2,"10/6/21 16:12","0","Finish","0",1,"","t7B3btPcvbsFou1dvyfM",3,"e2",3,2,"nonVeridical","0"
"2581","c2","10/6/21 15:54","three_pos_9_3_3_9.csv",0,2,"10/6/21 16:12","0","Finish","0",1,"","t7B3btPcvbsFou1dvyfM",3,"e3",2,3,"nonVeridical","1"
"2582","c1","10/6/21 15:54","three_pos_9_3_3_9.csv",0,1,"10/6/21 16:12","0","Finish","0",1,"","t7B3btPcvbsFou1dvyfM",3,"e3",1,3,"nonVeridical","2"
"2583","c3","10/6/21 15:54","three_pos_9_3_3_9.csv",0,9,"10/6/21 16:12","0","Finish","0",1,"","t7B3btPcvbsFou1dvyfM",3,"e3",3,3,"veridical","0"
"2584","c2","10/6/21 15:55","three_pos_8_4_0_12.csv",0,7,"10/6/21 16:33","0","Finish","0",1,"","eHpRVq9Q4oJrkqOJvQKb",3,"e1",2,1,"nonVeridical","1"
"2585","c3","10/6/21 15:55","three_pos_8_4_0_12.csv",0,6,"10/6/21 16:33","0","Finish","0",1,"","eHpRVq9Q4oJrkqOJvQKb",3,"e1",3,1,"nonVeridical","0"
"2586","c1","10/6/21 15:55","three_pos_8_4_0_12.csv",0,3,"10/6/21 16:33","0","Finish","0",1,"","eHpRVq9Q4oJrkqOJvQKb",3,"e1",1,1,"veridical","2"
"2587","c2","10/6/21 15:55","three_pos_8_4_0_12.csv",0,5,"10/6/21 16:33","0","Finish","0",1,"","eHpRVq9Q4oJrkqOJvQKb",3,"e2",2,2,"veridical","1"
"2588","c3","10/6/21 15:55","three_pos_8_4_0_12.csv",0,7,"10/6/21 16:33","0","Finish","0",1,"","eHpRVq9Q4oJrkqOJvQKb",3,"e2",3,2,"nonVeridical","0"
"2589","c1","10/6/21 15:55","three_pos_8_4_0_12.csv",0,4,"10/6/21 16:33","0","Finish","0",1,"","eHpRVq9Q4oJrkqOJvQKb",3,"e2",1,2,"nonVeridical","2"
"2590","c2","10/6/21 15:55","three_pos_8_4_0_12.csv",0,7,"10/6/21 16:33","0","Finish","0",1,"","eHpRVq9Q4oJrkqOJvQKb",3,"e3",2,3,"nonVeridical","1"
"2591","c3","10/6/21 15:55","three_pos_8_4_0_12.csv",0,4,"10/6/21 16:33","0","Finish","0",1,"","eHpRVq9Q4oJrkqOJvQKb",3,"e3",3,3,"veridical","0"
"2592","c1","10/6/21 15:55","three_pos_8_4_0_12.csv",0,7,"10/6/21 16:33","0","Finish","0",1,"","eHpRVq9Q4oJrkqOJvQKb",3,"e3",1,3,"nonVeridical","2"
"2593","c3","10/6/21 15:57","three_pos_9_3_3_9.csv",0,4,"10/6/21 16:29","0","Finish","0",0,"notlist","55syKmuXkUPtLvTAXCbc",1,"e1",3,1,"nonVeridical","0"
"2594","c2","10/6/21 15:57","three_pos_9_3_3_9.csv",0,6,"10/6/21 16:29","0","Finish","0",0,"notlist","55syKmuXkUPtLvTAXCbc",1,"e1",2,1,"nonVeridical","1"
"2595","c1","10/6/21 15:57","three_pos_9_3_3_9.csv",0,6,"10/6/21 16:29","0","Finish","0",0,"notlist","55syKmuXkUPtLvTAXCbc",1,"e1",1,1,"veridical","2"
"2596","c3","10/6/21 15:57","three_pos_9_3_3_9.csv",0,4,"10/6/21 16:29","0","Finish","0",0,"notlist","55syKmuXkUPtLvTAXCbc",1,"e2",3,2,"nonVeridical","0"
"2597","c2","10/6/21 15:57","three_pos_9_3_3_9.csv",0,3,"10/6/21 16:29","0","Finish","0",0,"notlist","55syKmuXkUPtLvTAXCbc",1,"e2",2,2,"veridical","1"
"2598","c1","10/6/21 15:57","three_pos_9_3_3_9.csv",0,4,"10/6/21 16:29","0","Finish","0",0,"notlist","55syKmuXkUPtLvTAXCbc",1,"e2",1,2,"nonVeridical","2"
"2599","c3","10/6/21 15:57","three_pos_9_3_3_9.csv",0,5,"10/6/21 16:29","0","Finish","0",0,"notlist","55syKmuXkUPtLvTAXCbc",1,"e3",3,3,"veridical","0"
"2600","c2","10/6/21 15:57","three_pos_9_3_3_9.csv",0,2,"10/6/21 16:29","0","Finish","0",0,"notlist","55syKmuXkUPtLvTAXCbc",1,"e3",2,3,"nonVeridical","1"
"2601","c1","10/6/21 15:57","three_pos_9_3_3_9.csv",0,3,"10/6/21 16:29","0","Finish","0",0,"notlist","55syKmuXkUPtLvTAXCbc",1,"e3",1,3,"nonVeridical","2"
"2602","c2","10/6/21 15:57","three_pos_10_2_0_12.csv",0,6,"10/6/21 16:09","0","Finish","0",1,"","xCqH1EtqqKX9eqAqPhDZ",3,"e1",2,1,"nonVeridical","1"
"2603","c1","10/6/21 15:57","three_pos_10_2_0_12.csv",0,6,"10/6/21 16:09","0","Finish","0",1,"","xCqH1EtqqKX9eqAqPhDZ",3,"e1",1,1,"veridical","2"
"2604","c3","10/6/21 15:57","three_pos_10_2_0_12.csv",0,6,"10/6/21 16:09","0","Finish","0",1,"","xCqH1EtqqKX9eqAqPhDZ",3,"e1",3,1,"nonVeridical","0"
"2605","c2","10/6/21 15:57","three_pos_10_2_0_12.csv",0,3,"10/6/21 16:09","0","Finish","0",1,"","xCqH1EtqqKX9eqAqPhDZ",3,"e2",2,2,"veridical","1"
"2606","c1","10/6/21 15:57","three_pos_10_2_0_12.csv",0,3,"10/6/21 16:09","0","Finish","0",1,"","xCqH1EtqqKX9eqAqPhDZ",3,"e2",1,2,"nonVeridical","2"
"2607","c3","10/6/21 15:57","three_pos_10_2_0_12.csv",0,6,"10/6/21 16:09","0","Finish","0",1,"","xCqH1EtqqKX9eqAqPhDZ",3,"e2",3,2,"nonVeridical","0"
"2608","c2","10/6/21 15:57","three_pos_10_2_0_12.csv",0,6,"10/6/21 16:09","0","Finish","0",1,"","xCqH1EtqqKX9eqAqPhDZ",3,"e3",2,3,"nonVeridical","1"
"2609","c1","10/6/21 15:57","three_pos_10_2_0_12.csv",0,6,"10/6/21 16:09","0","Finish","0",1,"","xCqH1EtqqKX9eqAqPhDZ",3,"e3",1,3,"nonVeridical","2"
"2610","c3","10/6/21 15:57","three_pos_10_2_0_12.csv",0,3,"10/6/21 16:09","0","Finish","0",1,"","xCqH1EtqqKX9eqAqPhDZ",3,"e3",3,3,"veridical","0"
"2611","c3","10/6/21 15:57","three_pos_10_2_0_12.csv",0,1,"10/6/21 16:10","0","Finish","0",1,"","aW0zu5upRmz3p6T4Knk4",1,"e1",3,1,"nonVeridical","0"
"2612","c1","10/6/21 15:57","three_pos_10_2_0_12.csv",0,7,"10/6/21 16:10","0","Finish","0",1,"","aW0zu5upRmz3p6T4Knk4",1,"e1",1,1,"veridical","2"
"2613","c2","10/6/21 15:57","three_pos_10_2_0_12.csv",0,0,"10/6/21 16:10","0","Finish","0",1,"","aW0zu5upRmz3p6T4Knk4",1,"e1",2,1,"nonVeridical","1"
"2614","c3","10/6/21 15:57","three_pos_10_2_0_12.csv",0,0,"10/6/21 16:10","0","Finish","0",1,"","aW0zu5upRmz3p6T4Knk4",1,"e2",3,2,"nonVeridical","0"
"2615","c1","10/6/21 15:57","three_pos_10_2_0_12.csv",0,0,"10/6/21 16:10","0","Finish","0",1,"","aW0zu5upRmz3p6T4Knk4",1,"e2",1,2,"nonVeridical","2"
"2616","c2","10/6/21 15:57","three_pos_10_2_0_12.csv",0,9,"10/6/21 16:10","0","Finish","0",1,"","aW0zu5upRmz3p6T4Knk4",1,"e2",2,2,"veridical","1"
"2617","c3","10/6/21 15:57","three_pos_10_2_0_12.csv",0,9,"10/6/21 16:10","0","Finish","0",1,"","aW0zu5upRmz3p6T4Knk4",1,"e3",3,3,"veridical","0"
"2618","c1","10/6/21 15:57","three_pos_10_2_0_12.csv",0,0,"10/6/21 16:10","0","Finish","0",1,"","aW0zu5upRmz3p6T4Knk4",1,"e3",1,3,"nonVeridical","2"
"2619","c2","10/6/21 15:57","three_pos_10_2_0_12.csv",0,0,"10/6/21 16:10","0","Finish","0",1,"","aW0zu5upRmz3p6T4Knk4",1,"e3",2,3,"nonVeridical","1"
"2620","c1","10/6/21 15:58","three_pos_8_4_0_12.csv",0,8,"10/6/21 16:05","0","Finish","0",1,"","aTEXlaIOtKuRSBKMEusm",3,"e1",1,1,"veridical","2"
"2621","c3","10/6/21 15:58","three_pos_8_4_0_12.csv",0,4,"10/6/21 16:05","0","Finish","0",1,"","aTEXlaIOtKuRSBKMEusm",3,"e1",3,1,"nonVeridical","0"
"2622","c2","10/6/21 15:58","three_pos_8_4_0_12.csv",0,2,"10/6/21 16:05","0","Finish","0",1,"","aTEXlaIOtKuRSBKMEusm",3,"e1",2,1,"nonVeridical","1"
"2623","c1","10/6/21 15:58","three_pos_8_4_0_12.csv",0,2,"10/6/21 16:05","0","Finish","0",1,"","aTEXlaIOtKuRSBKMEusm",3,"e2",1,2,"nonVeridical","2"
"2624","c3","10/6/21 15:58","three_pos_8_4_0_12.csv",0,7,"10/6/21 16:05","0","Finish","0",1,"","aTEXlaIOtKuRSBKMEusm",3,"e2",3,2,"nonVeridical","0"
"2625","c2","10/6/21 15:58","three_pos_8_4_0_12.csv",0,2,"10/6/21 16:05","0","Finish","0",1,"","aTEXlaIOtKuRSBKMEusm",3,"e2",2,2,"veridical","1"
"2626","c1","10/6/21 15:58","three_pos_8_4_0_12.csv",0,6,"10/6/21 16:05","0","Finish","0",1,"","aTEXlaIOtKuRSBKMEusm",3,"e3",1,3,"nonVeridical","2"
"2627","c3","10/6/21 15:58","three_pos_8_4_0_12.csv",0,7,"10/6/21 16:05","0","Finish","0",1,"","aTEXlaIOtKuRSBKMEusm",3,"e3",3,3,"veridical","0"
"2628","c2","10/6/21 15:58","three_pos_8_4_0_12.csv",0,5,"10/6/21 16:05","0","Finish","0",1,"","aTEXlaIOtKuRSBKMEusm",3,"e3",2,3,"nonVeridical","1"
"2629","c3","10/6/21 16:12","three_pos_8_4_0_12.csv",0,8,"10/6/21 16:23","0","Finish","0",1,"","1jlAhEbS2Zo6i8ffbkwY",2,"e1",3,1,"nonVeridical","0"
"2630","c1","10/6/21 16:12","three_pos_8_4_0_12.csv",0,3,"10/6/21 16:23","0","Finish","0",1,"","1jlAhEbS2Zo6i8ffbkwY",2,"e1",1,1,"veridical","2"
"2631","c2","10/6/21 16:12","three_pos_8_4_0_12.csv",0,3,"10/6/21 16:23","0","Finish","0",1,"","1jlAhEbS2Zo6i8ffbkwY",2,"e1",2,1,"nonVeridical","1"
"2632","c3","10/6/21 16:12","three_pos_8_4_0_12.csv",0,4,"10/6/21 16:23","0","Finish","0",1,"","1jlAhEbS2Zo6i8ffbkwY",2,"e2",3,2,"nonVeridical","0"
"2633","c1","10/6/21 16:12","three_pos_8_4_0_12.csv",0,3,"10/6/21 16:23","0","Finish","0",1,"","1jlAhEbS2Zo6i8ffbkwY",2,"e2",1,2,"nonVeridical","2"
"2634","c2","10/6/21 16:12","three_pos_8_4_0_12.csv",0,6,"10/6/21 16:23","0","Finish","0",1,"","1jlAhEbS2Zo6i8ffbkwY",2,"e2",2,2,"veridical","1"
"2635","c3","10/6/21 16:12","three_pos_8_4_0_12.csv",0,4,"10/6/21 16:23","0","Finish","0",1,"","1jlAhEbS2Zo6i8ffbkwY",2,"e3",3,3,"veridical","0"
"2636","c1","10/6/21 16:12","three_pos_8_4_0_12.csv",0,5,"10/6/21 16:23","0","Finish","0",1,"","1jlAhEbS2Zo6i8ffbkwY",2,"e3",1,3,"nonVeridical","2"
"2637","c2","10/6/21 16:12","three_pos_8_4_0_12.csv",0,4,"10/6/21 16:23","0","Finish","0",1,"","1jlAhEbS2Zo6i8ffbkwY",2,"e3",2,3,"nonVeridical","1"
"2638","c2","10/6/21 16:23","three_pos_10_2_0_12.csv",0,2,"10/6/21 16:33","0","Finish","0",1,"","XMgv5suZnIkE5diKMXWa",2,"e1",2,1,"nonVeridical","1"
"2639","c3","10/6/21 16:23","three_pos_10_2_0_12.csv",0,2,"10/6/21 16:33","0","Finish","0",1,"","XMgv5suZnIkE5diKMXWa",2,"e1",3,1,"nonVeridical","0"
"2640","c1","10/6/21 16:23","three_pos_10_2_0_12.csv",0,6,"10/6/21 16:33","0","Finish","0",1,"","XMgv5suZnIkE5diKMXWa",2,"e1",1,1,"veridical","2"
"2641","c2","10/6/21 16:23","three_pos_10_2_0_12.csv",0,9,"10/6/21 16:33","0","Finish","0",1,"","XMgv5suZnIkE5diKMXWa",2,"e2",2,2,"veridical","1"
"2642","c3","10/6/21 16:23","three_pos_10_2_0_12.csv",0,2,"10/6/21 16:33","0","Finish","0",1,"","XMgv5suZnIkE5diKMXWa",2,"e2",3,2,"nonVeridical","0"
"2643","c1","10/6/21 16:23","three_pos_10_2_0_12.csv",0,6,"10/6/21 16:33","0","Finish","0",1,"","XMgv5suZnIkE5diKMXWa",2,"e2",1,2,"nonVeridical","2"
"2644","c2","10/6/21 16:23","three_pos_10_2_0_12.csv",0,2,"10/6/21 16:33","0","Finish","0",1,"","XMgv5suZnIkE5diKMXWa",2,"e3",2,3,"nonVeridical","1"
"2645","c3","10/6/21 16:23","three_pos_10_2_0_12.csv",0,6,"10/6/21 16:33","0","Finish","0",1,"","XMgv5suZnIkE5diKMXWa",2,"e3",3,3,"veridical","0"
"2646","c1","10/6/21 16:23","three_pos_10_2_0_12.csv",0,3,"10/6/21 16:33","0","Finish","0",1,"","XMgv5suZnIkE5diKMXWa",2,"e3",1,3,"nonVeridical","2"
"2647","c1","10/6/21 16:31","three_pos_9_3_3_9.csv",0,3,"10/6/21 16:45","0","Finish","0",1,"","PfRerRWuEgKOebD7ZbkB",3,"e1",1,1,"veridical","2"
"2648","c2","10/6/21 16:31","three_pos_9_3_3_9.csv",0,6,"10/6/21 16:45","0","Finish","0",1,"","PfRerRWuEgKOebD7ZbkB",3,"e1",2,1,"nonVeridical","1"
"2649","c3","10/6/21 16:31","three_pos_9_3_3_9.csv",0,7,"10/6/21 16:45","0","Finish","0",1,"","PfRerRWuEgKOebD7ZbkB",3,"e1",3,1,"nonVeridical","0"
"2650","c1","10/6/21 16:31","three_pos_9_3_3_9.csv",0,8,"10/6/21 16:45","0","Finish","0",1,"","PfRerRWuEgKOebD7ZbkB",3,"e2",1,2,"nonVeridical","2"
"2651","c2","10/6/21 16:31","three_pos_9_3_3_9.csv",0,7,"10/6/21 16:45","0","Finish","0",1,"","PfRerRWuEgKOebD7ZbkB",3,"e2",2,2,"veridical","1"
"2652","c3","10/6/21 16:31","three_pos_9_3_3_9.csv",0,8,"10/6/21 16:45","0","Finish","0",1,"","PfRerRWuEgKOebD7ZbkB",3,"e2",3,2,"nonVeridical","0"
"2653","c1","10/6/21 16:31","three_pos_9_3_3_9.csv",0,1,"10/6/21 16:45","0","Finish","0",1,"","PfRerRWuEgKOebD7ZbkB",3,"e3",1,3,"nonVeridical","2"
"2654","c2","10/6/21 16:31","three_pos_9_3_3_9.csv",0,7,"10/6/21 16:45","0","Finish","0",1,"","PfRerRWuEgKOebD7ZbkB",3,"e3",2,3,"nonVeridical","1"
"2655","c3","10/6/21 16:31","three_pos_9_3_3_9.csv",0,5,"10/6/21 16:45","0","Finish","0",1,"","PfRerRWuEgKOebD7ZbkB",3,"e3",3,3,"veridical","0"
"2656","c3","10/6/21 16:40","three_pos_9_3_3_9.csv",0,3,"10/6/21 16:55","0","Finish","0",1,"","lxbAoAAJ2sWOTFmIxOka",2,"e1",3,1,"nonVeridical","0"
"2657","c1","10/6/21 16:40","three_pos_9_3_3_9.csv",0,6,"10/6/21 16:55","0","Finish","0",1,"","lxbAoAAJ2sWOTFmIxOka",2,"e1",1,1,"veridical","2"
"2658","c2","10/6/21 16:40","three_pos_9_3_3_9.csv",0,3,"10/6/21 16:55","0","Finish","0",1,"","lxbAoAAJ2sWOTFmIxOka",2,"e1",2,1,"nonVeridical","1"
"2659","c3","10/6/21 16:40","three_pos_9_3_3_9.csv",0,2,"10/6/21 16:55","0","Finish","0",1,"","lxbAoAAJ2sWOTFmIxOka",2,"e2",3,2,"nonVeridical","0"
"2660","c1","10/6/21 16:40","three_pos_9_3_3_9.csv",0,3,"10/6/21 16:55","0","Finish","0",1,"","lxbAoAAJ2sWOTFmIxOka",2,"e2",1,2,"nonVeridical","2"
"2661","c2","10/6/21 16:40","three_pos_9_3_3_9.csv",0,7,"10/6/21 16:55","0","Finish","0",1,"","lxbAoAAJ2sWOTFmIxOka",2,"e2",2,2,"veridical","1"
"2662","c3","10/6/21 16:40","three_pos_9_3_3_9.csv",0,6,"10/6/21 16:55","0","Finish","0",1,"","lxbAoAAJ2sWOTFmIxOka",2,"e3",3,3,"veridical","0"
"2663","c1","10/6/21 16:40","three_pos_9_3_3_9.csv",0,3,"10/6/21 16:55","0","Finish","0",1,"","lxbAoAAJ2sWOTFmIxOka",2,"e3",1,3,"nonVeridical","2"
"2664","c2","10/6/21 16:40","three_pos_9_3_3_9.csv",0,3,"10/6/21 16:55","0","Finish","0",1,"","lxbAoAAJ2sWOTFmIxOka",2,"e3",2,3,"nonVeridical","1"
"2665","c2","10/6/21 16:56","three_pos_9_3_3_9.csv",0,6,"10/6/21 17:08","0","Finish","0",1,"","ELhJHzjtJ2A1Fem1vZMP",1,"e1",2,1,"nonVeridical","1"
"2666","c3","10/6/21 16:56","three_pos_9_3_3_9.csv",0,6,"10/6/21 17:08","0","Finish","0",1,"","ELhJHzjtJ2A1Fem1vZMP",1,"e1",3,1,"nonVeridical","0"
"2667","c1","10/6/21 16:56","three_pos_9_3_3_9.csv",0,7,"10/6/21 17:08","0","Finish","0",1,"","ELhJHzjtJ2A1Fem1vZMP",1,"e1",1,1,"veridical","2"
"2668","c2","10/6/21 16:56","three_pos_9_3_3_9.csv",0,6,"10/6/21 17:08","0","Finish","0",1,"","ELhJHzjtJ2A1Fem1vZMP",1,"e2",2,2,"veridical","1"
"2669","c3","10/6/21 16:56","three_pos_9_3_3_9.csv",0,2,"10/6/21 17:08","0","Finish","0",1,"","ELhJHzjtJ2A1Fem1vZMP",1,"e2",3,2,"nonVeridical","0"
"2670","c1","10/6/21 16:56","three_pos_9_3_3_9.csv",0,3,"10/6/21 17:08","0","Finish","0",1,"","ELhJHzjtJ2A1Fem1vZMP",1,"e2",1,2,"nonVeridical","2"
"2671","c2","10/6/21 16:56","three_pos_9_3_3_9.csv",0,8,"10/6/21 17:08","0","Finish","0",1,"","ELhJHzjtJ2A1Fem1vZMP",1,"e3",2,3,"nonVeridical","1"
"2672","c3","10/6/21 16:56","three_pos_9_3_3_9.csv",0,4,"10/6/21 17:08","0","Finish","0",1,"","ELhJHzjtJ2A1Fem1vZMP",1,"e3",3,3,"veridical","0"
"2673","c1","10/6/21 16:56","three_pos_9_3_3_9.csv",0,6,"10/6/21 17:08","0","Finish","0",1,"","ELhJHzjtJ2A1Fem1vZMP",1,"e3",1,3,"nonVeridical","2"
"2674","c1","10/6/21 17:42","three_pos_8_4_0_12.csv",0,2,"10/6/21 17:52","0","Finish","0",0,"","pOWOoOFb9l0StT8ki9pR",3,"e1",1,1,"veridical","2"
"2675","c3","10/6/21 17:42","three_pos_8_4_0_12.csv",0,2,"10/6/21 17:52","0","Finish","0",0,"","pOWOoOFb9l0StT8ki9pR",3,"e1",3,1,"nonVeridical","0"
"2676","c2","10/6/21 17:42","three_pos_8_4_0_12.csv",0,2,"10/6/21 17:52","0","Finish","0",0,"","pOWOoOFb9l0StT8ki9pR",3,"e1",2,1,"nonVeridical","1"
"2677","c1","10/6/21 17:42","three_pos_8_4_0_12.csv",0,7,"10/6/21 17:52","0","Finish","0",0,"","pOWOoOFb9l0StT8ki9pR",3,"e2",1,2,"nonVeridical","2"
"2678","c3","10/6/21 17:42","three_pos_8_4_0_12.csv",0,7,"10/6/21 17:52","0","Finish","0",0,"","pOWOoOFb9l0StT8ki9pR",3,"e2",3,2,"nonVeridical","0"
"2679","c2","10/6/21 17:42","three_pos_8_4_0_12.csv",0,9,"10/6/21 17:52","0","Finish","0",0,"","pOWOoOFb9l0StT8ki9pR",3,"e2",2,2,"veridical","1"
"2680","c1","10/6/21 17:42","three_pos_8_4_0_12.csv",0,6,"10/6/21 17:52","0","Finish","0",0,"","pOWOoOFb9l0StT8ki9pR",3,"e3",1,3,"nonVeridical","2"
"2681","c3","10/6/21 17:42","three_pos_8_4_0_12.csv",0,5,"10/6/21 17:52","0","Finish","0",0,"","pOWOoOFb9l0StT8ki9pR",3,"e3",3,3,"veridical","0"
"2682","c2","10/6/21 17:42","three_pos_8_4_0_12.csv",0,8,"10/6/21 17:52","0","Finish","0",0,"","pOWOoOFb9l0StT8ki9pR",3,"e3",2,3,"nonVeridical","1"
"2683","c1","10/6/21 19:18","three_pos_10_2_0_12.csv",0,7,"10/6/21 19:42","0","Finish","0",1,"","yxsoY1EyBSc75FrW6ZG6",1,"e1",1,1,"veridical","2"
"2684","c3","10/6/21 19:18","three_pos_10_2_0_12.csv",0,9,"10/6/21 19:42","0","Finish","0",1,"","yxsoY1EyBSc75FrW6ZG6",1,"e1",3,1,"nonVeridical","0"
"2685","c2","10/6/21 19:18","three_pos_10_2_0_12.csv",0,8,"10/6/21 19:42","0","Finish","0",1,"","yxsoY1EyBSc75FrW6ZG6",1,"e1",2,1,"nonVeridical","1"
"2686","c1","10/6/21 19:18","three_pos_10_2_0_12.csv",0,8,"10/6/21 19:42","0","Finish","0",1,"","yxsoY1EyBSc75FrW6ZG6",1,"e2",1,2,"nonVeridical","2"
"2687","c3","10/6/21 19:18","three_pos_10_2_0_12.csv",0,7,"10/6/21 19:42","0","Finish","0",1,"","yxsoY1EyBSc75FrW6ZG6",1,"e2",3,2,"nonVeridical","0"
"2688","c2","10/6/21 19:18","three_pos_10_2_0_12.csv",0,7,"10/6/21 19:42","0","Finish","0",1,"","yxsoY1EyBSc75FrW6ZG6",1,"e2",2,2,"veridical","1"
"2689","c1","10/6/21 19:18","three_pos_10_2_0_12.csv",0,6,"10/6/21 19:42","0","Finish","0",1,"","yxsoY1EyBSc75FrW6ZG6",1,"e3",1,3,"nonVeridical","2"
"2690","c3","10/6/21 19:18","three_pos_10_2_0_12.csv",0,7,"10/6/21 19:42","0","Finish","0",1,"","yxsoY1EyBSc75FrW6ZG6",1,"e3",3,3,"veridical","0"
"2691","c2","10/6/21 19:18","three_pos_10_2_0_12.csv",0,8,"10/6/21 19:42","0","Finish","0",1,"","yxsoY1EyBSc75FrW6ZG6",1,"e3",2,3,"nonVeridical","1"
